<?xml version="1.0" encoding="UTF-8"?>
<root><dashizhenyan id="0" name="紫微"><dizhi id="0"><content id="1">您的一生常得长辈和贵人相助，较为长寿，为人热心公益，品德高尚，深得大众尊敬。/n较主观，幻想多，会有孤独感，有宗教缘。/n终身福厚，富贵安然，即使命宫不吉也受人尊崇。</content><content id="2">您的一生常得长辈和贵人相助，为人热心公益，品德高尚，深得大众尊敬。/n但性格过刚，助长主观，易因主观而遭挫折，主张不易被他人理解，从而增加孤独烦恼和困扰。</content></dizhi><dizhi id="1"><content id="1">您的一生常得长辈和贵人相助，较为长寿，为人热心公益，品德高尚，深得大众尊敬。/n具有极强的创造能力，但凡事亲恭，早年会较劳心劳力，但晚年会得安定享福。</content><content id="2">您的一生常得长辈和贵人相助，较为长寿，为人热心公益，品德高尚，深得大众尊敬。/n但凡事自我陶醉，主观固执，不信任别人，一生福浅，辛劳无功，思虑太过，困扰很大。</content></dizhi><dizhi id="2"><content id="1">您的一生常得长辈和贵人相助，较为长寿，热心公益、交游，朋友多，得众人敬爱与信赖。/n终生福厚，安乐享受，身心安宁,胸襟广阔。/n生性乐观，讲够享受，豪华气派，随心所欲，无忧无虑。</content><content id="2">您的一生常得长辈和贵人相助，较为长寿，热心公益、交游，朋友多，得众人敬爱与信赖。/n但过于操劳，易烦躁不安，做事迟疑不决。/n常为财而辛劳，虽富贵但较自私吝啬。</content></dizhi><dizhi id="3"><content id="1">您的一生常得长辈和贵人相助，较为长寿，为人热心公益，品德高尚，深得大众尊敬。/n但较主观，或风流好色；或淫荡。/n虽早年生活较坎坷，但晚年福份较好，能获得享乐，生活安定。</content><content id="2">您的一生常得长辈和贵人相助，为人热心公益，品德高尚，深得大众尊敬。/n但福分较浅，或易为财奔波劳碌，生活难获安宁，或自私自利。/n或以产生淫欲，易因色欲伤身，或嗜好高雅，思想活泼新潮。</content></dizhi><dizhi id="4"><content id="1">您的一生常得长辈和贵人相助，较为长寿，为人热心公益，品德高尚，深得大众尊敬。/n身心安逸快乐，福禄寿全，胸襟宽广。/n生性乐观，讲够享受，豪华气派，随心所欲，无忧无虑。</content><content id="2">您的一生常得长辈和贵人相助，较为长寿，为人热心公益，品德高尚，深得大众尊敬。/n但生活较劳心劳力，容易产生苦恼。</content></dizhi><dizhi id="5"><content id="1">您的一生常得长辈和贵人相助，较为长寿，为人热心公益，品德高尚，深得大众尊敬。/n性情较刚烈，主观霸道，有着高远的理想，但易为不达理想而烦恼。/n您早年的生活会较辛劳，但中晚年福分较好，生活较安逸。/n虽能听取别人的意见，但又有强烈的支配欲。</content><content id="2">您的性格比较暴躁，为人较鲁莽粗俗，主观霸道。/n或一生辛劳不安，或有着高远的理想，但常为不达理想而烦恼。</content></dizhi><dizhi id="6"><content id="1">您的一生常得长辈和贵人相助，较为长寿，为人热心公益，品德高尚，深得大众尊敬。/n较主观，幻想多，会有孤独感，有宗教缘。/n终身福厚，富贵安然，即使命宫不吉也受人尊崇。</content><content id="2">您的一生常得长辈和贵人相助，为人热心公益，品德高尚，深得大众尊敬。/n但性格过刚，助长主观，易因主观而遭挫折，主张不易被他人理解，从而增加孤独烦恼和困扰。</content></dizhi><dizhi id="7"><content id="1">您的一生常得长辈和贵人相助，较为长寿，为人热心公益，品德高尚，深得大众尊敬。/n具有极强的创造能力，但凡事亲恭，早年会较劳心劳力，但晚年会得安定享福。</content><content id="2">您的一生常得长辈和贵人相助，较为长寿，为人热心公益，品德高尚，深得大众尊敬。/n但凡事自我陶醉，主观固执，不信任别人，一生福浅，辛劳无功，思虑太过，困扰很大。</content></dizhi><dizhi id="8"><content id="1">您的一生常得长辈和贵人相助，较为长寿，热心公益、交游，朋友多，得众人敬爱与信赖。/n终生福厚，安乐享受，身心安宁,胸襟广阔。/n生性乐观，讲够享受，豪华气派，随心所欲，无忧无虑。</content><content id="2">您的一生常得长辈和贵人相助，较为长寿，热心公益、交游，朋友多，得众人敬爱与信赖。/n但过于操劳，易烦躁不安，做事迟疑不决。/n常为财而辛劳，虽富贵但较自私吝啬。</content></dizhi><dizhi id="9"><content id="1">您的一生常得长辈和贵人相助，较为长寿，为人热心公益，品德高尚，深得大众尊敬。/n但较主观，或风流好色；或淫荡。/n虽早年生活较坎坷，但晚年福份较好，能获得享乐，生活安定。</content><content id="2">您的一生常得长辈和贵人相助，为人热心公益，品德高尚，深得大众尊敬。/n但福分较浅，或易为财奔波劳碌，生活难获安宁，或自私自利。/n或以产生淫欲，易因色欲伤身，或嗜好高雅，思想活泼新潮。</content></dizhi><dizhi id="10"><content id="1">您的一生常得长辈和贵人相助，较为长寿，为人热心公益，品德高尚，深得大众尊敬。/n身心安逸快乐，福禄寿全，胸襟宽广。/n生性乐观，讲够享受，豪华气派，随心所欲，无忧无虑。</content><content id="2">您的一生常得长辈和贵人相助，较为长寿，为人热心公益，品德高尚，深得大众尊敬。/n但生活较劳心劳力，容易产生苦恼。</content></dizhi><dizhi id="11"><content id="1">您的一生常得长辈和贵人相助，较为长寿，为人热心公益，品德高尚，深得大众尊敬。/n性情较刚烈，主观霸道，有着高远的理想，但易为不达理想而烦恼。/n您早年的生活会较辛劳，但中晚年福分较好，生活较安逸。/n虽能听取别人的意见，但又有强烈的支配欲。</content><content id="2">您的性格比较暴躁，为人较鲁莽粗俗，主观霸道。/n或一生辛劳不安，或有着高远的理想，但常为不达理想而烦恼。</content></dizhi></dashizhenyan><dashizhenyan id="1" name="天机"><dizhi id="0"><content id="1">您的一生多思多虑，多心机，较为操心辛劳，动荡，不得安闲，先苦后甜，能自寻享受，中晚年福分好，享受安乐。/n为人较温柔，衣着随便，做事稍欠周密，患得患失。/n分析能力较强，多才多学，能增才智福寿，减少辛劳，增福寿。</content><content id="2">您的一生多思多虑，多心机，较为操心辛劳，动荡，不得安闲，先苦后甜，能自寻享受，中晚年福分好，享受安乐。/n为人较温柔，衣着随便，做事稍欠周密，患得患失。/n易自找麻烦，劳心费神，从而减福寿。</content></dizhi><dizhi id="1"><content id="1">您的一生多思多虑，多心机，较为操心辛劳，动荡，不得安闲，先苦后甜，能自寻享受，中晚年福分好，享受安乐。/n为人较温柔，衣着随便，做事稍欠周密，易思虑过度，患得患失。/n虽心思烦乱，但生活安稳。</content><content id="2">您的一生多思多虑，多心机，一生操心辛劳，生活动荡，奔波不安，不得安闲，先苦后甜，能自寻享受，中晚年福分较好。/n为人较温柔，衣着随便，做事稍欠周密，易思虑过度，患得患失，易心烦而奔波不安。</content></dizhi><dizhi id="2"><content id="1">您温和善良，富研究心，对文学、艺术、五术均有兴趣。/n分析能力强，多辩才，多思多虑。/n虽有福禄而不能安闲地亨福，心忙意乱，喜闹中取乐，以操劳为乐。但能愉快地度过一生。</content><content id="2">您的一生多思多虑，多心机，容易操心辛劳，生活动荡，奔波不安，不得安闲。/n或易因过度思虑而产生很多烦恼，或易有不良嗜好，诡计多端。</content></dizhi><dizhi id="3"><content id="1">您的一生多劳心劳力，动荡多变，但为人灵活机敏，分析力强，有辩才，辛勤努力。/n易唠叨，骄傲，中途易改变主张，或半途而废，或生追悔之心。/n若思虑适度，可得安乐。</content><content id="2">您的一生多思多虑，不得安宁，福薄心烦，自找麻烦，杞人忧天，困扰多，是非纠纷多，身心都劳，易得神经衰弱。/n多劳心、易产生是非纠纷，枉费心机，钻牛角尖，做事多反悔，因而人际关系差。</content></dizhi><dizhi id="4"><content id="1">您具有很强的分析能力，机敏有谋，喜爱悠闲和享受，较有福禄，一生能过安乐的日子。/n为人较温柔，衣着随便，心地善良，但做事稍欠周密，易患得患失。/n兴趣广泛，求知欲强，但多学而不精。</content><content id="2">您具有很强的分析能力，机敏有谋。/n为人较温柔，衣着随便，心地善良，但做事稍欠周密，易患得患失。/n兴趣广泛，求知欲强，但多学而不精。/n易烦躁不安，自寻烦恼，多辛劳操心，容易失眠，或易产生消极。</content></dizhi><dizhi id="5"><content id="1">您的一生多思多虑，多心机，较为操心辛劳，动荡，不得安闲，先苦后甜，能自寻享受，早年较辛劳，晚年安乐。/n为人较温柔，衣着随便，做事稍欠周密，患得患失。/n聪明机敏，虽好学却博而不精，能增福寿。</content><content id="2">您的一生多思多虑，多心机，较为操心辛劳，动荡，不得安闲。/n一生多辛劳，容易自找麻烦，杞人忧天，徒增辛劳，劳碌而无功。</content></dizhi><dizhi id="6"><content id="1">您的一生多思多虑，多心机，较为操心辛劳，动荡，不得安闲，先苦后甜，能自寻享受，中晚年福分好，享受安乐。/n为人较温柔，衣着随便，做事稍欠周密，患得患失。/n分析能力较强，多才多学，能增才智福寿，减少辛劳，增福寿。</content><content id="2">您的一生多思多虑，多心机，较为操心辛劳，动荡，不得安闲，先苦后甜，能自寻享受，中晚年福分好，享受安乐。/n为人较温柔，衣着随便，做事稍欠周密，患得患失。/n易自找麻烦，劳心费神，从而减福寿。</content></dizhi><dizhi id="7"><content id="1">您的一生多思多虑，多心机，较为操心辛劳，动荡，不得安闲，先苦后甜，能自寻享受，中晚年福分好，享受安乐。/n为人较温柔，衣着随便，做事稍欠周密，易思虑过度，患得患失。/n虽心思烦乱，但生活安稳。</content><content id="2">您的一生多思多虑，多心机，一生操心辛劳，生活动荡，奔波不安，不得安闲，先苦后甜，能自寻享受，中晚年福分较好。/n为人较温柔，衣着随便，做事稍欠周密，易思虑过度，患得患失，易心烦而奔波不安。</content></dizhi><dizhi id="8"><content id="1">您温和善良，富研究心，对文学、艺术、五术均有兴趣。/n分析能力强，多辩才，多思多虑。/n虽有福禄而不能安闲地亨福，心忙意乱，喜闹中取乐，以操劳为乐。但能愉快地度过一生。</content><content id="2">您的一生多思多虑，多心机，容易操心辛劳，生活动荡，奔波不安，不得安闲。/n或易因过度思虑而产生很多烦恼，或易有不良嗜好，诡计多端。</content></dizhi><dizhi id="9"><content id="1">您的一生多劳心劳力，动荡多变，但为人灵活机敏，分析力强，有辩才，辛勤努力。/n易唠叨，骄傲，中途易改变主张，或半途而废，或生追悔之心。/n若思虑适度，可得安乐。</content><content id="2">您的一生多思多虑，不得安宁，福薄心烦，自找麻烦，杞人忧天，困扰多，是非纠纷多，身心都劳，易得神经衰弱。/n多劳心、易产生是非纠纷，枉费心机，钻牛角尖，做事多反悔，因而人际关系差。</content></dizhi><dizhi id="10"><content id="1">您具有很强的分析能力，机敏有谋，喜爱悠闲和享受，较有福禄，一生能过安乐的日子。/n为人较温柔，衣着随便，心地善良，但做事稍欠周密，易患得患失。/n兴趣广泛，求知欲强，但多学而不精。</content><content id="2">您具有很强的分析能力，机敏有谋。/n为人较温柔，衣着随便，心地善良，但做事稍欠周密，易患得患失。/n兴趣广泛，求知欲强，但多学而不精。/n易烦躁不安，自寻烦恼，多辛劳操心，容易失眠，或易产生消极。</content></dizhi><dizhi id="11"><content id="1">您的一生多思多虑，多心机，较为操心辛劳，动荡，不得安闲，先苦后甜，能自寻享受，早年较辛劳，晚年安乐。/n为人较温柔，衣着随便，做事稍欠周密，患得患失。/n聪明机敏，虽好学却博而不精，能增福寿。</content><content id="2">您的一生多思多虑，多心机，较为操心辛劳，动荡，不得安闲。/n一生多辛劳，容易自找麻烦，杞人忧天，徒增辛劳，劳碌而无功。</content></dizhi></dashizhenyan><dashizhenyan id="2" name="太阳"><dizhi id="0"><content id="1">您是一个性格较急躁，开朗豪爽的人。/n自尊心和虚荣心强，重名誉，喜动不喜静，勤劳，忙碌，喜社交。/n您的一生虽较为劳碌，但能从劳碌中获益。/n易招惹是非，烦躁不安；夜晚出生的人更容易多忧多虑，自寻忙碌和烦恼。</content><content id="2">您是一个性格较急躁，开朗豪爽的人。/n具有很强的自尊心和虚荣心，重名誉，喜动不喜静，勤劳，忙碌，喜社交。/n您的一生或辛劳而无福，或诸事难遂，烦忧不安，悲观自卑，或福寿较薄，难以得到父亲的庇荫，或父亲本人易遭遇病灾。</content></dizhi><dizhi id="1"><content id="1">您是一个性格较急躁，开朗豪爽的人。/n自尊心和虚荣心强，重名誉，喜动不喜静，勤劳，忙碌，喜社交。/n您的一生虽较为劳碌，但能从劳碌中获益。/n易招惹是非，烦躁不安；夜晚出生的人更容易多忧多虑，自寻忙碌和烦恼。</content><content id="2">您是一个性格较急躁，开朗豪爽的人。/n具有很强的自尊心和虚荣心，重名誉，喜动不喜静，勤劳，忙碌，喜社交。/n您的一生或辛劳而无福，或诸事难遂，烦忧不安，悲观自卑，或福寿较薄，难以得到父亲的庇荫，或父亲本人易遭遇病灾。</content></dizhi><dizhi id="2"><content id="1">您是一个性格较急躁，开朗豪爽、不拘小节的人。/n自尊心和虚荣心强，重名誉，喜动不喜静，勤劳，忙碌，喜社交。/n劳心劳力而不得安闲，生活不安定，凡事亲为，多是非烦恼。/n年青时艰辛，很拼命干，中年后工作比较安定和轻松。</content><content id="2">您是一个性格较急躁，开朗豪爽、不拘小节的人。/n自尊心和虚荣心强，重名誉，喜动不喜静，勤劳，忙碌，喜社交。/n您不太适合从事公职，一生劳而无福，且过着无味的生活，或易招误会纠纷，或易因波折而自卑，或易因凡事亲为而招人埋怨。</content></dizhi><dizhi id="3"><content id="1">您是一位性格较急躁、有名士风度，喜悠闲生活的人，喜欢自寻忙碌，并从中收获快乐。/n虽自尊心强且食古不化，但福分厚，一生可安逸度过。见昌曲科星，聪明才智，好思考问题而劳心不宁。</content><content id="2">您是一个性格较急躁，开朗豪爽的人。/n自尊心和虚荣心强，重名誉，喜动不喜静，勤劳，忙碌，喜社交。/n但福分较为浅薄，或易过着无味的生活，辛劳而难成，或易有自卑感。见空劫，空想太多，更悲观。适合从事幕后策划或副职工作，强出头必招怨谤而增烦恼。</content></dizhi><dizhi id="4"><content id="1">您是一个性格较急躁，开朗豪爽、不拘小节的人。/n自尊心和虚荣心强，重名誉，喜动不喜静，勤劳，忙碌，喜社交。/n一生较忙禄，但劳而获福，财源旺，易得贵人相助，有福寿和富贵，生活充满活力。/n您若为女性，那么你的婚姻会较美满，易收获幸福。</content><content id="2">您是一个性格较急躁，开朗豪爽的人。/n自尊心和虚荣心强，重名誉，喜动不喜静，勤劳，忙碌，喜社交。/n但您的一生或较奔波劳碌，身心不得安宁，或做事容易受到阻碍而难以成功，易招人误会，或一生过着无味的生活。</content></dizhi><dizhi id="5"><content id="1">您是一个性格较急躁，开朗豪爽、不拘小节的人。/n自尊心和虚荣心强，重名誉，喜动不喜静，勤劳，忙碌，喜社交。/n一生较忙禄，但劳而获福，财源旺，易得贵人相助，有福寿和富贵，生活充满活力。/n您若为女性，那么你的婚姻会较美满，易收获幸福。</content><content id="2">您是一个性格较急躁，开朗豪爽的人。/n自尊心和虚荣心强，重名誉，喜动不喜静，勤劳，忙碌，喜社交。/n但您的一生或较奔波劳碌，身心不得安宁，或做事容易受到阻碍而难以成功，易招人误会，或一生过着无味的生活。</content></dizhi><dizhi id="6"><content id="1">您是一个性格较急躁，开朗豪爽、不拘小节的人。/n自尊心和虚荣心强，重名誉，喜动不喜静，勤劳，忙碌，喜社交。/n一生较忙禄，但劳而获福，财源旺，易得贵人相助，有福寿和富贵，生活充满活力。/n您若为女性，那么你的婚姻会较美满，易收获幸福。</content><content id="2">您是一个性格较急躁，开朗豪爽的人。/n自尊心和虚荣心强，重名誉，喜动不喜静，勤劳，忙碌，喜社交。/n但您的一生或较奔波劳碌，身心不得安宁，或做事容易受到阻碍而难以成功，易招人误会，或一生过着无味的生活。</content></dizhi><dizhi id="7"><content id="1">您是一个性格较急躁，开朗豪爽的人。/n自尊心和虚荣心强，重名誉，喜动不喜静，勤劳，忙碌，喜社交。/n您的一生虽较为劳碌，但能从劳碌中获益。/n易招惹是非，烦躁不安；夜晚出生的人更容易多忧多虑，自寻忙碌和烦恼。</content><content id="2">您是一个性格较急躁，开朗豪爽的人。/n具有很强的自尊心和虚荣心，重名誉，喜动不喜静，勤劳，忙碌，喜社交。/n您的一生或辛劳而无福，或诸事难遂，烦忧不安，悲观自卑，或福寿较薄，难以得到父亲的庇荫，或父亲本人易遭遇病灾。</content></dizhi><dizhi id="8"><content id="1">您是一个性格较急躁，开朗豪爽、不拘小节的人。/n自尊心和虚荣心强，重名誉，喜动不喜静，勤劳，忙碌，喜社交。/n劳心劳力而不得安闲，生活不安定，凡事亲为，多是非烦恼。/n年青时艰辛，很拼命干，中年后工作比较安定和轻松。</content><content id="2">您是一个性格较急躁，开朗豪爽、不拘小节的人。/n自尊心和虚荣心强，重名誉，喜动不喜静，勤劳，忙碌，喜社交。/n您不太适合从事公职，一生劳而无福，且过着无味的生活，或易招误会纠纷，或易因波折而自卑，或易因凡事亲为而招人埋怨。</content></dizhi><dizhi id="9"><content id="1">您是一位性格较急躁、有名士风度，喜悠闲生活的人，喜欢自寻忙碌，并从中收获快乐。/n虽自尊心强且食古不化，但福分厚，一生可安逸度过。见昌曲科星，聪明才智，好思考问题而劳心不宁。</content><content id="2">您是一个性格较急躁，开朗豪爽的人。/n自尊心和虚荣心强，重名誉，喜动不喜静，勤劳，忙碌，喜社交。/n但福分较为浅薄，或易过着无味的生活，辛劳而难成，或易有自卑感。见空劫，空想太多，更悲观。适合从事幕后策划或副职工作，强出头必招怨谤而增烦恼。</content></dizhi><dizhi id="10"><content id="1">您是一个性格较急躁，开朗豪爽的人。/n自尊心和虚荣心强，重名誉，喜动不喜静，勤劳，忙碌，喜社交。/n您的一生虽较为劳碌，但能从劳碌中获益。/n易招惹是非，烦躁不安；夜晚出生的人更容易多忧多虑，自寻忙碌和烦恼。</content><content id="2">您是一个性格较急躁，开朗豪爽的人。/n具有很强的自尊心和虚荣心，重名誉，喜动不喜静，勤劳，忙碌，喜社交。/n您的一生或辛劳而无福，或诸事难遂，烦忧不安，悲观自卑，或福寿较薄，难以得到父亲的庇荫，或父亲本人易遭遇病灾。</content></dizhi><dizhi id="11"><content id="1">您是一个性格较急躁，开朗豪爽的人。/n自尊心和虚荣心强，重名誉，喜动不喜静，勤劳，忙碌，喜社交。/n您的一生虽较为劳碌，但能从劳碌中获益。/n易招惹是非，烦躁不安；夜晚出生的人更容易多忧多虑，自寻忙碌和烦恼。</content><content id="2">您是一个性格较急躁，开朗豪爽的人。/n具有很强的自尊心和虚荣心，重名誉，喜动不喜静，勤劳，忙碌，喜社交。/n您的一生或辛劳而无福，或诸事难遂，烦忧不安，悲观自卑，或福寿较薄，难以得到父亲的庇荫，或父亲本人易遭遇病灾。</content></dizhi></dashizhenyan><dashizhenyan id="3" name="武曲"><dizhi id="0"><content id="1">您的一生虽易为追求钱财而操心劳碌，但心境祥和，勤劳俭朴。/n虽会赚钱但不会享受，以事业奔忙为荣，晚年发达。/n您较重感情，福禄寿齐备，但易冲动行事，性子较急、做事易欠思虑、是较固执之人。</content><content id="2">您的一生为追求钱财而操心劳碌，勤劳俭朴，会赚钱但不会享受，以事业奔忙为荣，一生先苦后甜，晚年发达。/n您较重感情，易冲动行事，性子比较急，做事易欠思虑，固执之人。/n做事易主观且容易产生忧虑，不利于身体健康。</content></dizhi><dizhi id="1"><content id="1">您一生易为追求钱财而操心劳碌，早年较为辛劳劳碌，晚年较有福。/n重感情，为人较为固执，或易冲动行事，欠思虑。/n意外财源好,较会追求享乐，注重当前的物质享受，或嗜好酒色，易产生感情事非。</content><content id="2">您的一生易为追求钱财而操心劳碌，多忧少乐。/n重感情，为人较为固执，或易冲动行事，欠思虑。/n意外财源好，较会追求享乐，注重当前的物质享受，福禄较少。/n或多应酬之乐，或易染上不良嗜好，贪恋酒色，或见桃花，为色情而操心。</content></dizhi><dizhi id="2"><content id="1">您的一生易为追求钱财而操心劳碌，勤劳俭朴，懂得忙中取乐，以事业奔忙为荣，早年较辛劳，中晚年福厚，安康福寿，但多好色情。/n重感情，易冲动行事，性子较急，做事易欠思虑,为人较固执。/n为人较有主见，善于抓住并掌握机遇。</content><content id="2">您的一生易为追求钱财而操心劳碌，勤劳俭朴，劳心费神，生活难以获得安定。/n注重感情，但易冲动行事，性子较急，做事易欠思虑,为人较固执。/n易产生不切实际的想法，做事缺少主见，容易随波逐流。</content></dizhi><dizhi id="3"><content id="1">您的一生易为追求钱财而操心劳碌，勤劳俭朴，多忧少乐。/n生活虽多变不安，独力经营，身心不得安闲，但能以忙为乐，先苦后甜，晚年得以安定。/n重感情，为人较为固执，或易冲动行事，欠思虑,或易生病，福分较浅。</content><content id="2">您的一生易为追求钱财而操心劳碌，勤劳俭朴，多忧少乐。/n生活虽多变不安，独力经营，身心不得安闲，但能以忙为乐，先苦后甜，晚年得以安定。/n重感情，为人较为固执，或易冲动行事，欠思虑,或易遭受疾病和灾难，福分较浅。</content></dizhi><dizhi id="4"><content id="1">您的一生虽易为追求钱财而奔波劳碌，但一生不用为衣食烦忧。/n勤劳俭朴，福寿双全，具备良好的赚钱能力，以事业奔忙为荣，中年后得以安乐享福，生活富裕快乐，多物质享受。/n易冲动行事，性子比较急，多学多才，处事明快，但较自私。</content><content id="2">您的一生易为追求钱财而操心劳碌，勤劳俭朴，以事业奔忙为荣，晚年发达。/n较重感情，易冲动行事，急性子、做事易欠思虑、为人比较固执。/n福寿较薄，较难得到安宁的生活，或易贪恋酒色，或可能会犯桃花。</content></dizhi><dizhi id="5"><content id="1">您的一生易为追求钱财而操心劳碌，勤劳俭朴，一生忧多于乐，早年较为劳碌奔波，晚年福分较好，不会注重追求物质享受。/n重感情，为人较为固执，或易冲动行事，欠思虑。/n做事有效率，对辣手问题有独到的见解，往往能打开局面，但缺少明确的理想和目标，做事信念不够坚定。</content><content id="2">您的一生易为追求钱财而操心劳碌，勤劳俭朴，一生忧多于乐，奔波劳累，不会注重追求物质享受。/n重感情，为人较为固执，或易冲动行事，欠思虑。/n或无明确的理想和目标，易改变主意，或易喜怒无常和遭受烦恼伤病。</content></dizhi><dizhi id="6"><content id="1">您的一生虽易为追求钱财而操心劳碌，但心境祥和，勤劳俭朴。/n虽会赚钱但不会享受，以事业奔忙为荣，晚年发达。/n您较重感情，福禄寿齐备，但易冲动行事，性子较急、做事易欠思虑、是较固执之人。</content><content id="2">您的一生为追求钱财而操心劳碌，勤劳俭朴，会赚钱但不会享受，以事业奔忙为荣，一生先苦后甜，晚年发达。/n您较重感情，易冲动行事，性子比较急，做事易欠思虑，固执之人。/n做事易主观且容易产生忧虑，不利于身体健康。</content></dizhi><dizhi id="7"><content id="1">您一生易为追求钱财而操心劳碌，早年较为辛劳劳碌，晚年较有福。/n重感情，为人较为固执，或易冲动行事，欠思虑。/n意外财源好,较会追求享乐，注重当前的物质享受，或嗜好酒色，易产生感情事非。</content><content id="2">您的一生易为追求钱财而操心劳碌，多忧少乐。/n重感情，为人较为固执，或易冲动行事，欠思虑。/n意外财源好，较会追求享乐，注重当前的物质享受，福禄较少。/n或多应酬之乐，或易染上不良嗜好，贪恋酒色，或见桃花，为色情而操心。</content></dizhi><dizhi id="8"><content id="1">您的一生易为追求钱财而操心劳碌，勤劳俭朴，懂得忙中取乐，以事业奔忙为荣，早年较辛劳，中晚年福厚，安康福寿，但多好色情。/n重感情，易冲动行事，性子较急，做事易欠思虑,为人较固执。/n为人较有主见，善于抓住并掌握机遇。</content><content id="2">您的一生易为追求钱财而操心劳碌，勤劳俭朴，劳心费神，生活难以获得安定。/n注重感情，但易冲动行事，性子较急，做事易欠思虑,为人较固执。/n易产生不切实际的想法，做事缺少主见，容易随波逐流。</content></dizhi><dizhi id="9"><content id="1">您的一生易为追求钱财而操心劳碌，勤劳俭朴，多忧少乐。/n生活虽多变不安，独力经营，身心不得安闲，但能以忙为乐，先苦后甜，晚年得以安定。/n重感情，为人较为固执，或易冲动行事，欠思虑,或易生病，福分较浅。</content><content id="2">您的一生易为追求钱财而操心劳碌，勤劳俭朴，多忧少乐。/n生活虽多变不安，独力经营，身心不得安闲，但能以忙为乐，先苦后甜，晚年得以安定。/n重感情，为人较为固执，或易冲动行事，欠思虑,或易遭受疾病和灾难，福分较浅。</content></dizhi><dizhi id="10"><content id="1">您的一生虽易为追求钱财而奔波劳碌，但一生不用为衣食烦忧。/n勤劳俭朴，福寿双全，具备良好的赚钱能力，以事业奔忙为荣，中年后得以安乐享福，生活富裕快乐，多物质享受。/n易冲动行事，性子比较急，多学多才，处事明快，但较自私。</content><content id="2">您的一生易为追求钱财而操心劳碌，勤劳俭朴，以事业奔忙为荣，晚年发达。/n较重感情，易冲动行事，急性子、做事易欠思虑、为人比较固执。/n福寿较薄，较难得到安宁的生活，或易贪恋酒色，或可能会犯桃花。</content></dizhi><dizhi id="11"><content id="1">您的一生易为追求钱财而操心劳碌，勤劳俭朴，一生忧多于乐，早年较为劳碌奔波，晚年福分较好，不会注重追求物质享受。/n重感情，为人较为固执，或易冲动行事，欠思虑。/n做事有效率，对辣手问题有独到的见解，往往能打开局面，但缺少明确的理想和目标，做事信念不够坚定。</content><content id="2">您的一生易为追求钱财而操心劳碌，勤劳俭朴，一生忧多于乐，奔波劳累，不会注重追求物质享受。/n重感情，为人较为固执，或易冲动行事，欠思虑。/n或无明确的理想和目标，易改变主意，或易喜怒无常和遭受烦恼伤病。</content></dizhi></dashizhenyan><dashizhenyan id="4" name="天同"><dizhi id="0"><content id="1">您有着老顡童的心性，一生精神愉快，很少生气，懂享受，有生活情趣，物质生活较丰富。/n易得贵人相助，福禄寿齐备，即使不富裕也能知足常乐。/n易因贪图享受而缺少干劲，做事较拖拉，懒散，坐享其成，但懒人有懒福，劳碌事有人代劳，理想高而懒动。/n较懂人情世故，但易受周围意见的扰乱而改变自己的主张，因而易遭到失败，造成烦恼。</content><content id="2">您有着老童颜的心性，一生精神愉快，懂得享受，有生活情趣，但外表看似清闲的您其实内心比较多虑，易无缘无故的惹烦恼。/n较懂人情世故，但易受周围意见的扰乱而改变自己的主张，因而易遭到失败，造成烦恼。/n或会有同性恋的倾向，或易产生自卑。</content></dizhi><dizhi id="1"><content id="1">您有着良好的人际关系，重视享受，但易发生家事财务纷争，忧愁事多，快乐的事少，悲欢起伏大。/n辛劳欠安，易产生口舌是非，易沉溺于苦恋而生内心痛苦。/n较懂人情世故，但易受周围意见的扰乱而改变自己的主张，因而易遭到失败，造成烦恼。/n遇事先不经心，事后即生悔恨，但聪明而心思细密，可安享晚年。</content><content id="2">您有着良好的人际关系，重视享受，但多家事财务纷争，忧愁事多，快乐的事少，悲欢起伏大，辛劳欠安，口舌是非多，易沉溺于苦恋而生内心痛苦；遇事先不经心，事后即生悔恨。/n较懂人情世故，但易受周围意见的扰乱而改变自己的主张，因而易遭到失败，造成烦恼。/n易幻想，常常自寻烦恼从而使内心非常痛苦。</content></dizhi><dizhi id="2"><content id="1">您有着老顡童的心性，一生精神愉快，不易生气，懂享受，有生活情趣，福禄寿全，乐天知命。/n您的生活悠闲快乐，但易贪图享受而缺少进取心。/n较懂人情世故，但有时会缺少主见和决断力，易受周围意见的扰乱而改变自己的主张，因而易遭到失败，造成烦恼。</content><content id="2">您有着老顡童的心性，一生精神愉快，少发气，懂享受，有生活情趣。/n较懂人情世故，但易受周围意见的扰乱而改变自己的主张，因而易遭到失败，造成烦恼。/n有时会缺少主见和决断力，易因太多想法顾虑而徒增忙碌，或一生漂泊不定，不守一业，或性情怪异而偏向旁门左道。</content></dizhi><dizhi id="3"><content id="1">您有着老顡童的心性，一生精神愉快，懂享受，有生活情趣，有艺术气质与追求，知足常乐，终生福厚，百事吉昌。/n但易贪图享受而缺少干劲，做事拖拉，懒散，坐享其成，但懒人有懒福，劳碌事有人代劳，理想高而懒动。/n较懂人情世故，但易受周围意见的扰乱而改变自己的主张，因而易遭到失败，造成烦恼。</content><content id="2">您有着老顡童的心性，一生精神愉快，虽懂享受，但易产生低俗享受或不良嗜好。/n易贪图享受而缺少干劲，做事拖拉，懒散，坐享其成，但懒人有懒福，劳碌事有人代劳，理想高而懒动。/n较懂人情世故，但易受周围意见的扰乱而改变自己的主张，因而易遭到失败，造成烦恼。</content></dizhi><dizhi id="4"><content id="1">您易受财源不足等问题困扰，容易辛劳操心，获得的享受较少，但仍能知足而乐。/n较懂人情世故，但易受周围意见的扰乱而改变自己的主张，因而易遭到失败，造成烦恼。</content><content id="2">您的福分较薄，一生较为贫困，易受财源不足等问题困扰，容易辛劳操心，获得的享受较少。/n较懂人情世故，但易受周围意见的扰乱而改变自己的主张，因而易遭到失败，造成烦恼。</content></dizhi><dizhi id="5"><content id="1">您易受财源不足等问题困扰，容易辛劳操心，获得的享受较少，但仍能知足而乐。/n较懂人情世故，但易受周围意见的扰乱而改变自己的主张，因而易遭到失败，造成烦恼。</content><content id="2">您的福分较薄，一生较为贫困，易受财源不足等问题困扰，容易辛劳操心，获得的享受较少。/n较懂人情世故，但易受周围意见的扰乱而改变自己的主张，因而易遭到失败，造成烦恼。</content></dizhi><dizhi id="6"><content id="1">您有着老顡童的心性，一生精神愉快，很少生气，懂享受，有生活情趣，物质生活较丰富。/n易得贵人相助，福禄寿齐备，即使不富裕也能知足常乐。/n易因贪图享受而缺少干劲，做事较拖拉，懒散，坐享其成，但懒人有懒福，劳碌事有人代劳，理想高而懒动。/n较懂人情世故，但易受周围意见的扰乱而改变自己的主张，因而易遭到失败，造成烦恼。</content><content id="2">您有着老童颜的心性，一生精神愉快，懂得享受，有生活情趣，但外表看似清闲的您其实内心比较多虑，易无缘无故的惹烦恼。/n较懂人情世故，但易受周围意见的扰乱而改变自己的主张，因而易遭到失败，造成烦恼。/n或会有同性恋的倾向，或易产生自卑。</content></dizhi><dizhi id="7"><content id="1">您有着良好的际关系，重视享受，但易发生家事财务纷争，忧愁事多，快乐的事少，悲欢起伏大。/n辛劳欠安，易产生口舌是非，易沉溺于苦恋而生内心痛苦。/n较懂人情世故，但易受周围意见的扰乱而改变自己的主张，因而易遭到失败，造成烦恼。/n遇事先不经心，事后即生悔恨，但聪明而心思细密，可安享晚年。</content><content id="2">您有着良好的人际关系，重视享受，但多家事财务纷争，忧愁事多，快乐的事少，悲欢起伏大，辛劳欠安，口舌是非多，易沉溺于苦恋而生内心痛苦；遇事先不经心，事后即生悔恨。/n较懂人情世故，但易受周围意见的扰乱而改变自己的主张，因而易遭到失败，造成烦恼。/n易幻想，常常自寻烦恼从而使内心非常痛苦。</content></dizhi><dizhi id="8"><content id="1">您有着老顡童的心性，一生精神愉快，不易生气，懂享受，有生活情趣，福禄寿全，乐天知命。/n您的生活悠闲快乐，但易贪图享受而缺少进取心。/n较懂人情世故，但有时会缺少主见和决断力，易受周围意见的扰乱而改变自己的主张，因而易遭到失败，造成烦恼。</content><content id="2">您有着老顡童的心性，一生精神愉快，少发气，懂享受，有生活情趣。/n较懂人情世故，但易受周围意见的扰乱而改变自己的主张，因而易遭到失败，造成烦恼。/n有时会缺少主见和决断力，易因太多想法顾虑而徒增忙碌，或一生漂泊不定，不守一业，或性情怪异而偏向旁门左道。</content></dizhi><dizhi id="9"><content id="1">您易受财源不足等问题困扰，容易辛劳操心，获得的享受较少，但仍能知足而乐。/n较懂人情世故，但易受周围意见的扰乱而改变自己的主张，因而易遭到失败，造成烦恼。</content><content id="2">您的福分较薄，一生较为贫困，易受财源不足等问题困扰，容易辛劳操心，获得的享受较少。/n较懂人情世故，但易受周围意见的扰乱而改变自己的主张，因而易遭到失败，造成烦恼。</content></dizhi><dizhi id="10"><content id="1">您易受财源不足等问题困扰，容易辛劳操心，获得的享受较少，但仍能知足而乐。/n较懂人情世故，但易受周围意见的扰乱而改变自己的主张，因而易遭到失败，造成烦恼。</content><content id="2">您的福分较薄，一生较为贫困，易受财源不足等问题困扰，容易辛劳操心，获得的享受较少。/n较懂人情世故，但易受周围意见的扰乱而改变自己的主张，因而易遭到失败，造成烦恼。</content></dizhi><dizhi id="11"><content id="1">您有着老顡童的心性，一生精神愉快，懂享受，有生活情趣，有艺术气质与追求，知足常乐，终生福厚，百事吉昌。/n但易贪图享受而缺少干劲，做事拖拉，懒散，坐享其成，但懒人有懒福，劳碌事有人代劳，理想高而懒动。/n较懂人情世故，但易受周围意见的扰乱而改变自己的主张，因而易遭到失败，造成烦恼</content><content id="2">您有着老顡童的心性，一生精神愉快，虽懂享受，但易产生低俗享受或不良嗜好。/n易贪图享受而缺少干劲，做事拖拉，懒散，坐享其成，但懒人有懒福，劳碌事有人代劳，理想高而懒动。/n较懂人情世故，但易受周围意见的扰乱而改变自己的主张，因而易遭到失败，造成烦恼。</content></dizhi></dashizhenyan><dashizhenyan id="5" name="廉贞"><dizhi id="0"><content id="1">自己天生劳碌命，性格仁慈宽厚，以忙碌为荣，闲不住，兴趣由忙碌而来，须经艰苦奋斗才能有成就，晚年可享福。/n福寿荣昌，寿多于福，生活自得其乐，幸福愉快。/n关心政治，但虚荣心较强，喜欢交际应酬，较多思虑，表面理智冷静，但内心忙碌，易受冷静与热情矛盾的冲击。</content><content id="2">自己天生劳碌命，一生奔忙烦恼，以忙碌为荣，闲不住，兴趣由忙碌而来，须经艰苦奋斗才能有成就，福寿较少。/n关心政治，但虚荣心较强，喜欢交际应酬，较多思虑，表面理智冷静，但内心忙碌，易受冷静与热情矛盾的冲击。/n或心胸狭窄，或意志低沉卑弱。</content></dizhi><dizhi id="1"><content id="1">自己天生劳碌命，在工作中极易成为工作狂，福禄较少，一生奔波劳碌，终日不闲，以辛勤为快乐，兴趣由忙碌而来，须经艰苦奋斗才能有成就，晚年可享福。/n虚荣心强，关心政治，喜交际应酬，表面理智冷静，内里忙碌，易受冷静与热情矛盾的冲击，用情不专，易生烦恼。/n不擅长思考却容易产生思虑,容易产生消极思想，凡事都喜欢往坏处着想，难以释怀。</content><content id="2">自己天生劳碌命，在工作中极易成为工作狂，福禄较少，一生奔波劳碌，终日不闲，以辛勤为快乐，兴趣由忙碌而来，须经艰苦奋斗才能有成就。/n虚荣心强，关心政治，喜交际应酬，表面理智冷静，内里忙碌，易受冷静与热情矛盾的冲击，用情不专，易生烦恼。/n不擅长思考却思虑不安不断,容易产生消极思想，凡事都喜欢往坏处着想，难以释怀。</content></dizhi><dizhi id="2"><content id="1">自己天生劳碌命，闲不住，兴趣由忙碌而来，须经艰苦奋斗才能有成就，但忙中得福，晚年可享福。/n关心政治，喜欢交际应酬，但虚荣心较强，或外表清高，内心争权；或表面理智冷静，内里忙碌，较易受冷静与热情矛盾的冲击；或用情不专，易生烦恼。</content><content id="2">自己天生劳碌命，闲不住，兴趣由忙碌而来，须经艰苦奋斗才能有成就，喜欢无事奔波，一生较辛苦劳累。/n关心政治，但虚荣心较强，人际关系较差，或外表清高，内心争权；或表面理智冷静，内里忙碌，较易受冷静与热情矛盾的冲击；或易生烦恼，烦躁不安。</content></dizhi><dizhi id="3"><content id="1">自己天生劳碌命，喜欢劳碌奔忙，以忙碌为荣，闲不住，安闲反生厌。/n一生较动荡，劳心劳力，虽然忙碌但却乐在其中，须经艰苦奋斗才能有成就，晚年可安享较为快乐的生活。/n虚荣心强，喜欢交际，表面理智冷静，但内里忙碌，容易受冷静与热情矛盾的冲击，用情不专，易生烦恼。/n较易发脾气，喜欢管闲事而打抱不平。</content><content id="2">自己天生劳碌命，喜欢劳碌奔忙，以忙碌为荣，闲不住，安闲反生厌。/n一生较动荡，劳心劳力，须经艰苦奋斗才能有成就。/n虚荣心强，喜欢交际，表面理智冷静，但内里忙碌，容易受冷静与热情矛盾的冲击，用情不专，易生烦恼。/n易发脾气，喜欢管闲事而打抱不平，做事犹豫不决，不够果断。</content></dizhi><dizhi id="4"><content id="1">天生劳碌命，闲不住，兴趣由忙碌而来，须经艰苦奋斗才能有成就，常为事业而操劳，中晚年得以安乐享福。/n禄多于福，财源滚滚而来，个性沉实，外表安乐，内里忙碌，身安心忙，能忙中偷闲，或忙而有乐。/n易温饱思淫欲，走向歧途。</content><content id="2">天生劳碌命，闲不住，兴趣由忙碌而来，须经艰苦奋斗才能有成就，常为事业而操劳，喜欢无事奔波忙碌，劳心劳神。/n禄多于福，财源滚滚而来，个性沉实，外表安乐，内里忙碌，身安心忙，能忙中偷闲，或忙而有乐。/n易温饱思淫欲，走向歧途。或易产生自卑感，或会有犯桃花，好色多欲。</content></dizhi><dizhi id="5"><content id="1">自己天生劳碌命，闲不住，兴趣由忙碌而来，须经艰苦奋斗才能有成就，且易终日忧虑不安。/n表面看似理智冷静的您实则内心忙碌，容易受冷静与热情矛盾的冲击，或易用情不专，易生烦恼。</content><content id="2">自己天生劳碌命，闲不住，兴趣由忙碌而来，须经艰苦奋斗才能有成就，一生辛苦劳累，较为贫苦，且易终日忧虑不安。/n表面看似理智冷静的您实则内心忙碌，容易受冷静与热情矛盾的冲击，或易用情不专，易生烦恼。</content></dizhi><dizhi id="6"><content id="1">自己天生劳碌命，性格仁慈宽厚，以忙碌为荣，闲不住，兴趣由忙碌而来，须经艰苦奋斗才能有成就，晚年可享福。/n福寿荣昌，寿多于福，生活自得其乐，幸福愉快。/n关心政治，但虚荣心较强，喜欢交际应酬，较多思虑，表面理智冷静，但内心忙碌，易受冷静与热情矛盾的冲击。</content><content id="2">自己天生劳碌命，一生奔忙烦恼，以忙碌为荣，闲不住，兴趣由忙碌而来，须经艰苦奋斗才能有成就，福寿较少。/n关心政治，但虚荣心较强，喜欢交际应酬，较多思虑，表面理智冷静，但内心忙碌，易受冷静与热情矛盾的冲击。/n或心胸狭窄，或意志低沉卑弱。</content></dizhi><dizhi id="7"><content id="1">自己天生劳碌命，在工作中极易成为工作狂，福禄较少，一生奔波劳碌，终日不闲，以辛勤为快乐，兴趣由忙碌而来，须经艰苦奋斗才能有成就，晚年可享福。/n虚荣心强，关心政治，喜交际应酬，表面理智冷静，内里忙碌，易受冷静与热情矛盾的冲击，用情不专，易生烦恼。/n不擅长思考却容易产生思虑,容易产生消极思想，凡事都喜欢往坏处着想，难以释怀。</content><content id="2">自己天生劳碌命，在工作中极易成为工作狂，福禄较少，一生奔波劳碌，终日不闲，以辛勤为快乐，兴趣由忙碌而来，须经艰苦奋斗才能有成就。/n虚荣心强，关心政治，喜交际应酬，表面理智冷静，内里忙碌，易受冷静与热情矛盾的冲击，用情不专，易生烦恼。/n不擅长思考却思虑不安不断,容易产生消极思想，凡事都喜欢往坏处着想，难以释怀。</content></dizhi><dizhi id="8"><content id="1">自己天生劳碌命，闲不住，兴趣由忙碌而来，须经艰苦奋斗才能有成就，但忙中得福，晚年可享福。/n关心政治，喜欢交际应酬，但虚荣心较强，或外表清高，内心争权；或表面理智冷静，内里忙碌，较易受冷静与热情矛盾的冲击；或用情不专，易生烦恼。</content><content id="2">自己天生劳碌命，闲不住，兴趣由忙碌而来，须经艰苦奋斗才能有成就，喜欢无事奔波，一生较辛苦劳累。/n关心政治，但虚荣心较强，人际关系较差，或外表清高，内心争权；或表面理智冷静，内里忙碌，较易受冷静与热情矛盾的冲击；或易生烦恼，烦躁不安。</content></dizhi><dizhi id="9"><content id="1">自己天生劳碌命，喜欢劳碌奔忙，以忙碌为荣，闲不住，安闲反生厌。/n一生较动荡，劳心劳力，虽然忙碌但却乐在其中，须经艰苦奋斗才能有成就，晚年可安享较为快乐的生活。/n虚荣心强，喜欢交际，表面理智冷静，但内里忙碌，容易受冷静与热情矛盾的冲击，用情不专，易生烦恼。/n较易发脾气，喜欢管闲事而打抱不平。</content><content id="2">自己天生劳碌命，喜欢劳碌奔忙，以忙碌为荣，闲不住，安闲反生厌。/n一生较动荡，劳心劳力，须经艰苦奋斗才能有成就。/n虚荣心强，喜欢交际，表面理智冷静，但内里忙碌，容易受冷静与热情矛盾的冲击，用情不专，易生烦恼。/n易发脾气，喜欢管闲事而打抱不平，做事犹豫不决，不够果断。</content></dizhi><dizhi id="10"><content id="1">天生劳碌命，闲不住，兴趣由忙碌而来，须经艰苦奋斗才能有成就，常为事业而操劳，中晚年得以安乐享福。/n禄多于福，财源滚滚而来，个性沉实，外表安乐，内里忙碌，身安心忙，能忙中偷闲，或忙而有乐。/n易温饱思淫欲，走向歧途。</content><content id="2">天生劳碌命，闲不住，兴趣由忙碌而来，须经艰苦奋斗才能有成就，常为事业而操劳，喜欢无事奔波忙碌，劳心劳神。/n禄多于福，财源滚滚而来，个性沉实，外表安乐，内里忙碌，身安心忙，能忙中偷闲，或忙而有乐。/n易温饱思淫欲，走向歧途。或易产生自卑感，或会有犯桃花，好色多欲。</content></dizhi><dizhi id="11"><content id="1">自己天生劳碌命，闲不住，兴趣由忙碌而来，须经艰苦奋斗才能有成就，且易终日忧虑不安。/n表面看似理智冷静的您实则内心忙碌，容易受冷静与热情矛盾的冲击，或易用情不专，易生烦恼。</content><content id="2">自己天生劳碌命，闲不住，兴趣由忙碌而来，须经艰苦奋斗才能有成就，一生辛苦劳累，较为贫苦，且易终日忧虑不安。/n表面看似理智冷静的您实则内心忙碌，容易受冷静与热情矛盾的冲击，或易用情不专，易生烦恼。</content></dizhi></dashizhenyan><dashizhenyan id="6" name="天府"><dizhi id="0"><content id="1"></content><content id="2"></content></dizhi><dizhi id="1"><content id="1">自己福厚、富贵、长寿，一生安享清福。/n天生安闲乐观，无忧无虑，追求享受，即使碰到不如意的事情也不会沮丧。/n为人忠厚宽广，做事较有冲劲，比较多才多艺，或较爱面子，重视外表，喜欢摆阔气，或对饮食比较讲究，做事较谨慎。</content><content id="2">自己福禄寿较厚，一生较易安享清福。/n生活勤俭，比较多才多艺，做事较有冲劲。/n爱面子，但较注重外表，为人比较小气吝啬，较易自寻烦恼，从而产生忧虑，做事犹豫。</content></dizhi><dizhi id="2"><content id="1"></content><content id="2"></content></dizhi><dizhi id="3"><content id="1">自己福厚、富贵、长寿，一生安享清福。/n天生安闲乐观，即使碰到不如意的事情也不会沮丧，追求享受，注重对身心的保养。/n为人忠厚，胸襟宽广，心地善良，做事有冲劲，比较多才多艺。/n或较爱面子，较重视外表，喜欢摆阔气，或对饮食比较讲究，做事较谨慎。</content><content id="2">自己福禄寿较厚，一生较易安享清福。/n生活勤俭，比较多才多艺，做事较有冲劲。/n爱面子，但较注重外表，做事谨慎，或易产生不必要的忧虑，造成身心不宁；或易对他人产生猜忌，小气；或既好色又对色情有羞耻心。</content></dizhi><dizhi id="4"><content id="1"></content><content id="2"></content></dizhi><dizhi id="5"><content id="1">自己福厚、富贵、长寿，一生安享清福。/n天生安闲乐观，心境平和，即使碰到不如意的事情也不会沮丧，追求享受，注重对身心的保养。/n您的为人较保守，做事较有冲劲，生活勤俭，擅长理财，但可能会太重视金钱利益，从而小气吝啬。</content><content id="2">自己福禄寿较厚，一生较易安享清福。/n生活勤俭，比较多才多艺，做事较有冲劲。/n爱面子，但较注重外表，做事谨慎，或易杞人忧天，凡事操劳担心，造成身心不宁，或容易消极悲观。</content></dizhi><dizhi id="6"><content id="1"></content><content id="2"></content></dizhi><dizhi id="7"><content id="1">自己福厚、富贵、长寿，一生安享清福。/n天生安闲乐观，无忧无虑，追求享受，即使碰到不如意的事情也不会沮丧。/n为人忠厚宽广，做事较有冲劲，比较多才多艺，或较爱面子，重视外表，喜欢摆阔气，或对饮食比较讲究，做事较谨慎。</content><content id="2">自己福禄寿较厚，一生较易安享清福。/n生活勤俭，比较多才多艺，做事较有冲劲。/n爱面子，但较注重外表，为人比较小气吝啬，较易自寻烦恼，从而产生忧虑，做事犹豫。</content></dizhi><dizhi id="8"><content id="1"></content><content id="2"></content></dizhi><dizhi id="9"><content id="1">自己福厚、富贵、长寿，一生安享清福。/n天生安闲乐观，即使碰到不如意的事情也不会沮丧，追求享受，注重对身心的保养。/n为人忠厚，胸襟宽广，心地善良，做事有冲劲，比较多才多艺。/n或较爱面子，较重视外表，喜欢摆阔气，或对饮食比较讲究，做事较谨慎。</content><content id="2">自己福禄寿较厚，一生较易安享清福。/n生活勤俭，比较多才多艺，做事较有冲劲。/n爱面子，但较注重外表，做事谨慎，或易产生不必要的忧虑，造成身心不宁；或易对他人产生猜忌，小气；或既好色又对色情有羞耻心。</content></dizhi><dizhi id="10"><content id="1"></content><content id="2"></content></dizhi><dizhi id="11"><content id="1">自己福厚、富贵、长寿，一生安享清福。/n天生安闲乐观，心境平和，即使碰到不如意的事情也不会沮丧，追求享受，注重对身心的保养。/n您的为人较保守，做事较有冲劲，生活勤俭，擅长理财，但可能会太重视金钱利益，从而小气吝啬。</content><content id="2">自己福禄寿较厚，一生较易安享清福。/n生活勤俭，比较多才多艺，做事较有冲劲。/n爱面子，但较注重外表，做事谨慎，或易杞人忧天，凡事操劳担心，造成身心不宁，或容易消极悲观。</content></dizhi></dashizhenyan><dashizhenyan id="7" name="太阴"><dizhi id="0"><content id="1"></content><content id="2"></content></dizhi><dizhi id="1"><content id="1"></content><content id="2"></content></dizhi><dizhi id="2"><content id="1"></content><content id="2"></content></dizhi><dizhi id="3"><content id="1">自己性格比较内向，但精神较易产生孤独，爱面子，爱整洁，喜欢宁静，不爱与他人竞争，但缺少干劲。/n为人仁爱忠义，孝敬长辈，是明理之人。/n您的思想比较浪漫，风流倜傥，重视精神享受，多学多能，男性的您，会有较好的异性缘。/n您比较容易自找麻烦，但有福禄，操劳较少，晚年能享福。</content><content id="2">自己性格比较内向，但精神较易产生孤独，较易悲观。/n爱面子，爱整洁，喜欢宁静，不爱与他人竞争，但缺少干劲。/n为人仁爱忠义，孝敬长辈，是明理之人。/n您的思想比较浪漫，风流倜傥，重视精神享受，多学多能，男性的您，会有较好的异性缘。/n但福气较薄，财源较少，一生较忙禄，操心事较多，快乐的日子较少。</content></dizhi><dizhi id="4"><content id="1">自己性格比较内向，但精神较易产生孤独，爱面子，爱整洁，喜欢宁静，不爱与他人竞争，但缺少干劲。/n为人仁爱忠义，孝敬长辈，是明理之人。/n您的思想比较浪漫，风流倜傥，重视精神享受，多学多能，男性的您，会有较好的异性缘。/n您比较容易自找麻烦，但有福禄，操劳较少，晚年能享福。</content><content id="2">自己性格比较内向，但精神较易产生孤独，较易悲观。/n爱面子，爱整洁，喜欢宁静，不爱与他人竞争，但缺少干劲。/n为人仁爱忠义，孝敬长辈，是明理之人。/n您的思想比较浪漫，风流倜傥，重视精神享受，多学多能，男性的您，会有较好的异性缘。/n但福气较薄，财源较少，一生较忙禄，操心事较多，快乐的日子较少。</content></dizhi><dizhi id="5"><content id="1">自己性格比较内向，但精神较易产生孤独，爱面子，爱整洁，喜欢宁静，不爱与他人竞争，但缺少干劲。/n为人仁爱忠义，孝敬长辈，是明理之人。/n您的思想比较浪漫，风流倜傥，重视精神享受，多学多能，男性的您，会有较好的异性缘。/n您比较容易自找麻烦，但有福禄，操劳较少，晚年能享福。</content><content id="2">自己性格比较内向，但精神较易产生孤独，较易悲观。/n爱面子，爱整洁，喜欢宁静，不爱与他人竞争，但缺少干劲。/n为人仁爱忠义，孝敬长辈，是明理之人。/n您的思想比较浪漫，风流倜傥，重视精神享受，多学多能，男性的您，会有较好的异性缘。/n但福气较薄，财源较少，一生较忙禄，操心事较多，快乐的日子较少。</content></dizhi><dizhi id="6"><content id="1"></content><content id="2"></content></dizhi><dizhi id="7"><content id="1"></content><content id="2"></content></dizhi><dizhi id="8"><content id="1"></content><content id="2"></content></dizhi><dizhi id="9"><content id="1">自己性格比较内向，爱面子，爱整洁，喜欢宁静，不爱与他人竞争，但缺少干劲。/n为人仁爱忠义，孝敬长辈，是明理之人。/n您的思想比较浪漫，风流倜傥，重视精神享受，多学多能，男性的您，会有较好的异性缘。/n虽较忙碌，但福禄荣昌，能能安享悠闲，且夜晚出生的人会更好。</content><content id="2">自己性格比较内向，爱面子，爱整洁，喜欢宁静，不爱与他人竞争，但缺少干劲。/n为人仁爱忠义，孝敬长辈，是明理之人。/n您的思想比较浪漫，风流倜傥，重视精神享受，多学多能，男性的您，会有较好的异性缘。/n但福气较薄，财源较少，一生较忙禄，操心事较多，快乐的日子较少。</content></dizhi><dizhi id="10"><content id="1">自己性格比较内向，爱面子，爱整洁，喜欢宁静，不爱与他人竞争，但缺少干劲。/n为人仁爱忠义，孝敬长辈，是明理之人。/n您的思想比较浪漫，风流倜傥，重视精神享受，多学多能，男性的您，会有较好的异性缘。/n虽较忙碌，但福禄荣昌，能能安享悠闲，且夜晚出生的人会更好。</content><content id="2">自己性格比较内向，爱面子，爱整洁，喜欢宁静，不爱与他人竞争，但缺少干劲。/n为人仁爱忠义，孝敬长辈，是明理之人。/n您的思想比较浪漫，风流倜傥，重视精神享受，多学多能，男性的您，会有较好的异性缘。/n但福气较薄，财源较少，一生较忙禄，操心事较多，快乐的日子较少。</content></dizhi><dizhi id="11"><content id="1">自己性格比较内向，爱面子，爱整洁，喜欢宁静，不爱与他人竞争，但缺少干劲。/n为人仁爱忠义，孝敬长辈，是明理之人。/n您的思想比较浪漫，风流倜傥，重视精神享受，多学多能，男性的您，会有较好的异性缘。/n虽较忙碌，但福禄荣昌，能能安享悠闲，且夜晚出生的人会更好。</content><content id="2">自己性格比较内向，爱面子，爱整洁，喜欢宁静，不爱与他人竞争，但缺少干劲。/n为人仁爱忠义，孝敬长辈，是明理之人。/n您的思想比较浪漫，风流倜傥，重视精神享受，多学多能，男性的您，会有较好的异性缘。/n但福气较薄，财源较少，一生较忙禄，操心事较多，快乐的日子较少。</content></dizhi></dashizhenyan><dashizhenyan id="8" name="贪狼"><dizhi id="0"><content id="1">您有较多的欲望，不满足于现状，喜欢追求新潮，因而容易造成思虑和困扰不安。/n您有较多交际应酬，喜欢吃喝玩乐，易沉迷于某些嗜好，好饮酒赌博，喜宗教哲学。/n男性的您，会比较风流，女性的您，易受情感问题困扰，福份普通，日子较辛劳，难以得到安宁。</content><content id="2">您有较多的欲望，不满足于现状，喜欢追求新潮，因而容易造成思虑和困扰不安。/n您有较多交际应酬，喜欢吃喝玩乐，易沉迷于某些嗜好，好饮酒赌博，喜宗教哲学。/n男性的您，会比较风流，女性的您，易受情感问题困扰。/n福份较浅，或因桃花而惹祸，多困扰纠纷。</content></dizhi><dizhi id="1"><content id="1"></content><content id="2"></content></dizhi><dizhi id="2"><content id="1">您有较多的欲望，不满足于现状，喜欢追求新潮，因而容易造成思虑和困扰不安。/n您有较多交际应酬，喜欢吃喝玩乐，易沉迷于某些嗜好，好饮酒赌博，喜宗教哲学。/n男性的您，会比较风流，女性的您，易受情感问题困扰，福份普通，日子较辛劳，难以得到安宁。</content><content id="2">您有较多的欲望，不满足于现状，喜欢追求新潮，因而容易造成思虑和困扰不安。/n您有较多交际应酬，喜欢吃喝玩乐，易沉迷于某些嗜好，好饮酒赌博，喜宗教哲学。/n男性的您，会比较风流，女性的您，易受情感问题困扰。/n福份较浅，或因桃花而惹祸，多困扰纠纷。</content></dizhi><dizhi id="3"><content id="1"></content><content id="2"></content></dizhi><dizhi id="4"><content id="1">您有较多的欲望，不满足于现状，喜欢追求新潮，因而容易造成思虑和困扰不安。/n您有较多交际应酬，喜欢吃喝玩乐，易沉迷于某些嗜好，好饮酒赌博，喜宗教哲学。/n男性的您，会比较风流，女性的您，易受情感问题困扰，福份普通，日子较辛劳，难以得到安宁。</content><content id="2">您有较多的欲望，不满足于现状，喜欢追求新潮，因而容易造成思虑和困扰不安。/n您有较多交际应酬，喜欢吃喝玩乐，易沉迷于某些嗜好，好饮酒赌博，喜宗教哲学。/n男性的您，会比较风流，女性的您，易受情感问题困扰。/n福份较浅，或因桃花而惹祸，多困扰纠纷。</content></dizhi><dizhi id="5"><content id="1"></content><content id="2"></content></dizhi><dizhi id="6"><content id="1">您有较多的欲望，不满足于现状，喜欢追求新潮，因而容易造成思虑和困扰不安。/n您有较多交际应酬，喜欢吃喝玩乐，易沉迷于某些嗜好，好饮酒赌博，喜宗教哲学。/n男性的您，会比较风流，女性的您，易受情感问题困扰，福份普通，日子较辛劳，难以得到安宁。</content><content id="2">您有较多的欲望，不满足于现状，喜欢追求新潮，因而容易造成思虑和困扰不安。/n您有较多交际应酬，喜欢吃喝玩乐，易沉迷于某些嗜好，好饮酒赌博，喜宗教哲学。/n男性的您，会比较风流，女性的您，易受情感问题困扰。/n福份较浅，或因桃花而惹祸，多困扰纠纷。</content></dizhi><dizhi id="7"><content id="1"></content><content id="2"></content></dizhi><dizhi id="8"><content id="1">您有较多的欲望，不满足于现状，喜欢追求新潮，因而容易造成思虑和困扰不安。/n您有较多交际应酬，喜欢吃喝玩乐，易沉迷于某些嗜好，好饮酒赌博，喜宗教哲学。/n男性的您，会比较风流，女性的您，易受情感问题困扰，福份普通，日子较辛劳，难以得到安宁。</content><content id="2">您有较多的欲望，不满足于现状，喜欢追求新潮，因而容易造成思虑和困扰不安。/n您有较多交际应酬，喜欢吃喝玩乐，易沉迷于某些嗜好，好饮酒赌博，喜宗教哲学。/n男性的您，会比较风流，女性的您，易受情感问题困扰。/n福份较浅，或因桃花而惹祸，多困扰纠纷。</content></dizhi><dizhi id="9"><content id="1"></content><content id="2"></content></dizhi><dizhi id="10"><content id="1">您有较多的欲望，不满足于现状，喜欢追求新潮，因而容易造成思虑和困扰不安。/n您有较多交际应酬，喜欢吃喝玩乐，易沉迷于某些嗜好，好饮酒赌博，喜宗教哲学。/n男性的您，会比较风流，女性的您，易受情感问题困扰，福份普通，日子较辛劳，难以得到安宁。</content><content id="2">您有较多的欲望，不满足于现状，喜欢追求新潮，因而容易造成思虑和困扰不安。/n您有较多交际应酬，喜欢吃喝玩乐，易沉迷于某些嗜好，好饮酒赌博，喜宗教哲学。/n男性的您，会比较风流，女性的您，易受情感问题困扰。/n福份较浅，或因桃花而惹祸，多困扰纠纷。</content></dizhi><dizhi id="11"><content id="1"></content><content id="2"></content></dizhi></dashizhenyan><dashizhenyan id="9" name="巨门"><dizhi id="0"><content id="1">自己为人较固执多疑，终日心思不宁，烦恼多，少快乐。/n什么事都喜欢自己完成，不轻易相信别人，事无论大小均要过问。/n小福易得，大福难求，爱吃零食，一生虽较多思虑，多是非纷争，劳心劳力，但生活总体顺利如意。</content><content id="2">自己为人较固执多疑，终日心思不宁，烦恼多，少快乐，且容易精神紧张。/n什么事都喜欢自己完成，不轻易相信别人，事无论大小均要过问。/n较爱吃零食，一生操心劳碌，做事犹豫不决，自寻烦恼，且易招惹是非纷争，因而难以享福。</content></dizhi><dizhi id="1"><content id="1"></content><content id="2"></content></dizhi><dizhi id="2"><content id="1"></content><content id="2"></content></dizhi><dizhi id="3"><content id="1"></content><content id="2"></content></dizhi><dizhi id="4"><content id="1">自己为人较固执多疑，终日心思不宁，烦恼多，少快乐。/n什么事都喜欢自己完成，不轻易相信别人，事无论大小均要过问。/n小福易得，大福难求，爱吃零食，一生虽较多思虑，多是非纷争，劳心劳力，但生活总体顺利如意。</content><content id="2">自己为人较固执多疑，终日心思不宁，烦恼多，少快乐，且容易精神紧张。/n什么事都喜欢自己完成，不轻易相信别人，事无论大小均要过问。/n较爱吃零食，一生操心劳碌，做事犹豫不决，自寻烦恼，且易招惹是非纷争，因而难以享福。</content></dizhi><dizhi id="5"><content id="1">自己为人较固执多疑，终日心思不宁，烦恼多，少快乐。/n什么事都喜欢自己完成，不轻易相信别人，事无论大小均要过问。/n有福可享，但比较喜欢说别人的闲言闲语，因而有较多的是非纷争，易与人不和，人际关系稍差，但可以得到改善。</content><content id="2">自己为人较固执多疑，终日心思不宁，烦恼多，少快乐。/n什么事都喜欢自己完成，不轻易相信别人，事无论大小均要过问。/n较劳心费力，自寻烦恼，且比较喜欢说别人的闲言闲语，因而有较多的是非纷争，易与人不和，人缘较差。</content></dizhi><dizhi id="6"><content id="1">自己为人较固执多疑，终日心思不宁，烦恼多，少快乐。/n什么事都喜欢自己完成，不轻易相信别人，事无论大小均要过问。/n小福易得，大福难求，爱吃零食，一生虽较多思虑，多是非纷争，劳心劳力，但生活总体顺利如意。</content><content id="2">自己为人较固执多疑，终日心思不宁，烦恼多，少快乐，且容易精神紧张。/n什么事都喜欢自己完成，不轻易相信别人，事无论大小均要过问。/n较爱吃零食，一生操心劳碌，做事犹豫不决，自寻烦恼，且易招惹是非纷争，因而难以享福。</content></dizhi><dizhi id="7"><content id="1"></content><content id="2"></content></dizhi><dizhi id="8"><content id="1"></content><content id="2"></content></dizhi><dizhi id="9"><content id="1"></content><content id="2"></content></dizhi><dizhi id="10"><content id="1">自己为人较固执多疑，终日心思不宁，烦恼多，少快乐。/n什么事都喜欢自己完成，不轻易相信别人，事无论大小均要过问。/n小福易得，大福难求，爱吃零食，一生虽较多思虑，多是非纷争，劳心劳力，但生活总体顺利如意。</content><content id="2">自己为人较固执多疑，终日心思不宁，烦恼多，少快乐，且容易精神紧张。/n什么事都喜欢自己完成，不轻易相信别人，事无论大小均要过问。/n较爱吃零食，一生操心劳碌，做事犹豫不决，自寻烦恼，且易招惹是非纷争，因而难以享福。</content></dizhi><dizhi id="11"><content id="1">自己为人较固执多疑，终日心思不宁，烦恼多，少快乐。/n什么事都喜欢自己完成，不轻易相信别人，事无论大小均要过问。/n有福可享，但比较喜欢说别人的闲言闲语，因而有较多的是非纷争，易与人不和，人际关系稍差，但可以得到改善。</content><content id="2">自己为人较固执多疑，终日心思不宁，烦恼多，少快乐。/n什么事都喜欢自己完成，不轻易相信别人，事无论大小均要过问。/n较劳心费力，自寻烦恼，且比较喜欢说别人的闲言闲语，因而有较多的是非纷争，易与人不和，人缘较差。</content></dizhi></dashizhenyan><dashizhenyan id="10" name="天相"><dizhi id="0"><content id="1"></content><content id="2"></content></dizhi><dizhi id="1"><content id="1">您是有福寿之人，生活安然无忧，多乐少忧，善于为人处世，但虚荣心强，较重视声誉和物质享受，讲究穿着美食。/n您做人较有原则，且有理想，做事较为稳重妥当。</content><content id="2">您的福份较为普通，生活较安然无忧，多乐少忧，善于为人处世，但虚荣心强，较重视声誉和物质享受，讲究穿着美食。/n您做人较有原则，且有理想，做事较为稳重妥当。</content></dizhi><dizhi id="2"><content id="1"></content><content id="2"></content></dizhi><dizhi id="3"><content id="1">您的一生会较辛劳，但也能安逸享福。/n善于为人处世，虚荣心强，重视声誉，重视物质享受，在穿着美食方面较为讲究。/n但易因把理想定得太高，而难以实现，造成失望。</content><content id="2">您善于为人处世，虚荣心强，重视声誉，重视物质享受，在穿着美食方面较为讲究。/n但福禄较少，容易操劳不安，且不懂得知足常乐，不满足于现状，做事易犹疑反复，获得的享受较少。</content></dizhi><dizhi id="4"><content id="1"></content><content id="2"></content></dizhi><dizhi id="5"><content id="1">您的一生会较辛劳，但也能安逸享福。/n善于为人处世，虚荣心强，重视声誉，重视物质享受，在穿着美食方面较为讲究。/n但易因把理想定得太高，而难以实现，造成失望。</content><content id="2">您善于为人处世，虚荣心强，重视声誉，重视物质享受，在穿着美食方面较为讲究。/n但福禄较少，容易操劳不安，且不懂得知足常乐，不满足于现状，做事易犹疑反复，获得的享受较少。</content></dizhi><dizhi id="6"><content id="1"></content><content id="2"></content></dizhi><dizhi id="7"><content id="1">您的一生会较辛劳，但也能安逸享福。/n善于为人处世，虚荣心强，重视声誉，重视物质享受，在穿着美食方面较为讲究。/n但易因把理想定得太高，而难以实现，造成失望。</content><content id="2">您善于为人处世，虚荣心强，重视声誉，重视物质享受，在穿着美食方面较为讲究。/n但福禄较少，容易操劳不安，且不懂得知足常乐，不满足于现状，做事易犹疑反复，获得的享受较少。　</content></dizhi><dizhi id="8"><content id="1"></content><content id="2"></content></dizhi><dizhi id="9"><content id="1">您的一生会较辛劳，但也能安逸享福。/n善于为人处世，虚荣心强，重视声誉，重视物质享受，在穿着美食方面较为讲究。/n但易因把理想定得太高，而难以实现，造成失望。</content><content id="2">您善于为人处世，虚荣心强，重视声誉，重视物质享受，在穿着美食方面较为讲究。/n但福禄较少，容易操劳不安，且不懂得知足常乐，不满足于现状，做事易犹疑反复，获得的享受较少。</content></dizhi><dizhi id="10"><content id="1"></content><content id="2"></content></dizhi><dizhi id="11"><content id="1">您的一生会较辛劳，但也能安逸享福。/n善于为人处世，虚荣心强，重视声誉，重视物质享受，在穿着美食方面较为讲究。/n但易因把理想定得太高，而难以实现，造成失望。</content><content id="2">您善于为人处世，虚荣心强，重视声誉，重视物质享受，在穿着美食方面较为讲究。/n但福禄较少，容易操劳不安，且不懂得知足常乐，不满足于现状，做事易犹疑反复，获得的享受较少。</content></dizhi></dashizhenyan><dashizhenyan id="11" name="天梁"><dizhi id="0"><content id="1">您容易得到祖上的福荫和长辈的关怀。/n有名士风度，重视精神享受，有精神寄托，喜欢清闲自乐，乐于服务他人，是行善积德之人，因而福禄寿齐全。/n有慧根、善根，预感力强；性格开朗豪爽，喜好文学、医学、宗教和养生之道。/n较重视名利，喜欢出风头，虽有烦恼的时候，但很容易释怀。</content><content id="2">您容易得到祖上福荫和长辈的关怀。/n有名士风度，较重视精神享受，有精神寄托，乐于服务他人，是行善积德之人，因而获福。/n有慧根、善根，预感力强；开朗豪爽，喜好文学、医学、宗教和养生之道。/n较重视名利，喜出风头，虽外表安闲，但内心易烦躁不安。</content></dizhi><dizhi id="1"><content id="1">您容易得到祖上的福荫和长辈的关怀。/n有名士风度，重视精神享受，有精神寄托，喜欢清闲自乐，乐于服务他人，是行善积德之人，因而福禄寿齐全。/n有慧根、善根，预感力强；性格开朗豪爽，喜好文学、医学、宗教和养生之道。/n较重视名利，喜欢出风头，虽有烦恼的时候，但很容易释怀。</content><content id="2">您容易得到祖上福荫和长辈的关怀。/n有名士风度，较重视精神享受，有精神寄托，乐于服务他人，是行善积德之人，因而获福。/n有慧根、善根，预感力强；开朗豪爽，喜好文学、医学、宗教和养生之道。/n较重视名利，喜出风头，虽外表安闲，但内心易烦躁不安。</content></dizhi><dizhi id="2"><content id="1"></content><content id="2"></content></dizhi><dizhi id="3"><content id="1"></content><content id="2"></content></dizhi><dizhi id="4"><content id="1"></content><content id="2"></content></dizhi><dizhi id="5"><content id="1">您容易得到祖上福荫和长辈的关怀。/n较重视精神享受，有精神寄托，喜欢清闲自乐，但为人较会懒散偷闲，不轻易相信他人。/n有慧根、善根，预感力强；开朗豪爽，喜好文学、医学、宗教和养生之道。/n乐于教导和服务于他人、行善积德之人，因而有福寿。/n重视名利，喜出风头，虽有烦恼的时候，但较容易释怀。</content><content id="2">您易得到祖上福荫和长辈的关怀。/n较重视精神享受，有精神寄托，但为人较会懒散偷闲，不轻易相信他人。/n有慧根、善根，预感力强，但易心神不宁，产生悲观情绪。/n喜好文学、医学、宗教和养生之道。/n易与他人不和，发生是非，且易为生活而奔波劳碌。</content></dizhi><dizhi id="6"><content id="1">您容易得到祖上的福荫和长辈的关怀。/n有名士风度，重视精神享受，有精神寄托，喜欢清闲自乐，乐于服务他人，是行善积德之人，因而福禄寿齐全。/n有慧根、善根，预感力强；性格开朗豪爽，喜好文学、医学、宗教和养生之道。/n较重视名利，喜欢出风头，虽有烦恼的时候，但很容易释怀。</content><content id="2">您容易得到祖上福荫和长辈的关怀。/n有名士风度，较重视精神享受，有精神寄托，乐于服务他人，是行善积德之人，因而获福。/n有慧根、善根，预感力强；开朗豪爽，喜好文学、医学、宗教和养生之道。/n较重视名利，喜出风头，虽外表安闲，但内心易烦躁不安。</content></dizhi><dizhi id="7"><content id="1">您容易得到祖上的福荫和长辈的关怀。/n有名士风度，重视精神享受，有精神寄托，喜欢清闲自乐，乐于服务他人，是行善积德之人，因而福禄寿齐全。/n有慧根、善根，预感力强；性格开朗豪爽，喜好文学、医学、宗教和养生之道。/n较重视名利，喜欢出风头，虽有烦恼的时候，但很容易释怀。</content><content id="2">您容易得到祖上福荫和长辈的关怀。/n有名士风度，较重视精神享受，有精神寄托，乐于服务他人，是行善积德之人，因而获福。/n有慧根、善根，预感力强；开朗豪爽，喜好文学、医学、宗教和养生之道。/n较重视名利，喜出风头，虽外表安闲，但内心易烦躁不安。</content></dizhi><dizhi id="8"><content id="1"></content><content id="2"></content></dizhi><dizhi id="9"><content id="1"></content><content id="2"></content></dizhi><dizhi id="10"><content id="1"></content><content id="2"></content></dizhi><dizhi id="11"><content id="1">您容易得到祖上福荫和长辈的关怀。/n较重视精神享受，有精神寄托，喜欢清闲自乐，但为人较会懒散偷闲，不轻易相信他人。/n有慧根、善根，预感力强；开朗豪爽，喜好文学、医学、宗教和养生之道。/n乐于教导和服务于他人、行善积德之人，因而有福寿。/n重视名利，喜出风头，虽有烦恼的时候，但较容易释怀。</content><content id="2">您易得到祖上福荫和长辈的关怀。/n较重视精神享受，有精神寄托，但为人较会懒散偷闲，不轻易相信他人。/n有慧根、善根，预感力强，但易心神不宁，产生悲观情绪。/n喜好文学、医学、宗教和养生之道。/n易与他人不和，发生是非，且易为生活而奔波劳碌。</content></dizhi></dashizhenyan><dashizhenyan id="12" name="七杀"><dizhi id="0"><content id="1">自己一生忙碌操劳，身心都扑在工作上，性情比较急躁，不能按步就班地工作，刚强好胜，对自己和他人要求严格。/n易因不切合实际的理想而失望，从而自寻烦恼。/n虽有福，但较难心平气和，安静享福，易与他人产生纠纷而结怨。/n男性的您，较为贫困操劳，且易贪恋男女私情；女性的您，福份偏薄，或劳碌和变化大，或易自甘堕落，或婚姻不顺，比较适合晚婚。</content><content id="2">自己一生忙碌操劳，身心都扑在工作上，性情比较急躁，不能按步就班地工作，刚强好胜，对自己和他人要求严格。/n易因不切合实际的理想而失望，从而自寻烦恼。/n较难心平气和，安静享福，易与他人产生纠纷而结怨。/n男性的您，较为贫困操劳，且易贪恋男女私情；女性的您，福份偏薄，或劳碌和变化大，或易自甘堕落，或婚姻不顺，或会对丈夫和孩子不利，比较适合晚婚。</content></dizhi><dizhi id="1"><content id="1"></content><content id="2"></content></dizhi><dizhi id="2"><content id="1">自己一生忙碌操劳，身心都扑在工作上，性情比较急躁，不能按步就班地工作，刚强好胜，对自己和他人要求严格。/n易因不切合实际的理想而失望，从而自寻烦恼。/n虽有福，但较难心平气和，安静享福，易与他人产生纠纷而结怨。/n男性的您，较为贫困操劳，且易贪恋男女私情；女性的您，福份偏薄，或劳碌和变化大，或易自甘堕落，或婚姻不顺，比较适合晚婚。</content><content id="2">自己一生忙碌操劳，身心都扑在工作上，性情比较急躁，不能按步就班地工作，刚强好胜，对自己和他人要求严格。/n易因不切合实际的理想而失望，从而自寻烦恼。/n较难心平气和，安静享福，易与他人产生纠纷而结怨。/n男性的您，较为贫困操劳，且易贪恋男女私情；女性的您，福份偏薄，或劳碌和变化大，或易自甘堕落，或婚姻不顺，或会对丈夫和孩子不利，比较适合晚婚。</content></dizhi><dizhi id="3"><content id="1"></content><content id="2"></content></dizhi><dizhi id="4"><content id="1">自己一生忙碌操劳，身心都扑在工作上，性情比较急躁，不能按步就班地工作，刚强好胜，对自己和他人要求严格。/n易因不切合实际的理想而失望，从而自寻烦恼。/n虽有福，但较难心平气和，安静享福，易与他人产生纠纷而结怨。/n男性的您，较为贫困操劳，且易贪恋男女私情；女性的您，福份偏薄，或劳碌和变化大，或易自甘堕落，或婚姻不顺，比较适合晚婚。</content><content id="2">自己一生忙碌操劳，身心都扑在工作上，性情比较急躁，不能按步就班地工作，刚强好胜，对自己和他人要求严格。/n易因不切合实际的理想而失望，从而自寻烦恼。/n较难心平气和，安静享福，易与他人产生纠纷而结怨。/n男性的您，较为贫困操劳，且易贪恋男女私情；女性的您，福份偏薄，或劳碌和变化大，或易自甘堕落，或婚姻不顺，或会对丈夫和孩子不利，比较适合晚婚。</content></dizhi><dizhi id="5"><content id="1"></content><content id="2"></content></dizhi><dizhi id="6"><content id="1">自己一生忙碌操劳，身心都扑在工作上，性情比较急躁，不能按步就班地工作，刚强好胜，对自己和他人要求严格。/n易因不切合实际的理想而失望，从而自寻烦恼。/n虽有福，但较难心平气和，安静享福，易与他人产生纠纷而结怨。/n男性的您，较为贫困操劳，且易贪恋男女私情；女性的您，福份偏薄，或劳碌和变化大，或易自甘堕落，或婚姻不顺，比较适合晚婚。</content><content id="2">自己一生忙碌操劳，身心都扑在工作上，性情比较急躁，不能按步就班地工作，刚强好胜，对自己和他人要求严格。/n易因不切合实际的理想而失望，从而自寻烦恼。/n较难心平气和，安静享福，易与他人产生纠纷而结怨。/n男性的您，较为贫困操劳，且易贪恋男女私情；女性的您，福份偏薄，或劳碌和变化大，或易自甘堕落，或婚姻不顺，或会对丈夫和孩子不利，比较适合晚婚。</content></dizhi><dizhi id="7"><content id="1"></content><content id="2"></content></dizhi><dizhi id="8"><content id="1">自己一生忙碌操劳，身心都扑在工作上，性情比较急躁，不能按步就班地工作，刚强好胜，对自己和他人要求严格。/n易因不切合实际的理想而失望，从而自寻烦恼。/n虽有福，但较难心平气和，安静享福，易与他人产生纠纷而结怨。/n男性的您，较为贫困操劳，且易贪恋男女私情；女性的您，福份偏薄，或劳碌和变化大，或易自甘堕落，或婚姻不顺，比较适合晚婚。</content><content id="2">自己一生忙碌操劳，身心都扑在工作上，性情比较急躁，不能按步就班地工作，刚强好胜，对自己和他人要求严格。/n易因不切合实际的理想而失望，从而自寻烦恼。/n较难心平气和，安静享福，易与他人产生纠纷而结怨。/n男性的您，较为贫困操劳，且易贪恋男女私情；女性的您，福份偏薄，或劳碌和变化大，或易自甘堕落，或婚姻不顺，或会对丈夫和孩子不利，比较适合晚婚。</content></dizhi><dizhi id="9"><content id="1"></content><content id="2"></content></dizhi><dizhi id="10"><content id="1">自己一生忙碌操劳，身心都扑在工作上，性情比较急躁，不能按步就班地工作，刚强好胜，对自己和他人要求严格。/n易因不切合实际的理想而失望，从而自寻烦恼。/n虽有福，但较难心平气和，安静享福，易与他人产生纠纷而结怨。/n男性的您，较为贫困操劳，且易贪恋男女私情；女性的您，福份偏薄，或劳碌和变化大，或易自甘堕落，或婚姻不顺，比较适合晚婚。</content><content id="2">自己一生忙碌操劳，身心都扑在工作上，性情比较急躁，不能按步就班地工作，刚强好胜，对自己和他人要求严格。/n易因不切合实际的理想而失望，从而自寻烦恼。/n较难心平气和，安静享福，易与他人产生纠纷而结怨。/n男性的您，较为贫困操劳，且易贪恋男女私情；女性的您，福份偏薄，或劳碌和变化大，或易自甘堕落，或婚姻不顺，或会对丈夫和孩子不利，比较适合晚婚。</content></dizhi><dizhi id="11"><content id="1"></content><content id="2"></content></dizhi></dashizhenyan><dashizhenyan id="13" name="破军"><dizhi id="0"><content id="1">自己对他人要求过严，感情强烈，头脑难得安闲，思虑太多，挥霍浪费，且太过追求享受，因而无清福可享。/n做事果断，干脆利落，效率高，有开创和奋斗精神，勤奋不息，凡事亲为。/n一生较劳心劳力，多漂泊动荡不定，容易身心不宁，焦躁苦闷，心理难以获得平静，且易遭遇刑伤祸事。</content><content id="2">自己对他人要求过严，感情强烈，头脑难得安闲，思虑太多，挥霍浪费，且太过追求享受，因而无清福可享。/n有开创和奋斗精神，勤奋不息，凡事亲为，但做事易迟疑不决。/n一生较劳心劳力，多漂泊动荡不定，容易身心不宁，焦躁苦闷，心理难以获得平静，且易遭遇刑伤祸事。</content></dizhi><dizhi id="1"><content id="1"></content><content id="2"></content></dizhi><dizhi id="2"><content id="1">自己对他人要求过严，感情强烈，头脑难得安闲，思虑太多，挥霍浪费，且太过追求享受，因而无清福可享。/n有开创和奋斗精神，勤奋不息，凡事亲为，但做事易迟疑不决，事后常常后悔，且常改变原来的主意，一生较为辛劳，福寿较浅，但晚年较易获得安享。</content><content id="2">自己对他人要求过严，感情强烈，头脑难得安闲，思虑太多，挥霍浪费，且太过追求享受，因而无清福可享。/n有开创和奋斗精神，勤奋不息，凡事亲为，但做事易迟疑不决，事后常常后悔，且常改变原来的主意。/n一生劳苦不安，且有夭寿的可能。</content></dizhi><dizhi id="3"><content id="1"></content><content id="2"></content></dizhi><dizhi id="4"><content id="1">自己对他人要求过严，感情强烈，头脑难得安闲，思虑太多，挥霍浪费，且太过追求享受，因而无清福可享。/n做事果断，干脆利落，效率高，有开创和奋斗精神，勤奋不息，凡事亲为。/n一生较劳心劳力，多漂泊动荡不定，容易身心不宁，焦躁苦闷，心理难以获得平静，且易遭遇刑伤祸事。</content><content id="2">自己对他人要求过严，感情强烈，头脑难得安闲，思虑太多，挥霍浪费，且太过追求享受，因而无清福可享。/n有开创和奋斗精神，勤奋不息，凡事亲为，但做事易迟疑不决。/n一生较劳心劳力，多漂泊动荡不定，容易身心不宁，焦躁苦闷，心理难以获得平静，且易遭遇刑伤祸事。</content></dizhi><dizhi id="5"><content id="1"></content><content id="2"></content></dizhi><dizhi id="6"><content id="1">自己对他人要求过严，感情强烈，头脑难得安闲，思虑太多，挥霍浪费，且太过追求享受，因而无清福可享。/n做事果断，干脆利落，效率高，有开创和奋斗精神，勤奋不息，凡事亲为。/n一生较劳心劳力，多漂泊动荡不定，容易身心不宁，焦躁苦闷，心理难以获得平静，且易遭遇刑伤祸事。</content><content id="2">自己对他人要求过严，感情强烈，头脑难得安闲，思虑太多，挥霍浪费，且太过追求享受，因而无清福可享。/n有开创和奋斗精神，勤奋不息，凡事亲为，但做事易迟疑不决。/n一生较劳心劳力，多漂泊动荡不定，容易身心不宁，焦躁苦闷，心理难以获得平静，且易遭遇刑伤祸事。</content></dizhi><dizhi id="7"><content id="1"></content><content id="2"></content></dizhi><dizhi id="8"><content id="1">自己对他人要求过严，感情强烈，头脑难得安闲，思虑太多，挥霍浪费，且太过追求享受，因而无清福可享。/n有开创和奋斗精神，勤奋不息，凡事亲为，但做事易迟疑不决，事后常常后悔，且常改变原来的主意，一生较为辛劳，福寿较浅，但晚年较易获得安享。</content><content id="2">自己对他人要求过严，感情强烈，头脑难得安闲，思虑太多，挥霍浪费，且太过追求享受，因而无清福可享。/n有开创和奋斗精神，勤奋不息，凡事亲为，但做事易迟疑不决，事后常常后悔，且常改变原来的主意。/n一生劳苦不安，且有夭寿的可能。</content></dizhi><dizhi id="9"><content id="1"></content><content id="2"></content></dizhi><dizhi id="10"><content id="1">自己对他人要求过严，感情强烈，头脑难得安闲，思虑太多，挥霍浪费，且太过追求享受，因而无清福可享。/n做事果断，干脆利落，效率高，有开创和奋斗精神，勤奋不息，凡事亲为。/n一生较劳心劳力，多漂泊动荡不定，容易身心不宁，焦躁苦闷，心理难以获得平静，且易遭遇刑伤祸事。</content><content id="2">自己对他人要求过严，感情强烈，头脑难得安闲，思虑太多，挥霍浪费，且太过追求享受，因而无清福可享。/n有开创和奋斗精神，勤奋不息，凡事亲为，但做事易迟疑不决。/n一生较劳心劳力，多漂泊动荡不定，容易身心不宁，焦躁苦闷，心理难以获得平静，且易遭遇刑伤祸事。</content></dizhi><dizhi id="11"><content id="1"></content><content id="2"></content></dizhi></dashizhenyan></root>
