<?xml version="1.0" encoding="UTF-8"?>
<root>
	<kaiyun id="5" name="廉贞化禄"
		title="您命中廉贞化禄，可以开启您的好运气场，使您爱情、事业如鱼得水，好运滚滚来。
廉贞在人体中代表太阳穴、手指与手掌。所以开运的重点在于加强太阳穴的明亮度、手指的美感和手掌的保温！">开运方法一：按摩太阳穴，增强记忆力 
		如果能在每天临睡前及早晨醒来时按摩太阳穴，不仅能养目护身、消除疲劳，还能活化脑部的功能，稳定我们的情绪，使我们精神更集中。将一天要做的事情有系统的存在我们的大脑里，做事自然有系统，官运节节上升。
		方法：
		采取坐姿，将两手掌擦热，贴于太阳穴，稍稍用力，顺时针转10到20次，再逆时针转相同的次数即可。每天维持做，最好不要中断。

		开运方法二：十指相敲，十拿九稳
		十指是我们身体的末梢神经，也是我们心气、血气最不容易到达的地方。廉贞星为丁火，化忌时，手脚末梢会冰冷，女性容易经痛、月经不顺。
		十指末梢有很多的井穴，常做十指相敲法，不只能改善手脚冰冷的问题，还可强化手指的灵活性。增强脑部的功能，让我们做事更加得心应手，十拿九稳！
		方法：
		双手十指相对，互相敲击，有空就做，次数不限。

		开运方法三：天天拍掌，天天拥有好气场
		廉贞代表手掌，而手掌上是我们五脏六腑的健康反射区，时常拍我们的手掌，可对身体五脏六腑的气血达到调节的作用，还可改善失眠，去除心中郁闷，给您天天好运气，天天拥有好气场。
		方法：
		拍手掌有两个方法，可以互相交替排。
		实心拍掌：双手掌对掌互相拍击，拍出响声，每天最少五分钟，直至双手感觉发热、发痛为止。或给自己一个目标，每天最少200到300下等。
		局部拍：双手随意局部拍打，例如手掌拍手掌、手指拍手指或手掌从上至下拍打左手掌，再交换拍打。如此重复直至双手感觉发热、发痛为止。
	</kaiyun>
	<kaiyun id="1" name="天机化禄"
		title="您命中天机化禄，可以开启您的好运气场，使您爱情、事业如鱼得水，好运滚滚来。
天机在人体中代表手、脚和耳朵。所以开运的重点在适当露出耳朵，或者佩戴耳环，加强视觉圆满效果，并使耳朵看起来大而且有福气。">开运方法一：纤纤细手，天天好机运
		拥有纤纤均匀的细手可以为您带来好运，民间有很多方法可以使手臂变细，推荐一种非常有效的方法，但注意孕妇或身体带伤者不能做哦！
		方法：
		利用一张高矮适当的椅子，背向它，双手贴在椅座上，脚跟贴地不要翘起。利用手臂的力量让身体上下移动，做到手臂不能再承受为止。早晚各做一次，或有空就做，很快就会看到自己手臂慢慢变细、变得结实！

		开运方法二：强化腿部，天天走好运
		使腿部变细的方法也很多，这里提供一种方法，不单单可以增强腿部肌肉功能，使腿部变细，并且可防止老化，加强记忆力！
		健步法：
		每5秒走10步，每晚30分钟。
		常做手脚或腿部运动，可强化自身的气场与能量。
	</kaiyun>
	<kaiyun id="4" name="天同化禄"
		title="您命中天同化禄，可以开启您的好运气场，使您爱情、事业如鱼得水，好运滚滚来。
天同在身体中代表耳垂和足部，所以开运的重点在耳垂的视觉上，注意足部皮肤的润滑和保养。龟裂的足部间接也透露出运气不好的征兆。">开运方法一：心肾相交，强化好肾气
		天同是壬水，与肾脏有关。肾气不足，心脏也会不好，耳朵问题或者是耳垂突然出现皱褶，是心肌梗塞和心脏病的前兆，因为多做心肾相交可疏通我们的心血管与强化肾脏的功能，自然能使耳垂越长越美，看起来福气逼人！
		方法：
		中指是心包经的井穴，所以用中指插进耳朵里，在里面旋转180度，动作要轻、要柔、要缓，像小虫子在里面蠕动一样，指甲也一定要剪得很干净，旋转约二、三十秒后，突然将手指猛然向外拔出，最好能听见声响，这样就可完成简易的心肾相交。

		开运方法二：揉捏耳朵，延年长寿
		方法：
		耳朵上有很多的穴位，有空时多用拇指与食指揉捏整个耳朵，包括耳垂，由内向外，直至有点发热为止。据中医师意见，如此常做可达到清脑明目、健肾壮腰、养身延年的功效！

		开运方法三：天天泡脚，好足气
		每晚用热水泡脚：
		对人体来说，上半身最重要的是颈椎与咽喉，中间最重要的是腰，下半身最重要的足部，特别是脚踝，是我们健康的根基，此部位不可以受寒，受寒则百病易生。
		每晚最好用热水泡脚，水要超过脚踝，最少20分钟，直至身体微微出汗。之后再适当的擦揉足部和腿部。这样不但可以吃好、睡好，对健康也有莫大的助益！
	</kaiyun>
	<kaiyun id="7" name="太阴化禄"
		title="您命中太阴化禄，可以开启您的好运气场，使您爱情、事业如鱼得水，好运滚滚来。
太阴在身体中代表头发和眼睑，所以开运的重点在加强头发的健康保养和强调眼睑的视觉宽阔丰满性。">开运方法：甩开三千烦恼丝，没烦恼
		如何甩开三千烦恼丝？最简单的方法是天天梳头。
		梳头是一门大学问，很多人认为梳头只是为了头发弄整齐。其实不是这样的，梳头实际上是在疏通我们头上的经络，也在疏开我们的烦恼。中医学角度：“不通则痛，通则不痛”，经络不通的地方一定会痛，一定要把它揉开，问题才会解决。梳头其实就是在疏通我们头上的各个经络，打通身体的五脏六腑，强化肝脏与肾脏，经络一通，头脑也通了！
		方法：
		1）选择粗一点的梳子，也可以用手指抓梳头发。
		2）动作要轻柔，不要大力拉扯，会弄伤头皮的。
		3）先弯腰低头，将头发甩到前面，由后颈发际开始往前梳至发梢，最少100下。之后再抬起头，将头发甩向后脑，再由前额发际向后梳至发尾，最少100下。如果可以早晚各梳一次，没时间时选择晚上梳头，可帮助睡眠。
		4）不湿头睡觉，会引起头疼、眼花、脱发、脸发黑等问题。
		5）要有正常作息，适当的运动，不熬夜。身体不健康，头发一定不会有光泽。
		多食绿色蔬菜、豆类以及海藻类食物，如海带、海草、紫菜等含钙、钾、碘等物质。
	</kaiyun>
	<kaiyun id="8" name="贪狼化禄"
		title="您命中贪狼化禄，可以开启您的好运气场，使您爱情、事业如鱼得水，好运滚滚来。
贪狼在身体中代表人中和山根，所以开运的重点在加强人中和山根的清晰度与视觉立体感上。">开运方法一：打通任、督二脉，增加气场
		贪狼为甲木，万物之始，与寿命、养生有关。而任、督脉是我们身体两条重要的阴、阳血气交汇主脉。任、督二脉若果通了，则八脉皆通；八脉通，则百脉通，能改善体质，强筋健骨，促进循环，达到养生的目的。
		方法：
		原来任、督二脉的出口处就在我们口中上颚处，所以只要常用舌头顶上颚，最少9下，天天做，就能的打通我们任、督，达到养生的效果。

		开运方法二：静坐调气，不浮气
		您适合多做运动、养生与运气，这样能减少浮气，也能使您的身体机能保持最佳状态，时时精力充沛，爱情、事业两得意。
	</kaiyun>
	<kaiyun id="3" name="武曲化禄"
		title="您命中武曲化禄，可以开启您的好运气场，使您爱情、事业如鱼得水，好运滚滚来。
武曲在身体中代表眉毛、鼻子和额骨，所以开运的重点男性要在眉毛上强化刚强气场，女性应该柔化额骨的刚强性，男女双方都要突出鼻头的圆满亮度，可以增加自己的人气和财气。">开运方法一：
		开运重点在眉毛、鼻子与额骨，不要乱拔眉毛，眉毛太细或太稀疏，是您运气不好的象征，不利于财运的追求。鼻孔不宜仰漏，鼻毛露出就要立刻减掉，这样才能扬眉吐气，财官双全！

		特别是女性，如果能把自己的心境调适好，经常注意自己的言行，说话声调拉低，行动温柔些，并且放弃争执过多的欲望，渐渐您会发现面相越来越圆润，额骨也变得不再那么明显了，命自然会更好！
	</kaiyun>
	<kaiyun id="2" name="太阳化禄"
		title="您命中太阳化禄，可以开启您的好运气场，使您爱情、事业如鱼得水，好运滚滚来。
太阳在身体中代表头部、眼睛和下巴，所以开运的重点在于加强眼部美感和下巴的圆润丰满。">开运方法一：按压百会穴，太阳能量启动器
		百会穴是人体督脉、膀胱经、肝经相交的穴位，也是人体阳气最足的地方。当我们自己觉得头脑不清、思绪不能集中时，按压头上的百会穴，可立刻达到提升阳气、醒目的效果。

		开运方法二：练习静坐，存贮能量
		练习静坐，让心神安定。每天晚上最少抽出10分钟，让自己的心神安定，养护自己的大脑。人在心情平稳。安定的情况下，脑波就会呈现非常稳定而且有节律的跳动，还可以消除一身的疲劳。
		方法：
		第一步全身放松：双掌合十，对准胸前膻中穴约一拳距离，掌尖向外倾斜30度，全身放松，双眼微闭，如果可以，将舌头顶住上颚，让任、督二脉相通。

		第二步观想宇宙能量：观想宇宙能量，想象有一股金色的光开始滋润净化我们的身心，从头顶百会穴进入，此光充满头部、两肩，滋润我们身体慢慢往下，至两手掌心，再从颈部到胸部、肺部、心、脾胃、到达臀部、两脚，之后从脚底的涌泉穴净化排出。最后请放空思绪，让大脑一片空白。

		第三步深缓呼吸：最后让自己的头脑放空，让心保持安静。身体放轻松，闭上眼睛，慢慢吸气至肺部充满空气后，再慢慢呼出。每天应该持续最少10分钟。
	</kaiyun>
	<kaiyun id="9" name="巨门化禄"
		title="您命中巨门化禄，可以开启您的好运气场，使您爱情、事业如鱼得水，好运滚滚来。
巨门在身体中代表口腔、咽喉和颈椎，所以开运的重点在于强调口、嘴、咽喉和颈椎，多发出悦耳声音，口出佳言，将会使您无往不利，百战百胜。">开运方法一：保持咽喉通畅
		尽量不吃刺激性、油炸物或大蒜、辣椒、韭菜等气味重的食物，以保持气管、喉咙与声带的顺畅。

		开运方法二：不破坏牙齿美观
		抽烟、槟榔等是最容易破坏牙齿、口腔的卫生及美观，会得口腔癌、肺癌等，应该尽量避免。

		开运方法三：津宜数嚥，犹如天天吃燕窝
		在中医里有个叫“津宜数嚥”的方法，就是鼓起我们的腮帮子做漱口状，等嘴里唾液充满后再分三次吞下去。此方法具有养颜补气的功效。
	</kaiyun>
	<kaiyun id="11" name="天梁化禄"
		title="您命中天梁化禄，可以开启您的好运气场，使您爱情、事业如鱼得水，好运滚滚来。
天梁在身体中代表法令纹、眉尾和大腿，所以开运的重点在于遮挡法令纹，加强眉毛的整齐立体感，穿着适当的衣服来避免大腿过粗。">开运方法一：清淡、少油，和胖腿说bye bye！
		除了多做腿部运动与按摩外，在饮食上也要做到清淡、少油、低脂肪与高纤维的食物，如此就能减轻大腿的肥胖感。

		开运方法二：眉开眼笑，青春飞扬
		平常尽量不要皱眉，会使原本稳重成熟的您看起来更加老气，死气沉沉，失去活力。
	</kaiyun>
	<kaiyun id="13" name="破军化禄"
		title="您命中破军化禄，可以开启您的好运气场，使您爱情、事业如鱼得水，好运滚滚来。
破军在身体中代表眼睛、胸部肌肉和肩膀，所以开运的重点在于强化眼睛美感，抬头挺胸，展现您的自信，拥有海洋般的健康美是您最大的吸引力。">开运方法一：开睛点穴，创造诱惑电眼
		用劳宫穴热敷眼睛：将手掌心擦热，眼睛闭起来，之后快速的贴在眼睛上，停留一会儿。每天一次，每次最少20下。这样做可以减少眼睛疾病，使眼睛更明亮。

		开运方法二：浴眼法，塑造水晶双眼
		每天早晚洗脸时，头低下，用水洒眼睛，当水接触到眼睛时顺便转动眼球，最少10次。这样做不但可以按摩我们的眼睛，还可以防止老花眼，使眼睛更漂亮。

		开运方法三：深呼吸护肩，奇妙轻松
		每天最少10分钟，让自己静下来，放松肩部，深深地、慢慢地呼气和吸气，这样做可以使我们肩部的缺盆穴蠕动，达到保护肩膀的功效。
	</kaiyun>
</root>