<?xml version="1.0" encoding="UTF-8"?>
<root><youque><xingdi id="0" name="紫微星"><you>求知欲盛，好胜心强，厚实稳重，不疾不徐，自爱自重，重视品质。 </you><que>刚愎自用，眼高手低，虚荣心重，占有欲强，自负任性，喜爱发号施令。</que></xingdi><xingdi id="1" name="天机星"><you>分析研究，思虑周全，反应敏捷，待人亲切，学有所长，善体人意，喜欢团体活动。 </you><que>神经过敏，理想太高，烦躁倔强，不易认错，幻想太多，心神不宁，精神压力太重，受困人情面子，猜疑妒忌，因小失大。</que></xingdi><xingdi id="2" name="太阳星"><you>热情积极，坦率直接，心地宽宏，不许仇怨，精力十足，雄辩滔滔。 </you><que>操心操劳，心浮气躁，过分热心，容易招摇，逞强好胜，独揽责任，喜欢椐理力争，一生难免辛劳。</que></xingdi><xingdi id="3" name="武曲星"><you>刚毅果决，自立自强，吃苦耐劳，勇于任事，不畏挫折，负责尽职。 </you><que>孤僻自怜，倔强固执，待人欠缺圆通，处事略嫌严苛，自我要求过高，权利欲望太大。</que></xingdi><xingdi id="4" name="天同星"><you>平易近人，知足常乐，心地宽宏，不记仇怨，乐于施舍，贵人运强，注重生活情趣，不会争权夺利。 </you><que>畏首畏尾，感情用事，大而化之，耐性不足，缺乏干劲，想多做少。</que></xingdi><xingdi id="5" name="廉贞星"><you>负责尽职，见识不凡，思想新颖，是非分明，敢作敢当，积极进取。 </you><que>心高气傲，情绪多变，自视过高，一意孤行，锋芒太露，逞强好胜，要求过严，心狂性暴。</que></xingdi><xingdi id="6" name="天府星"><you>心地仁厚，不拘小节，天性乐观，热心助人，不争名利，自由惬意。</you><que>大而化之，随遇而安，缺少冲动，贪欢享受，欠缺魄力，耐性不足。</que></xingdi><xingdi id="7" name="太阴星"><you>按部就班，要求完美，个性谦虚，待人和气，合群性强，勇于负责，喜欢学习研究，处世平稳妥善。</you><que>多愁善感，逃避现实，缺少自信，优柔寡断，顾影自怜，容易悲观，情绪波折起伏，常受意见困扰。</que></xingdi><xingdi id="8" name="贪狼星"><you>多才多艺，灵敏机巧，善于交际，学习力强，足智多谋，野心十足，生活多姿多彩，常得异性助力。 </you><que>贪多务得，不喜深入，任性倔强，缺少恒心，喜新厌旧，多学少精，贪欢享受，欲望强烈。</que></xingdi><xingdi id="9" name="巨门星"><you>心思细密，耿直明快，专心一意，理解力强，中规中矩，直来直往。 </you><que>恃才傲物，多疑善变，刀子嘴，豆腐心，难得助力，不易服人。</que></xingdi><xingdi id="10" name="天相星"><you>斯文有礼，应付得体，谨慎塌实，思虑周全，沟通力强，人际和谐。 </you><que>意志不坚，粉饰太平，眼高手低，多说多做，轻言许诺，虚荣心重。</que></xingdi><xingdi id="11" name="天梁星"><you>慈悲为怀，成熟稳重，思想超然，客观公正，具有侠义精神，能够临危受命，施恩不求报偿，重视公益服务。 </you><que>老气横秋，太重面子，感情用事，喜受奉承，过度热心，难得安闲，吃亏上当，操心烦神。</que></xingdi><xingdi id="12" name="七杀星"><you>胸襟磊落，不畏挑战，举止大方，反映敏捷，行侠仗仪，不拘小节。</you><que>率性而为，冒险投机，不记后果，言语易起冲突，难以分辨善恶，历经沧桑，孤独难免。</que></xingdi><xingdi id="13" name="破军星"><you>身体力行，求新求变，吃苦耐劳，勇于任事，不畏横暴，善恶分明，反应迅捷，坦白直率。 </you><que>我行我素，喜新厌旧，个性倔强，反抗心重，不易合作，欠缺弹性，遇事每多辩驳，翻脸六亲不认。</que></xingdi><xingdi id="0#13" name="紫微、破军"><you>富创意、勇于创新，有开创及冲劲。</you><que>固执霸道、自负爱现，容易翻脸无情。</que></xingdi><xingdi id="0#6" name="紫微、天府"><you>稳重、谨慎、聪明，富学习力，管理能力强。</you><que>个性矛盾自负，爱抓权，喜欢耍老大。</que></xingdi><xingdi id="0#8" name="紫微、贪狼"><you>多才多艺，善于应用人际关系，能突显自己的优点。</you><que>倔强固执，贪得无餍，眼高于顶。</que></xingdi><xingdi id="0#10" name="紫微、天相"><you>稳健理性、谨慎有原则，有管理能力。</you><que>固执、挑剔、不知变通，不讲情面。</que></xingdi><xingdi id="0#12" name="紫微、七杀"><you>通权达变，有管理能力，人际关系佳。</you><que>霸道主观、独断独行，喜欢发号施令。</que></xingdi><xingdi id="1#7" name="天机、太阴"><you>精明沉着、心思细腻、足智多谋。</you><que>自私、爱计较、善变、心机重。</que></xingdi><xingdi id="1#9" name="天机、巨门"><you>聪明冷静、有谋略，具说服力，擅企划。</you><que>主观强、多疑、好计较，诡计多端，人际关系欠圆融。</que></xingdi><xingdi id="1#11" name="天机、天梁"><you>心地善良、口才佳，组织企划能力强。</you><que>孤僻、没耐性，善妒、爱计较。</que></xingdi><xingdi id="2#11" name="太阳、天梁"><you>热心，喜欢照顾人，企划能力不错，人际关系良好。</you><que>个性急躁，喜欢耍大牌，口没遮拦招人怨。</que></xingdi><xingdi id="2#7" name="太阳、太阴"><you>勤俭热心、心思细腻，有耐性、适应力强。</you><que>情绪多变、忽冷忽热、私心较重。</que></xingdi><xingdi id="2#9" name="太阳、巨门"><you>忠实诚恳、有谋略、应变力强，企图心旺盛。</you><que>投机心态，多疑，讲话太直接容易伤人。</que></xingdi><xingdi id="3#10" name="武曲、天相"><you>聪明热心、严谨、善理财。</you><que>好管闲事，过份重视钱财，个性挑剔善变。</que></xingdi><xingdi id="3#12" name="武曲、七杀"><you>积极进取，能坚持理念，忠于职守。</you><que>主观强，固执不知变通。</que></xingdi><xingdi id="3#13" name="武曲、破军"><you>勤奋、有企图心，擅于经营人际关系。</you><que>固执好争、贪得无厌。</que></xingdi><xingdi id="3#8" name="武曲、贪狼"><you>具有强烈企图心，很能吃苦耐劳。</you><que>情欲物欲强，别人眼中的小儿科。</que></xingdi><xingdi id="3#6" name="武曲、天府"><you>内敛、沈稳、有魄力，有领导及经营能力。</you><que>急躁、短视、固执、霸道。</que></xingdi><xingdi id="4#9" name="天同、巨门"><you>感情丰富、心地善良。</you><que>情绪多变，倔强任性、缺乏开创力。</que></xingdi><xingdi id="4#11" name="天同、天梁"><you>敬业乐群、思虑周密、聪明有谋略。</you><que>开创力不足，个性不积极。</que></xingdi><xingdi id="4#7" name="天同、太阴"><you>感情丰富、心地善良、有亲和力。</you><que>情绪化，抗压力不足，缺乏冲力。</que></xingdi><xingdi id="5#6" name="廉贞、天府"><you>精明能干、长于策划，能掌控大局。</you><que>贪婪多疑，强悍、霸道，目中无人。</que></xingdi><xingdi id="5#8" name="廉贞、贪狼"><you>直觉敏锐、口才佳，有个人魅力，富才艺、善企划。</you><que>争强好胜，善妒、重情欲，缺乏自制力。</que></xingdi><xingdi id="5#10" name="廉贞、天相"><you>风趣幽默、多才多艺、精于企划。</you><que>好胜多疑，喜欢行巧弄险，不务实。</que></xingdi><xingdi id="5#12" name="廉贞、七杀"><you>强势能干、可独当一面，善于分析企划。</you><que>反复无常、固执多疑、自我保护主义。</que></xingdi><xingdi id="5#13" name="廉贞、破军"><you>创意足，具竞争心，有主导力。</you><que>缺乏弹性，霸道善变，自我主义。</que></xingdi></youque><other><xingdi id="16" name="文曲"><you>    生性聪明绝顶，凡事能够触类旁通，闻一知十，在数理、工程、工艺方面颇有建树。另外，文曲又能言善辩，口才极佳，具有很深的文艺修养。</you><que></que></xingdi><xingdi id="17" name="文昌"><you>    生性儒雅风流，风度翩翩，同时又智慧过人，口才极佳，能说会道，具有很深的文学艺术修养，在学术研究上颇有建树，也因此颇得异性青睐。</you><que></que></xingdi><xingdi id="18" name="左辅"><you>    性忠厚、善良、热情，对人和蔼可亲，随和大方，极易让人产生一种信任感；同时，此星又积极进取乐于助人，无论是自己还是别人遇到困难时都能以乐观的心态去面对，解决自己或别人所面临的困境。</you><que></que></xingdi><xingdi id="19" name="右弼"><you>    性忠厚、善良、热情，对人和蔼可亲，随和大方，极易让人产生一种信任感，积极进取乐于助人，无论是自己还是别人遇到困难时都能以乐观的心态去面对，解决自己或别人所面临的困境。</you><que></que></xingdi><xingdi id="20" name="天魁"><you>    性朴实无华，举止大方，气度宽宏，有一股自然的威严，善于助人。天魁为贵人星，是天乙贵人，即男性贵人。乐于发言、心地善良、心直口快等意思，往往给人思想上的指导帮助。</you><que></que></xingdi><xingdi id="21" name="天钺"><you>    性朴实无华，举止大方，气度宽宏，有一股自然的威严，善于助人。天钺星为女性贵人星，会给予意见、方向作为参考的人，有乐于发言、心地善良、心直口快等意思。</you><que></que></xingdi><xingdi id="22" name="擎羊"><you></you><que>    行为粗暴，众人畏而远之，疏者不知其粗暴，交往一阵之后，亦畏之避之。擎羊会令人害怕，毅力若用于建设性的事务上，必能使之成功；但若用于破坏，其杀伤力也令人胆颤心惊。</que></xingdi><xingdi id="23" name="陀罗"><you></you><que>    有泪不轻弹，打落牙齿和血吞的性格。是个怨恨难消，必寻暗中报复之道，君子报仇，三年未晚，陀罗则是不论何时皆在寻求『致命一击』的暗中报复之道。</que></xingdi><xingdi id="24" name="火星"><you></you><que>    性急躁、火暴，缺乏冷静思考的能耐，因而易出错遭伤。相由心生，暴急之性当然也会表现于脸上，破坏力令人措手不及。</que></xingdi><xingdi id="25" name="铃星"><you></you><que>    性格较阴沉，行事较迟疑不决，给人慢吞吞的感觉，但其爆发力也极惊人，其破坏力更令人措斗不及。</que></xingdi><xingdi id="26" name="地空"><you></you><que>    想象力丰富，但不具行动力，常常只想不做，钱财的获得，最起码是要劳动肢体去搬运或争取，不是脑子一转，钱财就从天上掉下来，所以天空不生财，散财倒是一流的。</que></xingdi><xingdi id="27" name="地劫"><you></you><que>    心高气傲、狐假虎威，想多做少，进退无逻辑可寻的个性，行动时亦草率为之，茫然无以为据，不合用兵逻辑，到处乱闯。偶有所成，随即败逃。</que></xingdi></other><xingge><xingdi id="0" name="紫微星入命宫时的性格特点"><tedian>    您与他人的互动往往需（或会想）要透过第三者来居中处理，往好处想，是借力使力，思虑周详，能授权给他人行事，具有宽大包容的人格特质，可是，从另一个角度看，却有不敢或不愿直接面对事情（抗压性低）、无法立即解决问题的（拖延）特质，有推诿卸责，不敢勇于任事的逃避个性。此外，您有「以我为尊」的心态，认为别人对您的服务与奉献都是理所当然的，经常有「人人为我」的想法。</tedian><kaiyun>    您比较谨慎有条理，但同时得失心也比较重，容易产生焦虑情绪，进而使得邪气近身。葫芦自古以来便是最常用的吉祥物，它可以吸取人身上的晦气。把$T2#天然黄水晶葫芦吊坠#$戴在身上或挂在床头，就会有好功效，有顺气作用，可促进你情绪稳定，还能对外界的邪气产生抵抗里，保佑佩戴者身心健康。</kaiyun></xingdi><xingdi id="1" name="天机星入命宫时的性格特点"><tedian>    您具有一颗不安定的心，这里逛逛那里看看，是这您特有的现象，而您的不安定，最主要是好奇心，凡是新鲜的事务都会引起您好奇，不过，要是不能进一步挑起您的兴趣，您很快就会将好奇心转移到下一个新鲜事上。此外，反应机灵也是您的另一个特质，所以您向来有智多星之称。只是，您的智是要运用得当，才是大智慧的显现，反之，就只是耍弄小聪明罢了，有时候您会因为自以为是好出风头，以致在有意无意之下目中无人，会树立敌人而自不知。</tedian><kaiyun>    您人性格外向，喜欢交际，但同时也容易因为介入太深，给自己招来麻烦，甚至身陷囹圄。选择$T1#十二生肖金镶玉#$作为开运吉祥物最合适不过，将精致的十二生肖金镶玉戴在身上，既有“平平安安”之意，带来贵人化煞，也可以带来令人赏心悦目的艺术感觉。玉有助于协调人体各器官生理平衡，千足金则对心脏有很好的调节作用，加强人的活力、能量、自信心，令您遇到麻烦也能轻松解决。</kaiyun></xingdi><xingdi id="2" name="太阳星入命宫时的性格特点"><tedian>    您具有崇高的理想，可以为了那天边的彩霞，而舍弃脚下的玫瑰，拥有大开大阖的特质。此外，「专注」是这个您的天性，所以当您投入于有兴趣的事务时，就很难再分心于「您所认定的其他杂务」，如果要您一心二用，那是很容易两头皆落空的。您的行事作风比较直接了当，也不太会掩饰内心的想法，属于言行一致的人，因此，您行为上所做的，就是您内心里所想的，您还有一颗服务的人，是「我为人人」的人。
</tedian><kaiyun>    您直来直往的性格容易会为自己招来麻烦，甚至身陷囹圄。选择$T1#十二生肖金镶玉#$作为开运吉祥物最合适不过，将精致的十二生肖金镶玉戴在身上，既有“平平安安”之意，带来贵人化煞，也可以带来令人赏心悦目的艺术感觉。玉有助于协调人体各器官生理平衡，千足金则对心脏有很好的调节作用，加强人的活力、能量、自信心，令您遇到麻烦也能轻松解决。</kaiyun></xingdi><xingdi id="3" name="武曲星入命宫时的性格特点"><tedian>    您粗中带细且条理分明的头脑，让自己有极佳的反应，以及优于他人的先见之明，是有自信的人，同时也是具有行动力的人，即知即行，行事敏捷，所以在工作上是个强人（好强之人），不太能接受他人的意见，特别是会看不惯与自己行事风格不同的主管，所以常不得主管缘。您有条理分明的头脑，再加上具有积极的行动力，所以也是个注重实力的人，不太对人奉承，而是以实力证明自己。
</tedian><kaiyun>    您比较谨慎有条理，但同时得失心也比较重，容易产生焦虑情绪，进而使得邪气近身。葫芦自古以来便是最常用的吉祥物，它可以吸取人身上的晦气。把$T3#冰种黑曜石葫芦吊坠#$戴在身上或挂在床头，就会有好功效，有顺气作用，可促进你情绪稳定，还能对外界的邪气产生抵抗里，保佑佩戴者身心健康。</kaiyun></xingdi><xingdi id="4" name="天同星入命宫时的性格特点"><tedian>    您拥有比其他人所更大的「勇」气，所以常「敢」于行事，但未必具有三思而「行」的特质，因此成败常决定于行事之前是否「谋定」，如果不能慎谋，极易成为有勇无谋之人。您先做再说的特性，再加上不太动脑的习惯，常让自己陷于风险中而自不知，运气好时，可以一帆风顺，运气背的话，就会惹来一身波折，是个容易受命运牵着走的人，不过，也由于您那不太用脑的特质，让自己即使身处困境，也不会觉得太难过，会认为忍一忍就过了，反正当下次机会来的时候，再搏它一搏就是了。
</tedian><kaiyun>    您性格比较安静内敛，遇到问题会忍耐，这样虽然避免了不少外来纠纷，但也容易因为患得患失，导致自己心神不安，佩戴$T4#本命佛#$就是一个不错的选择。有了本命佛的加持，任何阴暗霉运的事物都会绕道而行。经常佩带在身边，就可以助您辟邪定神保平安，给你带来新年好兆头哦！</kaiyun></xingdi><xingdi id="5" name="廉贞星入命宫时的性格特点"><tedian>    您心思细密警觉性超强，善于观察外界的人事物，然后不动声色地藏于内心，所以其他人大多搞不清楚您的内心到底在想什么，是属于内敛型的人，待人柔和，但外柔内刚，有鸭子滑水般的行事风格，经常在不动声色的情况下，完成了令其他人出乎意料之外的事情。您很坚持自己的信念行事，但过度的内刚，则常造成与人格格不入的现象，在人际关系上，容易亲近但不易深入。您也是爱面人，常以保护自己为行事准则，也因此而具有较大的怀疑心，与异性交往时则易吃醋。</tedian><kaiyun>    您拥有极大的活力和热情，待人柔和，但外柔内刚，常造成与人格格不入的现象，因而沾染煞气的概率也会大大增加，这时候最需要的是能够及时帮助您招祥化煞的开运物，$T5#冰种黑曜石金钱貔貅#$就是一个好选择。开过光的冰种黑曜石金钱貔貅完全能够发挥出它们的天然灵性和作用来驱除邪魔。赶快去请一只冰种黑曜石金钱貔貅，帮助自己在来年招来吉运吧。</kaiyun></xingdi><xingdi id="6" name="天府星入命宫时的性格特点"><tedian>    您是个很好的「中间人」，很习惯于居中帮人协调事情，因为您比其它人更具有能屈能伸的特质，所以在行事风格上也具有较大的弹性，是个「做人」比「做事」强的人。您还是「老二主义」的最佳代言人，可以一面奉承上意，另一面对其他人发号施令，善尽领袖人副手的角色，当「老大」不在时，您会很快地站上发言台的位置，趁机掌握形势。</tedian><kaiyun>    您为人协调事情的行为虽然可以帮助别人，但同时也可能会招来别人的不满，进而使得邪气近身。葫芦自古以来便是最常用的吉祥物，它可以吸取人身上的晦气。把$T2#天然黄水晶葫芦吊坠#$戴在身上或挂在床头，就会有好功效，有顺气作用，可促进你情绪稳定，还能对外界的邪气产生抵抗里，保佑佩戴者身心健康。</kaiyun></xingdi><xingdi id="7" name="太阴星入命宫时的性格特点"><tedian>    您温和，亲切柔顺，但内心却是坚持己见，甚至有挑剔的个性，决断力不足，是属于保守型的人，也因为保守，所以太阴族的行事风格讲求的是「渐变」，总是先求稳，再求快。此外，您的承受力与耐性也是一流的，虽不致事事逆来顺受，但很少在第一时间就与人针锋相对，而是耐着性子温和地向人解释，尽量处处与人为善，因此大多能化干戈于无形；「务实」则是您的另一个特征，在动手做之前，通常会仔细衡量目标的可行性，胜算高时才会执行。</tedian><kaiyun>    您性格比较安静内敛，不太喜欢过分表现自己，虽然避免了不少外来纠纷，但也容易因为患得患失，导致自己心神不安，佩戴$T4#本命佛#$就是一个不错的选择。有了本命佛的加持，任何阴暗霉运的事物都会绕道而行。经常佩带在身边，就可以助你辟邪定神保平安，给你带来新年好兆头哦！</kaiyun></xingdi><xingdi id="8" name="贪狼星入命宫时的性格特点"><tedian>    您的原创力并不强，但吸收力强反应快，所以凡事一旦进入状况之后，具有举一反三的快速应变能力，速度之快常让其他人措手不及，是属于学习型的人，所以您有时令人看起来不太机灵，也有点粗线条，其实，您的心思极为细腻，思考速度比超级计算机的运算速度还要快。您还可以将大事、小事、重要的事、无关紧要的事分得很清楚，所以一旦他们规划要做的事，会有条不紊地逐一完成。</tedian><kaiyun>    您学习能力强，但不太机灵的初期表现会令人不满，因而沾染煞气的概率也会大大增加，这时候最需要的是能够及时帮助您招祥化煞的开运物，$T6#天然彩虹眼黑曜石吊坠#$就是一个好选择。开过光的天然彩虹眼黑曜石吊坠完全能够发挥出它们的天然灵性和作用来驱除邪魔。赶快去请一只冰种黑曜石金钱貔貅，帮助自己在来年招来吉运吧。</kaiyun></xingdi><xingdi id="9" name="巨门星入命宫时的性格特点"><tedian>    您具有极鲜明的「爱」「恨」个性，而且您对一个人的爱或恨，会很直接了当地透过言语表达出来，对所喜爱的人，会且巧言令色，对厌恨的人，则会将其批评得体无完肤，是个行事作风颇受争议的人。您具有正义感，总认为世间事要有个公平与正义，而「好斗」也是您的人格特质之一，您会为了追求自己的理想，而不断地去挑「斗」您所认定的敌人，直到有一方倒下或逃跑了，才善罢干休。</tedian><kaiyun>    您「爱」「恨」鲜明的个性，会令对您有意见的人设法针对，给自己招来麻烦，甚至身陷囹圄。选择$T1#十二生肖金镶玉#$作为开运吉祥物最合适不过，将精致的十二生肖金镶玉戴在身上，既有“平平安安”之意，带来贵人化煞，也可以带来令人赏心悦目的艺术感觉。玉有助于协调人体各器官生理平衡，千足金则对心脏有很好的调节作用，加强人的活力、能量、自信心，令您遇到麻烦也能轻松解决。</kaiyun></xingdi><xingdi id="10" name="天相星入命宫时的性格特点"><tedian>    您拥有一颗暖暖的心，济弱扶倾是您终其一生的职志，必要的时候，您能燃烧自己，照亮别人，所以您具有宽大的胸怀，宁愿将荣耀献给您认为值得奉献的人，也很少站上第一线接受赞美与掌声，这就是您。您也是「追星一族」，一旦有喜爱的偶像出现，极易出现不理性的崇拜，对演艺人员如此，对宗教大师也是如此。</tedian><kaiyun>    您意志不坚，同时得失心也比较重，容易产生焦虑情绪，进而使得邪气近身。葫芦自古以来便是最常用的吉祥物，它可以吸取人身上的晦气。把$T3#冰种黑曜石 葫芦吊坠#$戴在身上或挂在床头，就会有好功效，有顺气作用，可促进你情绪稳定，还能对外界的邪气产生抵抗里，保佑佩戴者身心健康。</kaiyun></xingdi><xingdi id="11" name="天梁星入命宫时的性格特点"><tedian>    您顺应环境的能力相当好，当得势之时，喜欢逆势操作，总能创新话题，引发新风潮，失势的时候，见风转舵的功力也是一流的，能够放下身段，在夹缝中求生存。「毅力坚强」是您的特质，当设定了某个目标之后，会持续不断地去执行，一波接一波的绵密手段，总令人看得目不暇给，而且只要一逮到机会，见缝插针的功力更是上乘。您是个务实的人，会将成果看得比过程要来得重要，为达目的，手段方面会有些不近人情，行事急如风，容易给人强悍的观感。</tedian><kaiyun>    您常常把成果看得比过程要来得重要的行为会无形中得罪朋友同事，引来不少外来纠纷，容易因为患得患失，导致自己心神不安，佩戴$T4#本命佛#$就是一个不错的选择。有了本命佛的加持，任何阴暗霉运的事物都会绕道而行。经常佩带在身边，就可以助你辟邪定神保平安，给你带来新年好兆头哦！</kaiyun></xingdi><xingdi id="12" name="七杀星入命宫时的性格特点"><tedian>    您是个以外表冷静见长的人，即使内心已经紧张得很，或是热血沸腾得不了，外表上看看起来总是酷酷的模样，其他人容易以为您爱要酷，其实这是您的性格使然，而这种性格也让您活得有些孤独，所以您经常是独来独往的。除了外表冷静，您独力行事的能力也非常强，您会尽可能克服内心的恐惧，勇敢地独力向环境挑战，是个有勇有谋的人。而您那爱面子，以及不擅表达情感的特质，则常让您在感情方面生活得很辛苦，也因为您的爱恨不形于色，所以若要报复某个人，那可真是十年也不嫌晚。</tedian><kaiyun>    您不擅表达情感，无论工作学习处处都会令与您接触的人对您有误解，因而沾染煞气的概率也会大大增加，这时候最需要的是能够及时帮助您招祥化煞的开运物，$T7#彩虹眼黑曜石貔貅手链#$就是一个好选择。开过光的彩虹眼黑曜石貔貅手链全能够发挥出它们的天然灵性和作用来驱除邪魔。赶快去请彩虹眼黑曜石貔貅手链，帮助自己在来年招来吉运吧。</kaiyun></xingdi><xingdi id="13" name="破军星入命宫时的性格特点"><tedian>    您是个反应敏捷，行动力超强的人，总是充满自信，经常凭着一时的冲动而行事，具有敢冲敢撞的行事风格，成败常在一瞬间。在火烈的个性中，您其实对人很关心，也愿意付出心力来照顾他人，只是，您老是不够体贴，经常在自以为是的态度之下与人互动，因此，所付出的善意也时常无法获得同等的反馈，甚至引发争执或争吵。「不怕挫折」是您的另一特质，您很少向环境低头，如果不幸失败了，常能在极短的时间内打起精神重新来过。</tedian><kaiyun>    您拥有极大的活力和热情，无论工作学习处处都会走在前面，因而沾染煞气的概率也会大大增加，这时候最需要的是能够及时帮助您招祥化煞的开运物，$T8#黑曜石双貔貅手链#$就是一个好选择。开过光的黑曜石双貔貅手链全能够发挥出它们的天然灵性和作用来驱除邪魔。赶快去请彩虹眼黑曜石貔貅手链，帮助自己在来年招来吉运吧。</kaiyun></xingdi><xingdi id="0#13" name="紫微星+破军星入命宫时的性情"><tedian>    您具有强烈地除旧布新的开创性格，即知即行是您的特性，但是，您经常会犯下思虑不周的毛病，所以虽说有很好的行动力，却未必能获得良好的执行成果，是个开创颇有力、守成难有功的人。您总是希望自己在团体中能成为领导人物，而为了巩固自身在团体中的权力地位，即使与人争长论短也在所不惜，必要时甚至会自立门户与老东家互别瞄头比高下，您也会将这争长短拥地位的习性展现在婚姻生活中，会让另一半感到压力难舒解。</tedian><kaiyun>    您拥有极大的活力和热情，与人争长论短也在所不惜，因而沾染煞气的概率也会大大增加，这时候最需要的是能够及时帮助您招祥化煞的开运物，$T8#黑曜石双貔貅手链#$就是一个好选择。开过光的黑曜石双貔貅手链全能够发挥出它们的天然灵性和作用来驱除邪魔。赶快去请彩虹眼黑曜石貔貅手链，帮助自己在来年招来吉运吧。</kaiyun></xingdi><xingdi id="0#6" name="紫微星+天府星入命宫时的性情"><tedian>    您喜爱享有运筹帷幄于内、决胜于千里之外的领导感觉，自视颇高，总是认为自己比较优越，所以会想办法让自己能成为人上人，权力、名位、财富都会是您努力追求的目标。在待人处事方面，当您拥有某种程度的权力地位时，会表现出高傲的姿态，而当您在追求金钱财利时，又会有平易近人的身段，常能根据外在环境的变化而调整自己的行事策略及行动步骤，可说是个能运用两面手法的人。</tedian><kaiyun>    您比较谨慎有条理，但同时得失心也比较重，容易产生焦虑情绪，进而使得邪气近身。葫芦自古以来便是最常用的吉祥物，它可以吸取人身上的晦气。把$T2#天然黄水晶葫芦吊坠#$戴在身上或挂在床头，就会有好功效，有顺气作用，可促进你情绪稳定，还能对外界的邪气产生抵抗里，保佑佩戴者身心健康。</kaiyun></xingdi><xingdi id="0#8" name="紫微星+贪狼星入命宫时的性情"><tedian>    您是个如果没有拥有了自认为足够的钱时，就会觉得非常没有安全感的人，因此您经常汲汲营营于如何获得金钱财利这件事上，也很喜欢把钱花在自己身上的那种感觉，所以一旦您身边有了自认为足够的钱时，总不忘为自己打点行头与享用美食，身上穿的用的会讲究是否为名牌之流，也容易养成用物质去衡量他人的心态。相对于用物资建构起来的有形外表，您做事谨慎保守，当遇到进退两难的事时，那无形的内心会变得非常没有自信，此时会转而征询他人的意见，以此来为自己的决定壮胆，增强自己的信心。</tedian><kaiyun>    您比较谨慎有条理，但同时得失心也比较重，容易产生焦虑情绪，进而使得邪气近身。葫芦自古以来便是最常用的吉祥物，它可以吸取人身上的晦气。把$T2#天然黄水晶葫芦吊坠#$戴在身上或挂在床头，就会有好功效，有顺气作用，可促进你情绪稳定，还能对外界的邪气产生抵抗里，保佑佩戴者身心健康。</kaiyun></xingdi><xingdi id="0#10" name="紫微星+天相星入命宫时的性情"><tedian>    您是个机会主义者，当外界情势不利于您时，能屈居于别人的屋檐下，甚至于帮人抬轿都是可以的，当外界情势对您有利时，会有强烈地意志想要要另立山头，希望自己能独领风骚，享受他人崇拜的尊越。您追求权势名位的欲望高于金钱财利，所拥有的通常是先得名或先掌权后才得财的际遇，待人热心则是您的另一个特征，不过您的待人热心是建立在能获得他人的赞美、掌声、及回报的条件之下，当得不到这些反馈时，您会缩手而表现出一付事不关己的模样。</tedian><kaiyun>    您追求权势名位的欲望过高，同时得失心也比较重，容易产生焦虑情绪，进而使得邪气近身。葫芦自古以来便是最常用的吉祥物，它可以吸取人身上的晦气。把$T3#冰种黑曜石 葫芦吊坠#$戴在身上或挂在床头，就会有好功效，有顺气作用，可促进你情绪稳定，还能对外界的邪气产生抵抗里，保佑佩戴者身心健康。</kaiyun></xingdi><xingdi id="0#12" name="紫微星+七杀星入命宫时的性情"><tedian>    您集规划力及执行力于一身，常能做出具建设性的革新，是个有为有所守的人，也能为了达成心中设定的目标而忍受异于常人的孤独，对事业地位、钱财、异性的追求等，都能谋定而后动，对您的竞争者而言，您堪称是既可敬又可怕的对手。相较于那冷静理性的处事态度，您的内心是热情而极为感性的，心软是您的优点也是弱点，所以别人对付您最有用的招式就是动之以情，以及向您示弱装可怜。</tedian><kaiyun>    您比较谨慎有条理，但同时得失心也比较重，容易产生焦虑情绪，进而使得邪气近身。葫芦自古以来便是最常用的吉祥物，它可以吸取人身上的晦气。把$T2#天然黄水晶葫芦吊坠#$戴在身上或挂在床头，就会有好功效，有顺气作用，可促进你情绪稳定，还能对外界的邪气产生抵抗里，保佑佩戴者身心健康。</kaiyun></xingdi><xingdi id="1#7" name="天机星+太阴星入命宫时的性情"><tedian>    您机巧灵变，做事严谨待人随和，所以人缘也都不错，性子急但有选择性，对于不能引起您在意的议题，可以漠不关心到极点，但只要是您有兴趣的事务，会迫不及待地想要去了解与体验。您没什么耐性，也总是认为外头的世界较迷人，所以有事没事就会想要出门蹓躂蹓躂，即使是盲目的闲逛也无所谓，只要别叫您一直待在家里那个像牢房的地方就行了。您那待人随和的个性，使得您在多数的时候都会与人为善，不过要是把您惹毛了，您那特有的内敛机巧会转化成工于心计，对人耍小手段，变成外强内阴的阴狠角色。</tedian><kaiyun>    您人性格外向，喜欢交际，但同时也容易因为介入太深，给自己招来麻烦，甚至身陷囹圄。选择$T1#十二生肖金镶玉#$作为开运吉祥物最合适不过，将精致的十二生肖金镶玉戴在身上，既有“平平安安”之意，带来贵人化煞，也可以带来令人赏心悦目的艺术感觉。玉有助于协调人体各器官生理平衡，千足金则对心脏有很好的调节作用，加强人的活力、能量、自信心，令您遇到麻烦也能轻松解决。</kaiyun></xingdi><xingdi id="1#9" name="天机星+巨门星入命宫时的性情"><tedian>    您强烈地冒险犯难精神，认为生活要是没有变化就会索然无味，不太能忍受平凡无奇的人生，在浮滑不安定的个性下，注意力很容易受到外界新鲜的事务所影响，往好的方面想，您的行事作风机变灵活有创意，往坏处看，却也容易造成欠缺平稳性与一贯性的做事风格，因而不易取得他人的信赖感，也容易造成与人相交始善终恶的现象。动口不动手是您的另一个特性，容易忘情地高谈阔论，俨然一付意见领袖的模样，但是若要动手执行时，却不太能掌握好大方向与大原则，所以，实事求是稳健踏实，培养执行力以避免一再地眼高手低，是您得谨记在心的座右铭。</tedian><kaiyun>    您人性格外向，喜欢交际，但同时也容易因为介入太深，给自己招来麻烦，甚至身陷囹圄。选择$T1#十二生肖金镶玉#$作为开运吉祥物最合适不过，将精致的十二生肖金镶玉戴在身上，既有“平平安安”之意，带来贵人化煞，也可以带来令人赏心悦目的艺术感觉。玉有助于协调人体各器官生理平衡，千足金则对心脏有很好的调节作用，加强人的活力、能量、自信心，令您遇到麻烦也能轻松解决。</kaiyun></xingdi><xingdi id="1#11" name="天机星+天梁星入命宫时的性情"><tedian>    您在工作上守原则重纪律，在职场中通常能受到信赖与肯定，这是您的理性表现；您大都拥有高远的理想，以及广结善缘的情怀，所以能凭着一股热情而为社会大众之事做出奉献，这是您的感性表现。善良，加上您那外柔的性格，所以与人交往时，您很能获得他人的好感；重理想，加上您那内刚的性格，所以与人交往时，特别是对所喜爱的异性朋友，通常会不顾一切地投入感情，甚至于为了追随自己所爱的另一半而抛弃得来不易的一切也在所不惜。</tedian><kaiyun>    您人性格外向，喜欢交际，但同时也容易因为介入太深，给自己招来麻烦，甚至身陷囹圄。选择$T1#十二生肖金镶玉#$作为开运吉祥物最合适不过，将精致的十二生肖金镶玉戴在身上，既有“平平安安”之意，带来贵人化煞，也可以带来令人赏心悦目的艺术感觉。玉有助于协调人体各器官生理平衡，千足金则对心脏有很好的调节作用，加强人的活力、能量、自信心，令您遇到麻烦也能轻松解决。</kaiyun></xingdi><xingdi id="2#7" name="太阳星+太阴星入命宫时的性情"><tedian>    您有着缜密的心思，希望自己所做的决定都能面面俱到，这种性格会使得他们在做事时力求完善。在人际方面，您很容易遇上不得不面对长者及在上位者的处境，若周旋得当，您具有比其人更佳的承先启后能耐，若适应不良，您也很容易变成上一辈眼中所谓的顽固份子，这也常使得您为了力求人我之间的和谐而深感焦虑。</tedian><kaiyun>    您缜密的心思容易演变成别人眼中的心机重，容易会为自己招来麻烦，甚至身陷囹圄。选择$T1#十二生肖金镶玉#$作为开运吉祥物最合适不过，将精致的十二生肖金镶玉戴在身上，既有“平平安安”之意，带来贵人化煞，也可以带来令人赏心悦目的艺术感觉。玉有助于协调人体各器官生理平衡，千足金则对心脏有很好的调节作用，加强人的活力、能量、自信心，令您遇到麻烦也能轻松解决。</kaiyun></xingdi><xingdi id="2#9" name="太阳星+巨门星入命宫时的性情"><tedian>    您有快速的行动力，但欠缺周延的思考力，是良好的改革者，经常会对当下不满意的事务提出改革的建议并付出行动，但却未必是尽职的守成者，因为性急的您不耐打耐久战。若为女性个性豪爽，做事态度巾帼不让须眉，在以父系社会为主的古代是很不被欣赏的，男性的性情反倒不爱强出头，言谈举止之间透露着一股温和，但不经意地脱口而出的伤人话语则是您的毛病，可说是个做事比做人强的人。</tedian><kaiyun>    您直来直往的性格容易会为自己招来麻烦，甚至身陷囹圄。选择$T1#十二生肖金镶玉#$作为开运吉祥物最合适不过，将精致的十二生肖金镶玉戴在身上，既有“平平安安”之意，带来贵人化煞，也可以带来令人赏心悦目的艺术感觉。玉有助于协调人体各器官生理平衡，千足金则对心脏有很好的调节作用，加强人的活力、能量、自信心，令您遇到麻烦也能轻松解决。</kaiyun></xingdi><xingdi id="2#11" name="太阳星+天梁星入命宫时的性情"><tedian>    您喜欢以老大自居，喜爱当主导者，也喜欢关心人，待人方式除了强势之外，还有热情。若为女性更是异性缘浓厚，经常是一个不小心，就得在男生堆中周旋，而您那强悍作风的个性会制人而不受制于人，所以，乖乖牌的男生较能得到您的喜爱，只是，不期而遇的邂逅机会虽多，但更得提防一再地不欢而散。容易情绪化是您普遍具有的特性，这常使得您难以冷静地处理生活上的问题，特别是在人和方面较易吃亏。</tedian><kaiyun>    您容易情绪化的特性会无形中得罪朋友同事，引来不少外来纠纷，容易因为患得患失，导致自己心神不安，佩戴$T4#本命佛#$就是一个不错的选择。有了本命佛的加持，任何阴暗霉运的事物都会绕道而行。经常佩带在身边，就可以助你辟邪定神保平安，给你带来新年好兆头哦！</kaiyun></xingdi><xingdi id="3#12" name="武曲星+七杀星入命宫时的性情"><tedian>    您坚硬刚毅，行事作风坚持己见勇往直前，与人相处直来直往，很难向不同理念的人低头妥协，是个有稜有角有原则的人。同时您也是个「向钱看」的经济活动者，生活大都建立在以求取钱财为目的的基础之上，为了求财，即使披星戴月四处奔波也在所不辞，会为了谋取更多的物资利益而对他人略施小惠，但也会因为争财而与人反目相向，可说是人生以金钱为目的模范人士。由于您有着金钱挂帅的人生观，以及坚硬刚毅的个性，所以若想得到您掏心掏肺的忠诚，先施之以利再软性地动之以情是最有效的方式。</tedian><kaiyun>    您不擅表达情感，无论工作学习处处都会令与您接触的人对您有误解，因而沾染煞气的概率也会大大增加，这时候最需要的是能够及时帮助您招祥化煞的开运物，$T7#彩虹眼黑曜石貔貅手链#$就是一个好选择。开过光的彩虹眼黑曜石貔貅手链全能够发挥出它们的天然灵性和作用来驱除邪魔。赶快去请彩虹眼黑曜石貔貅手链，帮助自己在来年招来吉运吧。</kaiyun></xingdi><xingdi id="3#10" name="武曲星+天相星入命宫时的性情"><tedian>    您在热情待人的外表下，有着一股坚硬不移的顽固个性，由于有着实事求是的生活态度，所以喜欢依照规则行事，这也使得您经常为了一心想达成事物的完美性，而忽略了圆融的待人方式，是个做事能力优于做人技巧的人。您追求权力名位的欲望高于追求财富，但这并不表示您不重视金钱物质，只是当遇到名利二者不可兼得时，您通常会舍利而就名，会为了面子而失去里子，因此，若要讨好您，最好用的方法就是不断地赞美您的一切，当您陶醉在他人的掌声中时，也就是被人予取予求的时候了。</tedian><kaiyun>    您比较谨慎有条理，但同时得失心也比较重，容易产生焦虑情绪，进而使得邪气近身。葫芦自古以来便是最常用的吉祥物，它可以吸取人身上的晦气。把$T3#冰种黑曜石 葫芦吊坠#$戴在身上或挂在床头，就会有好功效，有顺气作用，可促进你情绪稳定，还能对外界的邪气产生抵抗里，保佑佩戴者身心健康。</kaiyun></xingdi><xingdi id="3#13" name="武曲星+破军星入命宫时的性情"><tedian>    您具有开创再开创的特质，会为了心中的人生目标而奋战不懈，特别是在争取权位及赚取财富方面的表现最是不落人后，是属于开创型的人，但是在家庭生活方面，您的经营手法就显粗糙而不够用心，很想取得在家庭的核心地位，会因为一心一意地想达到目标，以致忽略了手段是否伤害了家人，所以您的婚姻生活也常出现欠缺温馨和乐的一面。</tedian><kaiyun>    您拥有极大的活力和热情，无论工作学习处处都会走在前面，因而沾染煞气的概率也会大大增加，这时候最需要的是能够及时帮助您招祥化煞的开运物，$T8#黑曜石双貔貅手链#$就是一个好选择。开过光的黑曜石双貔貅手链全能够发挥出它们的天然灵性和作用来驱除邪魔。赶快去请彩虹眼黑曜石貔貅手链，帮助自己在来年招来吉运吧。</kaiyun></xingdi><xingdi id="3#6" name="武曲星+天府星入命宫时的性情"><tedian>    您深谋远虑，做事态度在沉稳中见冲劲，为人方面具有领导欲，不喜欢被人命令或指挥，所以会想办法让自己成为人上人，您的独立性也很强，与自己有关之事喜欢独立完成。您对金钱流动的嗅觉很敏感，喜爱赚钱，也喜爱理财，重视金钱的程度甚于社会地位的高低，会为了钱事挺而走险。</tedian><kaiyun>    您比较谨慎有条理，但同时得失心也比较重，容易产生焦虑情绪，进而使得邪气近身。葫芦自古以来便是最常用的吉祥物，它可以吸取人身上的晦气。把$T3#冰种黑曜石 葫芦吊坠#$戴在身上或挂在床头，就会有好功效，有顺气作用，可促进你情绪稳定，还能对外界的邪气产生抵抗里，保佑佩戴者身心健康。</kaiyun></xingdi><xingdi id="3#8" name="武曲星+贪狼星入命宫时的性情"><tedian>    您个性豪迈，总是用满满的热情对待周围的人，有很强的主见，在做事方面，一旦下定了决心就会向前冲冲冲，在亲情方面，您不太能接受屈居老二的感觉，喜欢指挥家人，包括父母。您凡事亲恭带头向前冲的特质，常使得在年纪轻轻的时候，就拥有比同年龄的人更多的生活历练，也容易出现早年有成的机会，只是，您那种年纪轻轻就把地球踩在脚下的优越感，不免出现年少轻狂的为人处事态度，很容易在日后的人生旅途中遭受到迟来的挫折。</tedian><kaiyun>    您拥有极大的活力和热情，无论工作学习处处都会走在前面，因而沾染煞气的概率也会大大增加，这时候最需要的是能够及时帮助您招祥化煞的开运物，$T8#黑曜石双貔貅手链#$就是一个好选择。开过光的黑曜石双貔貅手链全能够发挥出它们的天然灵性和作用来驱除邪魔。赶快去请彩虹眼黑曜石貔貅手链，帮助自己在来年招来吉运吧。</kaiyun></xingdi><xingdi id="4#9" name="天同星+巨门星入命宫时的性情"><tedian>    您的情绪震荡度很大，时而乐观开朗，时而灰心沮丧，有时非常敢于冲撞旧有的社会礼制，容易被认为是挑动社会神经的先驱，有时又非常维护传统礼俗，一付卫道者舍我其谁的使命模样，而这一切看似前后矛盾的性格，全都来自您对于各该事务的认知程度，因为您很容易认为自己的判断就是对的，所以当您对事务的判断能力越高时，就会有越理性的表现，反之，对事务的判断能力越低时，就容易出现不理性的行为举止了，因此，您若能培养自己看事情时有更高的眼界与更大的气度，很容易出类拔粹，成为引领风骚的意见领袖。您在选择异性朋友时，容易放弃不该放弃的，追求不该追求的，在感情路上易有憾事。</tedian><kaiyun>    您情绪多变，容易令人误解，得失心也比较重，容易产生焦虑情绪，进而使得邪气近身。葫芦自古以来便是最常用的吉祥物，它可以吸取人身上的晦气。把$T2#天然黄水晶葫芦吊坠#$戴在身上或挂在床头，就会有好功效，有顺气作用，可促进你情绪稳定，还能对外界的邪气产生抵抗里，保佑佩戴者身心健康。</kaiyun></xingdi><xingdi id="4#11" name="天同星+天梁星入命宫时的性情"><tedian>    您生性较保守被动，守成尚可开创不足。若为女性对自我的要求较高，会鞭策自己多多学习以走入社会，也很愿意为悦己者容，虽不致于处处招蜂引蝶，但异性缘大都不错。若为男性常有得过且过的心态，认为凡事过得去就好，在家庭生活中容易养成茶来伸手饭来张口的依赖，因此，婚后的您要不是常被太太碎碎唸，就是会被太太当成拒绝往来户，理都不想理。</tedian><kaiyun>    您个性不积极，遇到问题会忍耐，这样虽然避免了不少外来纠纷，但也容易因为患得患失，导致自己心神不安，佩戴$T4#本命佛#$就是一个不错的选择。有了本命佛的加持，任何阴暗霉运的事物都会绕道而行。经常佩带在身边，就可以助您辟邪定神保平安，给你带来新年好兆头哦！</kaiyun></xingdi><xingdi id="4#7" name="天同星+太阴星入命宫时的性情"><tedian>    您喜欢安定的过日子，激进冒险的行为对您来说，是只能想想不可当真的，很能墨守成规，可接受单调且变化少的事务性工性，与人相处时多能表现出和善的态度，会是别人眼中的好好先生或好好小姐，在家庭生活中、或小的生活团体里，则会有着为别人撑起一把保护伞的奉献心，只要是您的能力所及，就会对亲友伸出援手。您的规划能力相当强，能掌握大原则，也能看到小细节，工作能力强的您懂得向下发展人脉组织，向上管理顶头上司，尤其是遇到没什么能力的上司时，您很容易有出头天。</tedian><kaiyun>    您性格比较安静内敛，不太喜欢过分表现自己，虽然避免了不少外来纠纷，但也容易因为患得患失，导致自己心神不安，佩戴$T4#本命佛#$就是一个不错的选择。有了本命佛的加持，任何阴暗霉运的事物都会绕道而行。经常佩带在身边，就可以助你辟邪定神保平安，给你带来新年好兆头哦！</kaiyun></xingdi><xingdi id="5#6" name="廉贞星+天府星入命宫时的性情"><tedian>    您具有很强的观察力，很能观察人性、观察团体中权力流动的方向、以及观察社会经济事务中金钱流动的方向，您虽然不致于老是与人争权夺利，但是在掌握权柄以及创造财富方面，的确有一套管用的方法。您在待人方面，会尽量创造和谐的气氛以与人为善，在处事过程里，则多会谋定而后动，当您看不清楚事情的真相时，很能保持观望再观望的定力，以避免让自己落入不可预知的危机中，是看的时候多做的时候少、动脑多于动手的人。</tedian><kaiyun>    您为人协调事情的行为虽然可以帮助别人，但同时也可能会招来别人的不满，进而使得邪气近身。葫芦自古以来便是最常用的吉祥物，它可以吸取人身上的晦气。把$T2#天然黄水晶葫芦吊坠#$戴在身上或挂在床头，就会有好功效，有顺气作用，可促进你情绪稳定，还能对外界的邪气产生抵抗里，保佑佩戴者身心健康。</kaiyun></xingdi><xingdi id="5#8" name="廉贞星+贪狼星入命宫时的性情"><tedian>    您经常自以为是，行事作风是以「事」为主、以「人」为辅，遇事时会与人沟通，但难与人产生共识，是个做事比做人强的族群，您也不太会掩饰内心的想法，嘴里说的与心里想的并无二致，所以并没有什么心机，只是言语不太柔软，有时脱口而出的话语会伤人而自己仍不知。您经常用直线式的思考模式看人生，生活的创意比较有限，与人相处时的态度不是很稳定，您有时会检讨自己，但大多数的时候是以检讨别人来掩饰自己的不足，在人际关系方面毁誉不定。</tedian><kaiyun>    您常常把成果看得比过程要来得重要的行为会无形中得罪朋友同事，引来不少外来纠纷，容易因为患得患失，导致自己心神不安，佩戴$T4#本命佛#$就是一个不错的选择。有了本命佛的加持，任何阴暗霉运的事物都会绕道而行。经常佩带在身边，就可以助你辟邪定神保平安，给你带来新年好兆头哦！</kaiyun></xingdi><xingdi id="5#10" name="廉贞星+天相星入命宫时的性情"><tedian>    您很独立，认为凡事都由自己独当一面是理所当然的，而在宁为鸡首的行事态度下，通常也都会鞭策自己成为一方的领导人，您有时也会崇拜偶像，但被崇拜者的能力与见识得超越廉相族甚多才行，否则您会依照自己那惯有的傲气看待他人。您吃软不吃硬，在傲气的举止中，其实深具同情心，能对比您弱势的人伸出援手，特别是金钱物资方面的援助，不过，您不能容许别人挑战自己的权威，一旦您认为别人有意与自己争权时，会立即出现防卫之心，此时要再与您商量什么大概都免谈。</tedian><kaiyun>    您防人之心过强，得失心也比较重，容易产生焦虑情绪，进而使得邪气近身。葫芦自古以来便是最常用的吉祥物，它可以吸取人身上的晦气。把$T3#冰种黑曜石 葫芦吊坠#$戴在身上或挂在床头，就会有好功效，有顺气作用，可促进你情绪稳定，还能对外界的邪气产生抵抗里，保佑佩戴者身心健康。</kaiyun></xingdi><xingdi id="5#12" name="廉贞星+七杀星入命宫时的性情"><tedian>    您性情敏感警觉性高，常能在第一时间就嗅出周遭人事的变化，是个足智多谋的谋略家，您不喜欢欠别人人情，凡是能自食其力独立完成的事情，鲜少假手他人，因而给人坚毅、独来独往、独断独行的感觉。虽然您总是让人感觉有点冷漠，但您的内心其实是非常热情而且喜好帮助弱势者的，常能在适当的时机对有需要的人雪中送炭，不过可别以为您会对所有的来者不拒有求必应，您是遇弱则弱，遇强则强的人，您没有偶像情结，不太向强权低头，若用高压手段对付您，肯定会换来反效果。</tedian><kaiyun>    您不擅表达情感，无论工作学习处处都会令与您接触的人对您有误解，因而沾染煞气的概率也会大大增加，这时候最需要的是能够及时帮助您招祥化煞的开运物，$T7#彩虹眼黑曜石貔貅手链#$就是一个好选择。开过光的彩虹眼黑曜石貔貅手链全能够发挥出它们的天然灵性和作用来驱除邪魔。赶快去请彩虹眼黑曜石貔貅手链，帮助自己在来年招来吉运吧。</kaiyun></xingdi><xingdi id="5#13" name="廉贞星+破军星入命宫时的性情"><tedian>    您具有极强的权力欲，会透过一切可运用的手段以掌握在事业上及家庭中的权柄，为了达到手握大权的目的，您那不喜受拘束的冲动性格甚至会与当权者翻脸相向，因此对掌权者而言，您很具破坏力与威胁性。没有耐性、很容易不耐烦、但是又很好强、不喜欢被说不好、及爱面子等，都是您的特性，也因此，具有善攻不善守的创业性格，会主动去改变看不顺眼的环境，在团队中能身先士卒，起带头作用，相对的，与您相处的人往往会感受到得时时绷紧神经的压力。</tedian><kaiyun>    您拥有极大的活力和热情，无论工作学习处处都会走在前面，因而沾染煞气的概率也会大大增加，这时候最需要的是能够及时帮助您招祥化煞的开运物，$T8#黑曜石双貔貅手链#$就是一个好选择。开过光的黑曜石双貔貅手链全能够发挥出它们的天然灵性和作用来驱除邪魔。赶快去请彩虹眼黑曜石貔貅手链，帮助自己在来年招来吉运吧。</kaiyun></xingdi></xingge><duiou><xingdi id="0" name="紫微星"><taidu>    您对情爱的表现，会以创造事业前途的模式来前进。
    对情爱的面对及处理方式，具有统御、领导的特质，会以自我为情爱中心的心态。用统御的力量，才干的表现，事业的成就，或者人生的功果，去驾驭操控男女间的情爱。
    喜欢追取完美的对象，让自己有如英雄、圣人般的在谈感情恋爱，并会以物质或权力地位去换取情爱。
    您较缺乏情爱的柔软度和精神力，以自己的角度来对待感情，很难站在对方的角度，去思考对方的心灵与想法。
    虽有“老大”心态去呵护对方，但却属于为求表现自我的统御、才干、成就上的能力，而来搏取对方的情感对自己的依附。是属于站在自己的立场角度上，而表现出的一种情感，也就是说我呵护你，爱护你，是我很行，我有本事，我有能力的意思，而用此点的表现来赢取感情的皈依。并非是站在对方的立场角度上而表现出来的情感。</taidu></xingdi><xingdi id="1" name="天机星"><taidu>    您对情爱的表现，会以智慧思考和精神力的模式来前进。
    对情爱的面对及处理方式，具有擅用智慧与技巧的特质，以精神的力量为情爱中心。对情感不会偏向于物质的需求，反而对心灵精神面的契合与沟通，是极度的重视。
    喜欢追取性格趣味相投合的对象，而不在乎有无物质权力地位的所得，只让自己的情爱升华与两心的精神结晶中。
    只求乎彼此真心意合的拥有，而不在乎天长地久，也不会刻意的去顾及到现实生活中的物质影响。所以，情爱的精神理想，易受显示物质生活的冲击。</taidu></xingdi><xingdi id="2" name="太阳星"><taidu>    您对情爱的表现，会以雄性阳刚博爱又领导的模式来前进。
    对情爱的面对及处理方式，具有父爱的特质，用自我情义博爱之心的挥洒，去温暖对方的新，让对方犹如在自己的呵护照顾之下。并用领导的力量，去带领着男女间的情爱。
    喜欢追取有个性又不强悍的对象，也就是喜欢有主见有性格，而又不驾驭自己的对象。让自己情爱的表现与感受上，有优越感，荣誉感及地位感，有点趋向大男人（或大女人）的心态。
    您多情多义、重情重义、蕴藏着相当丰富的情感，常表现出伟大牺牲奉献的情操，犹如父亲般的关怀，只有懂得付出，不懂得求回报。内心所蕴藏的情感，属于直率坦然的表达而出，缺乏迂回的柔软度，不懂得加上诗情画意、浪漫的柔美情调。是属于有情多情，却不善于如何的表达情怀。</taidu></xingdi><xingdi id="3" name="武曲星"><taidu>    您对情爱的表现，会以刚强的模式来前进。
    对情爱的面对及处理方式，具有主观、强硬的特质。也是属于有情有义、重情重义的人，对感情也相当执着，而有趋向固执的现象。但却不善于表达情爱，使感情生活总觉得非常生硬、刻板，如同公式化生活化一般。
    因为没有活泼的情爱色彩，而令人感到无趣，是属于有爱也挚爱，而不懂得站在“爱”的美感上去挥洒爱。
    喜欢追取爽朗、干脆、直率的对象，才能与您相合得来。但对象一定要乐观，又不能有过于刚强的性格，才不会有孤寡感，也不回常有情爱上的争执。</taidu></xingdi><xingdi id="4" name="天同星"><taidu>    您对情爱的表现，会以文采笔墨的模式来前进。
    对情爱的面对及处理方式，属于受爱护、被动，而乏于主导特质。也就是对方给自己什么，就接受什么，但在一个前提之下，对方必须对自己是好的、关心的、爱护的、体贴的、照顾的，属于受保护的享受型。
    您喜欢被追求，而不喜欢主动追求他人；喜欢被疼、被爱、喜欢拥有，而不喜欢也懒得付出。
    只在乎自己有没有被爱护，关怀，照顾，不会去意会到对方是否也被爱护，关怀，照顾；若有所意会，也会因享受懒散的特质，很难付诸行动。</taidu></xingdi><xingdi id="5" name="廉贞星"><taidu>    您对情爱的表现，会以公关交际的手腕模式来前进。
    对情爱的面对及处理方式，具有心理策略的特质，善于掌握男女情爱的动向与发展，并会用自己的权利及形象魅力，来操控情爱。
    喜欢追求忠贞，听话，柔顺的对象，来满足自己对情爱的占有欲望与心灵感受，使自己犹如情爱上的统御者，当作自己是以为具有魅力的情圣或情后。
     您对情爱的观感，是喜欢时就想得到拥有，当不喜欢时就想抛弃，较易随着自己的情绪喜恶而起舞。对情爱而言，也较易有情绪化的表现，同时也易因此常有情爱上的不愉快；属于经常谈恋爱，也常易换恋爱对象的类型。</taidu></xingdi><xingdi id="6" name="天府星"><taidu>    您对情爱的表象，会以衣食华禄供给的模式来前进。
    对情爱的面对及处理方式，具有物质爱护的特质，有责任感、可以沟通，属于专一付出型者。
    您不属于争强斗胜的人，所以不喜欢追求高理想、非常完美或不易追求的对象，最喜欢的对象是富有生命力、活跃力而又平实、踏实的对象。
    您不会存着老大的心态，领导情爱的动向。您较会给对方空间，更会与对方沟通，可以接纳对方的意见；并用如同长者般的立场，去爱护维系情爱的发展。可以说是什么都好，就是太过于有长着风范，而缺乏调情手法。</taidu></xingdi><xingdi id="7" name="太阴星"><taidu>    您对情爱的表现，会以心灵精神感受的模式来前进。
    对情爱的面对及处理方式，具有母爱光辉的特质，以心灵精神的力量为情爱中心，对情感是心灵精神与物质生活并重。属于需要爱，被爱喝富有爱、去爱人，相互混合型的。也可以说是付出到底、爱到底，同事也感受到底，是用尽心思去爱人，也须有真正感受到被爱的这一型。会去关怀、体贴、温暖、爱护对方，但自己也须受到同样的待遇回应。
    对情爱是充满着憧憬与盼望，向往着诗情画意、浪漫、罗曼蒂克的感情生活世界，同时也重视着情爱上的物质力量。所以，您非常富有浪漫的情调特质，并会将工作、生活与物质，融入于情爱空间里，化为心灵精神力量，去享受这一切。</taidu></xingdi><xingdi id="8" name="贪狼星"><taidu>    您对情爱的表现，会以精明投机的模式来前进。
    对情爱的面对及处理方式，具有投机的特质，强烈的占有控制感。对喜爱的人，会用尽心思计谋去得逞，属于自己一人所拥有，不能让任何人分享。甚至不惜牺牲的代价，投机取巧，使用强硬手段，或抓住对方的弱点使之就屈。属于完全善用计谋，完全占有，一切控制的人。
    喜欢追取有个性、有魅力又不易追求的对象，这也是您喜爱寻求刺激感，又重于外形观感的特色。如此，又可让自己发挥计谋，去占据不易占据的任务。所以，愈是好追求、软弱、服从、没性格、没主见的人，您愈是不感兴趣，甚至不屑一顾。
    您在情爱追求上，若发生困难时，将会转而付诸手段。任何计谋，投机取巧，强悍行为等等，都有可能发生。喜欢的对象，会用尽手段去得取，甚至占有、控制成自己所有；当不可得到对方时，嫉妒的心，将会去毁坏对方，也不愿让他们所拥有。
    您因喜欢寻求刺激感，所以易受外界影响，如发现有更喜欢的对象，将会抛弃原有的对象，致使情爱不容易专一。另外，也因喜欢寻求刺激感，所以讨厌无趣、刻板、公式化的情爱生活。</taidu></xingdi><xingdi id="9" name="巨门星"><taidu>    您对情爱的表现，会以暗中策动付诸于口智外交的模式来前进。
    对情爱的面对及处理方式，具有在暗中预定计划的特质，用锐利的观察力来研究判断分析，情爱的进退时机与动向发展。在明显的表现上，则会用口才智慧加上外交，运用能死能活的手腕技巧，来谈情说爱，作风上带有诡异、隐瞒、疑虑、猜忌的特性。
    您属于观察锐利又带疑虑的人，同时又有患得患失，既期待又怕受伤害，自我保护心态的本质。所以，寻找的对象较适合稳重型、成熟性，并需要具有令人感觉信赖的形象，才会令您感觉有安全感，减少您的疑虑、猜忌心。
    您的情爱缺失，会因自己的心猿意马，造成已分析研究后的想法，仍存不稳定，常常造成选择情爱上的困扰。因缺乏耐性，又对他人的不信任感，而难与对象为维系感情。</taidu></xingdi><xingdi id="10" name="天相星"><taidu>    您对情爱的表象，会以绅士尊荣的模式来前进。
    对情爱的面对及处理方式，具有如同绅士的特质，稳重大方有君子之风度，勇于追求自己所意向的对象。对感情有责任感，有始有终、尽心尽责也小心谨慎，善于沟通协调，有情趣也懂得挥洒浪漫的气氛。懂得关怀与奉献，凝聚两心的交集点，喜好追求情爱上的完美。重视心灵精神上交流与契合，很会享受爱的情趣。富有忠义感情，而不感情用事，喜欢发自内心的真实感情，不喜欢强迫占有对方。只要自己认为能力可及或可去做的事，都可为对方付出，是一个“好好情人”，属于情爱、理性、浪漫的综合型者。
    您是属于有情爱、理性、浪漫的综合人，所以不喜欢追求无理取闹、不易沟通、不懂情趣浪漫的对象，最喜欢懂事、有思考模式、可以沟通协调的对象。</taidu></xingdi><xingdi id="11" name="天梁星"><taidu>    您对情爱的表现，会以荫护与保善的模式来前进。
    对情爱的面对及处理方式，具有道德和长者风范的特质，有体贴心、关怀心、保护力、照顾力、如同长辈在呵护完备一般。让对方在自己的荫护之下，感到温暖、安全，如似靠着一座山或在树荫底下。
    同时，具有包容心、容忍性，对情爱的不满意，是以温和爱护的规劝方式。并有相当的情爱道德观，所表现出的，多是出于善良的一面，属于不拒不求好好型的类别。</taidu></xingdi><xingdi id="12" name="七杀星"><taidu>    您对情爱的表现，会以冲动火爆刚劲的模式来前进。
    对情爱的面对及处理方式，具有我行我素的特质，容易感情用事，也易冲动。虽有丰富的热血，确实个铁性子，无情爱的表达能力，更不用说如何培养感情，所以“爱”字是很不可能由您的口中说出。由于孤僻感遇刚暴行，又极度缺乏思考、细腻、柔软、离职的特质，往往会将情爱给毁坏，可以说是没有情爱细胞的类型，甚至于情爱无缘。
    您是属于争强斗胜，冲锋陷阵，孤克刚爆的人。所以，对相当柔软、奥妙的情爱世界，是陌生的，如同不属于情爱世界种的一份子。</taidu></xingdi><xingdi id="13" name="破军星"><taidu>    您对情爱的表现，会以阴晴不定又善变的模式来前进。
    对情爱的面对及处理方式，具有爱恨、收放不定的特质，对情爱的作风较为大胆、急躁、冲动、猜疑、常不按牌理出牌，不受道德规范所拘束，往往会受人非议。
    您属于破耗、逆转、祸事、阴杀的人，所以常将情爱弄巧成拙，或者常偿受到情爱的失败。同时，占有欲望甚强，又自己不愿受人占有拘缚。对情爱的选择也阴晴不定，朝三暮四，心猿意马，如不是错过情爱，就是自毁情爱，是一个不利于情爱的人。</taidu></xingdi></duiou></root>