﻿<?xml version="1.0" encoding="UTF-8"?>
<root>
	<worm>
		<xingyao  id="0"   name="太阳星+太阴星"  character="2#7" >
			<item>40</item>
			<item>您性格柔和、为人谦逊，是个追求和谐完美的人。在您眼里，对于感情之事，不能过于强求，秉持“得之我幸，不得我命”的理念是您追求真爱的标准。所以，要您去做拈花惹草的事情，无疑是天方夜谈。在这个男女感情无规则的情感世界中，您也是充当花草的角色。此外，其严格的道德观和传统价值观更是阻止其出外寻花的坚固盾牌。
与此同时，您也可能有热情洋溢的态度和尽心尽力的责任感，如阳光般灿烂的笑容，如春风般和煦的言行举止，时时刻刻都在温暖着别人的心，常常让别人会错意、表错情，认为太阳对自己有意思。博爱的您不太懂拒绝别人的爱意；遇到喜欢的人时，也能自欺欺人的说精神上的默契不算是拈花惹草。就这样或被动或主动，您迷迷糊糊地做出出轨行为。</item>
			<item  name="huajie">对于男方如果避免外遇的问题一定要根据其性格特征，良好的沟通和生活关系可以抑制外遇的出现，还可以在家或者办公桌摆放$T57#天然粉水晶鸳鸯一对#$可以有效改善夫妻关系。鸳鸯永恒爱情的象征，是一夫一妻、相亲相爱、白头偕老的表率，粉水晶还能加强心肺功能的健康，可松弛紧张情绪，舒缓烦躁心情。粉水晶鸳鸯可协助改善夫妻关系，化解煞星带来的围绕在您们夫妻间的煞气。
也可以请【$F21#桃花宝斩符#$】斩除恋人或配偶的烂桃花，令恋人和配偶用情专一，忠贞不渝。再结合【$F24#夫妻合和符#$】促成姻缘，化解矛盾，令夫妻二人情投意合，恩爱百年。</item>
		</xingyao>
		<xingyao  id="1"   name="紫微星+破军星"  character="0#13" >
			<item>57</item>
			<item>您的理智在所有人中是出了名的，您的现实也在所有人中名列前茅。您做事一向认认真真，有理有据，在情感处理上亦是如此。通常，在情感上，您会设定很多条款，会再三衡量轻重得失，直至确认对自己有益后才会有所行动。对于要躺在面包上谈爱情的您来说，一旦看到您去拈花惹草了，这种行为的背后就一定隐藏着某种利益的需求。
与此同时，您也可能存在求新求变、喜新厌旧的个性无疑是令伴侣担忧的人。“找的就是刺激”、“玩的就是心跳”可以说是您寻花问柳的宣言。我行我素，追求新鲜的您往往是吃着碗里的，又望着锅里的，还想着别人的，只要是自己喜欢的，您才不管名花名草有没有主呢，只管策马扬鞭，奋力直追。</item>
			<item  name="huajie">对于男方如果避免外遇的问题一定要根据其性格特征，良好的沟通和生活关系可以抑制外遇的出现，还可以在家或者办公桌摆放$T57#天然粉水晶鸳鸯一对#$可以有效改善夫妻关系。鸳鸯永恒爱情的象征，是一夫一妻、相亲相爱、白头偕老的表率，粉水晶还能加强心肺功能的健康，可松弛紧张情绪，舒缓烦躁心情。粉水晶鸳鸯可协助改善夫妻关系，化解煞星带来的围绕在您们夫妻间的煞气。
也可以请【$F21#桃花宝斩符#$】斩除恋人或配偶的烂桃花，令恋人和配偶用情专一，忠贞不渝。再结合【$F24#夫妻合和符#$】促成姻缘，化解矛盾，令夫妻二人情投意合，恩爱百年。</item>
		</xingyao>
		<xingyao  id="2"   name="紫微星+天府星"  character="0#6" >
			<item>63</item>
			<item>您的理智在所有人中是出了名的，您的现实也在所有人中名列前茅。您做事一向认认真真，有理有据，在情感处理上亦是如此。通常，在情感上，您会设定很多条款，会再三衡量轻重得失，直至确认对自己有益后才会有所行动。对于要躺在面包上谈爱情的您来说，一旦看到您去拈花惹草了，这种行为的背后就一定隐藏着某种利益的需求。
与此同时，您也可能会乐观又不拘小节，很容易就和身边的人打成一片。这种性格为您拈花惹草提供了一块养分充足的沃土，在这片沃土上，您这只花蝴蝶翩翩起舞，好不惬意。然而，尽管您也是一只花蝴蝶，但追求高质量生活的习性使得您对异性各个方面要求相对比较严格。</item>
			<item  name="huajie">对于男方如果避免外遇的问题一定要根据其性格特征，良好的沟通和生活关系可以抑制外遇的出现，还可以在家或者办公桌摆放$T57#天然粉水晶鸳鸯一对#$可以有效改善夫妻关系。鸳鸯永恒爱情的象征，是一夫一妻、相亲相爱、白头偕老的表率，粉水晶还能加强心肺功能的健康，可松弛紧张情绪，舒缓烦躁心情。粉水晶鸳鸯可协助改善夫妻关系，化解煞星带来的围绕在您们夫妻间的煞气。
也可以请【$F21#桃花宝斩符#$】斩除恋人或配偶的烂桃花，令恋人和配偶用情专一，忠贞不渝。再结合【$F24#夫妻合和符#$】促成姻缘，化解矛盾，令夫妻二人情投意合，恩爱百年。</item>
		</xingyao>
		<xingyao  id="3"   name="紫微星+贪狼星"  character="0#8" >
			<item>64</item>
			<item>您的理智在所有人中是出了名的，您的现实也在所有人中名列前茅。您做事一向认认真真，有理有据，在情感处理上亦是如此。通常，在情感上，您会设定很多条款，会再三衡量轻重得失，直至确认对自己有益后才会有所行动。对于要躺在面包上谈爱情的您来说，一旦看到您去拈花惹草了，这种行为的背后就一定隐藏着某种利益的需求。
与此同时，您也可能会性格豪爽，三言两语就能和人家熟络起来，也很容易喜欢上一个人。只要您看上眼的，就一定会用尽招数令其臣服。此外，您的热情、幽默、多才多艺，也是吸引异性的致命武器，很多时候那些花花草草也会自动找上您，非常enjoy这种众星拱月感的您自然也不会拒绝别人来倒贴。</item>
			<item  name="huajie">对于男方如果避免外遇的问题一定要根据其性格特征，良好的沟通和生活关系可以抑制外遇的出现，还可以在家或者办公桌摆放$T57#天然粉水晶鸳鸯一对#$可以有效改善夫妻关系。鸳鸯永恒爱情的象征，是一夫一妻、相亲相爱、白头偕老的表率，粉水晶还能加强心肺功能的健康，可松弛紧张情绪，舒缓烦躁心情。粉水晶鸳鸯可协助改善夫妻关系，化解煞星带来的围绕在您们夫妻间的煞气。
也可以请【$F21#桃花宝斩符#$】斩除恋人或配偶的烂桃花，令恋人和配偶用情专一，忠贞不渝。再结合【$F24#夫妻合和符#$】促成姻缘，化解矛盾，令夫妻二人情投意合，恩爱百年。</item>
		</xingyao>
		<xingyao  id="4"   name="紫微星+天相星"  character="0#10" >
			<item>45</item>
			<item>您的理智在所有人中是出了名的，您的现实也在所有人中名列前茅。您做事一向认认真真，有理有据，在情感处理上亦是如此。通常，在情感上，您会设定很多条款，会再三衡量轻重得失，直至确认对自己有益后才会有所行动。对于要躺在面包上谈爱情的您来说，一旦看到您去拈花惹草了，这种行为的背后就一定隐藏着某种利益的需求。
与此同时，您也可能会是一个很实际的人，在情感的处理方式上显得理智、现实。一般来说，只要身边有了固定的伴侣，您通常不会去做拈花惹草的事情。但是，理智的您也有爱慕虚荣的一面，当身边的同性开始攀比谁身边美女最多的时候，此时，身边佳侣一支独秀的您顿觉颜面无光，为了顾全自己的面子，“摧花辣手”迅速伸向周围的美女。</item>
			<item  name="huajie">对于男方如果避免外遇的问题一定要根据其性格特征，良好的沟通和生活关系可以抑制外遇的出现，还可以在家或者办公桌摆放$T57#天然粉水晶鸳鸯一对#$可以有效改善夫妻关系。鸳鸯永恒爱情的象征，是一夫一妻、相亲相爱、白头偕老的表率，粉水晶还能加强心肺功能的健康，可松弛紧张情绪，舒缓烦躁心情。粉水晶鸳鸯可协助改善夫妻关系，化解煞星带来的围绕在您们夫妻间的煞气。
也可以请【$F21#桃花宝斩符#$】斩除恋人或配偶的烂桃花，令恋人和配偶用情专一，忠贞不渝。再结合【$F24#夫妻合和符#$】促成姻缘，化解矛盾，令夫妻二人情投意合，恩爱百年。</item>
		</xingyao>
		<xingyao  id="5"   name="紫微星+七杀星"  character="0#12" >
			<item>53</item>
			<item>您的理智在所有人中是出了名的，您的现实也在所有人中名列前茅。您做事一向认认真真，有理有据，在情感处理上亦是如此。通常，在情感上，您会设定很多条款，会再三衡量轻重得失，直至确认对自己有益后才会有所行动。对于要躺在面包上谈爱情的您来说，一旦看到您去拈花惹草了，这种行为的背后就一定隐藏着某种利益的需求。
与此同时，您也可能会是个刚烈耿直、热情洒脱的人，还是一个对爱情比较专一的人。其拈花惹草指数高，是因为您占有欲和掌控欲很强，无法容忍另一半脱离自己的掌控。一旦自己认为对方不够好，依其敢爱敢恨的个性，准会马上开始寻求新的感情归宿，而不顾对方的感受。久而久之，您就被贴上了到处拈花惹草的标签。</item>
			<item  name="huajie">对于男方如果避免外遇的问题一定要根据其性格特征，良好的沟通和生活关系可以抑制外遇的出现，还可以在家或者办公桌摆放$T57#天然粉水晶鸳鸯一对#$可以有效改善夫妻关系。鸳鸯永恒爱情的象征，是一夫一妻、相亲相爱、白头偕老的表率，粉水晶还能加强心肺功能的健康，可松弛紧张情绪，舒缓烦躁心情。粉水晶鸳鸯可协助改善夫妻关系，化解煞星带来的围绕在您们夫妻间的煞气。
也可以请【$F21#桃花宝斩符#$】斩除恋人或配偶的烂桃花，令恋人和配偶用情专一，忠贞不渝。再结合【$F24#夫妻合和符#$】促成姻缘，化解矛盾，令夫妻二人情投意合，恩爱百年。</item>
		</xingyao>
		<xingyao  id="6"   name="天机星+太阴星"  character="1#7" >
			<item>23</item>
			<item>您待人亲切，善体人意，与人交往时易深得人心，受人喜爱，整天围绕在您身边的莺莺燕燕也不少。占尽先机的您时常流连于百花深处往往也是身不由己，您总是对自己不太自信，也少有安全感，在追求真爱的路上，总怕自己会错意，小心谨慎的您会多次试探对方，直到弄清楚对方的心思。一旦和喜欢的人在一起了，您就会好好经营自己的感情而少有其他想法，而当心灵沟通失合时，也会渴望寻找精神出轨的目标。
与此同时，您也可能性格柔和、为人谦逊，是个追求和谐完美的人。在您眼里，对于感情之事，不能过于强求，秉持“得之我幸，不得我命”的理念是您追求真爱的标准。所以，要您去做拈花惹草的事情，无疑是天方夜谈。在这个男女感情无规则的情感世界中，您也是充当花草的角色。此外，其严格的道德观和传统价值观更是阻止其出外寻花的坚固盾牌</item>
			<item  name="huajie">对于男方如果避免外遇的问题一定要根据其性格特征，良好的沟通和生活关系可以抑制外遇的出现，还可以在家或者办公桌摆放$T57#天然粉水晶鸳鸯一对#$可以有效改善夫妻关系。鸳鸯永恒爱情的象征，是一夫一妻、相亲相爱、白头偕老的表率，粉水晶还能加强心肺功能的健康，可松弛紧张情绪，舒缓烦躁心情。粉水晶鸳鸯可协助改善夫妻关系，化解煞星带来的围绕在您们夫妻间的煞气。
也可以请【$F21#桃花宝斩符#$】斩除恋人或配偶的烂桃花，令恋人和配偶用情专一，忠贞不渝。再结合【$F24#夫妻合和符#$】促成姻缘，化解矛盾，令夫妻二人情投意合，恩爱百年。</item>
		</xingyao>
		<xingyao  id="7"   name="天机星+巨门星"  character="1#9" >
			<item>42</item>
			<item>您待人亲切，善体人意，与人交往时易深得人心，受人喜爱，整天围绕在您身边的莺莺燕燕也不少。占尽先机的您时常流连于百花深处往往也是身不由己，您总是对自己不太自信，也少有安全感，在追求真爱的路上，总怕自己会错意，小心谨慎的您会多次试探对方，直到弄清楚对方的心思。一旦和喜欢的人在一起了，您就会好好经营自己的感情而少有其他想法，而当心灵沟通失合时，也会渴望寻找精神出轨的目标。
与此同时，您也可能在情感处理上，可以说是中规中矩的一个人。对于身边的人，您很是专一的，有时甚至到了愚忠的地步，只要是自己认定的，爱上了就很难将视线转移到其他异性身上。不过，您天生却是个“好奇宝宝”，对很多事情都有强烈的好奇心和求知欲，尤其是遇到那些有才情又很有个性的异性，“好奇宝宝”会带上放大镜，睁大眼睛，火速冲往“事发现场” 一探究竟。</item>
			<item  name="huajie">对于男方如果避免外遇的问题一定要根据其性格特征，良好的沟通和生活关系可以抑制外遇的出现，还可以在家或者办公桌摆放$T57#天然粉水晶鸳鸯一对#$可以有效改善夫妻关系。鸳鸯永恒爱情的象征，是一夫一妻、相亲相爱、白头偕老的表率，粉水晶还能加强心肺功能的健康，可松弛紧张情绪，舒缓烦躁心情。粉水晶鸳鸯可协助改善夫妻关系，化解煞星带来的围绕在您们夫妻间的煞气。
也可以请【$F21#桃花宝斩符#$】斩除恋人或配偶的烂桃花，令恋人和配偶用情专一，忠贞不渝。再结合【$F24#夫妻合和符#$】促成姻缘，化解矛盾，令夫妻二人情投意合，恩爱百年。</item>
		</xingyao>
		<xingyao  id="8"   name="天机星+天梁星"  character="1#11" >
			<item>38</item>
			<item>您待人亲切，善体人意，与人交往时易深得人心，受人喜爱，整天围绕在您身边的莺莺燕燕也不少。占尽先机的您时常流连于百花深处往往也是身不由己，您总是对自己不太自信，也少有安全感，在追求真爱的路上，总怕自己会错意，小心谨慎的您会多次试探对方，直到弄清楚对方的心思。一旦和喜欢的人在一起了，您就会好好经营自己的感情而少有其他想法，而当心灵沟通失合时，也会渴望寻找精神出轨的目标。
与此同时，您也可能在情感处理上，可以说是中规中矩的一个人。对于身边的人，您很是专一的，有时甚至到了愚忠的地步，只要是自己认定的，爱上了就很难将视线转移到其他异性身上。不过，您天生却是个“好奇宝宝”，对很多事情都有强烈的好奇心和求知欲，尤其是遇到那些有才情又很有个性的异性，“好奇宝宝”会带上放大镜，睁大眼睛，火速冲往“事发现场” 一探究竟。</item>
			<item  name="huajie">对于男方如果避免外遇的问题一定要根据其性格特征，良好的沟通和生活关系可以抑制外遇的出现，还可以在家或者办公桌摆放$T57#天然粉水晶鸳鸯一对#$可以有效改善夫妻关系。鸳鸯永恒爱情的象征，是一夫一妻、相亲相爱、白头偕老的表率，粉水晶还能加强心肺功能的健康，可松弛紧张情绪，舒缓烦躁心情。粉水晶鸳鸯可协助改善夫妻关系，化解煞星带来的围绕在您们夫妻间的煞气。
也可以请【$F21#桃花宝斩符#$】斩除恋人或配偶的烂桃花，令恋人和配偶用情专一，忠贞不渝。再结合【$F24#夫妻合和符#$】促成姻缘，化解矛盾，令夫妻二人情投意合，恩爱百年。</item>
		</xingyao>
		<xingyao  id="9"   name="太阳星+巨门星"  character="2#9" >
			<item>60</item>
			<item>您热情洋溢的态度和尽心尽力的责任感，如阳光般灿烂的笑容，如春风般和煦的言行举止，时时刻刻都在温暖着别人的心，常常让别人会错意、表错情，认为太阳对自己有意思。博爱的您不太懂拒绝别人的爱意；遇到喜欢的人时，也能自欺欺人的说精神上的默契不算是拈花惹草。就这样或被动或主动，您迷迷糊糊地做出出轨行为。
与此同时，您也可能情感处理上，可以说是中规中矩的一个人。对于身边的人，您很是专一的，有时甚至到了愚忠的地步，只要是自己认定的，爱上了就很难将视线转移到其他异性身上。不过，您天生却是个“好奇宝宝”，对很多事情都有强烈的好奇心和求知欲，尤其是遇到那些有才情又很有个性的异性，“好奇宝宝”会带上放大镜，睁大眼睛，火速冲往“事发现场” 一探究竟。</item>
			<item  name="huajie">对于男方如果避免外遇的问题一定要根据其性格特征，良好的沟通和生活关系可以抑制外遇的出现，还可以在家或者办公桌摆放$T57#天然粉水晶鸳鸯一对#$可以有效改善夫妻关系。鸳鸯永恒爱情的象征，是一夫一妻、相亲相爱、白头偕老的表率，粉水晶还能加强心肺功能的健康，可松弛紧张情绪，舒缓烦躁心情。粉水晶鸳鸯可协助改善夫妻关系，化解煞星带来的围绕在您们夫妻间的煞气。
也可以请【$F21#桃花宝斩符#$】斩除恋人或配偶的烂桃花，令恋人和配偶用情专一，忠贞不渝。再结合【$F24#夫妻合和符#$】促成姻缘，化解矛盾，令夫妻二人情投意合，恩爱百年。</item>
		</xingyao>
		<xingyao  id="10"   name="太阳星+天梁星"  character="2#11" >
			<item>55</item>
			<item>您热情洋溢的态度和尽心尽力的责任感，如阳光般灿烂的笑容，如春风般和煦的言行举止，时时刻刻都在温暖着别人的心，常常让别人会错意、表错情，认为太阳对自己有意思。博爱的您不太懂拒绝别人的爱意；遇到喜欢的人时，也能自欺欺人的说精神上的默契不算是拈花惹草。就这样或被动或主动，您迷迷糊糊地做出出轨行为。
与此同时，您也可能慈悲为怀，具备牺牲奉献的服务精神，是个典型的好好先生。喜欢照顾他人的您常会不自觉的陷入别人的温柔乡里无法自拔。不过，您虽然生性慈悲，但也有面子观重、容易感情用事的一面，只要别人过激的言语让您下不了台，受刺激的好好先生也会对身边的异性做出让人大跌眼镜的事情来。</item>
			<item  name="huajie">对于男方如果避免外遇的问题一定要根据其性格特征，良好的沟通和生活关系可以抑制外遇的出现，还可以在家或者办公桌摆放$T57#天然粉水晶鸳鸯一对#$可以有效改善夫妻关系。鸳鸯永恒爱情的象征，是一夫一妻、相亲相爱、白头偕老的表率，粉水晶还能加强心肺功能的健康，可松弛紧张情绪，舒缓烦躁心情。粉水晶鸳鸯可协助改善夫妻关系，化解煞星带来的围绕在您们夫妻间的煞气。
也可以请【$F21#桃花宝斩符#$】斩除恋人或配偶的烂桃花，令恋人和配偶用情专一，忠贞不渝。再结合【$F24#夫妻合和符#$】促成姻缘，化解矛盾，令夫妻二人情投意合，恩爱百年。</item>
		</xingyao>
		<xingyao  id="11"   name="武曲星+七杀星"  character="3#12" >
			<item>50</item>
			<item>您性情刚毅，为人现实且事业心强。一天到晚就知道把心思放在工作上，整天想的也是怎么能赚更多的钱。和异性接触对您来说，除非工作需要，越少越好，拼命的您认为把时间用在拈花惹草上而不用在努力工作上实非明智之举。当然，如果是有钱、有身份的奇花异草在身边，您还是非十分愿意也非常舍得这个花时间和精力的。
与此同时，您也可能是个刚烈耿直、热情洒脱的人，还是一个对爱情比较专一的人。其拈花惹草指数高，是因为您占有欲和掌控欲很强，无法容忍另一半脱离自己的掌控。一旦自己认为对方不够好，依其敢爱敢恨的个性，准会马上开始寻求新的感情归宿，而不顾对方的感受。久而久之，您就被贴上了到处拈花惹草的标签。</item>
			<item  name="huajie">对于男方如果避免外遇的问题一定要根据其性格特征，良好的沟通和生活关系可以抑制外遇的出现，还可以在家或者办公桌摆放$T57#天然粉水晶鸳鸯一对#$可以有效改善夫妻关系。鸳鸯永恒爱情的象征，是一夫一妻、相亲相爱、白头偕老的表率，粉水晶还能加强心肺功能的健康，可松弛紧张情绪，舒缓烦躁心情。粉水晶鸳鸯可协助改善夫妻关系，化解煞星带来的围绕在您们夫妻间的煞气。
也可以请【$F21#桃花宝斩符#$】斩除恋人或配偶的烂桃花，令恋人和配偶用情专一，忠贞不渝。再结合【$F24#夫妻合和符#$】促成姻缘，化解矛盾，令夫妻二人情投意合，恩爱百年。</item>
		</xingyao>
		<xingyao  id="12"   name="武曲星+天相星"  character="3#10" >
			<item>40</item>
			<item>您性情刚毅，为人现实且事业心强。一天到晚就知道把心思放在工作上，整天想的也是怎么能赚更多的钱。和异性接触对您来说，除非工作需要，越少越好，拼命的您认为把时间用在拈花惹草上而不用在努力工作上实非明智之举。当然，如果是有钱、有身份的奇花异草在身边，您还是非十分愿意也非常舍得这个花时间和精力的。
与此同时，您也可能是一个很实际的人，在情感的处理方式上显得理智、现实。一般来说，只要身边有了固定的伴侣，您通常不会去做拈花惹草的事情。但是，理智的您也有爱慕虚荣的一面，当身边的同性开始攀比谁身边美女最多的时候，此时，身边佳侣一支独秀的您顿觉颜面无光，为了顾全自己的面子，“摧花辣手”迅速伸向周围的美女。</item>
			<item  name="huajie">对于男方如果避免外遇的问题一定要根据其性格特征，良好的沟通和生活关系可以抑制外遇的出现，还可以在家或者办公桌摆放$T57#天然粉水晶鸳鸯一对#$可以有效改善夫妻关系。鸳鸯永恒爱情的象征，是一夫一妻、相亲相爱、白头偕老的表率，粉水晶还能加强心肺功能的健康，可松弛紧张情绪，舒缓烦躁心情。粉水晶鸳鸯可协助改善夫妻关系，化解煞星带来的围绕在您们夫妻间的煞气。
也可以请【$F21#桃花宝斩符#$】斩除恋人或配偶的烂桃花，令恋人和配偶用情专一，忠贞不渝。再结合【$F24#夫妻合和符#$】促成姻缘，化解矛盾，令夫妻二人情投意合，恩爱百年。</item>
		</xingyao>
		<xingyao  id="13"   name="武曲星+破军星"  character="3#13" >
			<item>55</item>
			<item>您性情刚毅，为人现实且事业心强。一天到晚就知道把心思放在工作上，整天想的也是怎么能赚更多的钱。和异性接触对您来说，除非工作需要，越少越好，拼命的您认为把时间用在拈花惹草上而不用在努力工作上实非明智之举。当然，如果是有钱、有身份的奇花异草在身边，您还是非十分愿意也非常舍得这个花时间和精力的。
与此同时，您也可能存在求新求变、喜新厌旧的个性无疑是令伴侣担忧的人。“找的就是刺激”、“玩的就是心跳”可以说是您寻花问柳的宣言。我行我素，追求新鲜的您往往是吃着碗里的，又望着锅里的，还想着别人的，只要是自己喜欢的，您才不管名花名草有没有主呢，只管策马扬鞭，奋力直追。</item>
			<item  name="huajie">对于男方如果避免外遇的问题一定要根据其性格特征，良好的沟通和生活关系可以抑制外遇的出现，还可以在家或者办公桌摆放$T57#天然粉水晶鸳鸯一对#$可以有效改善夫妻关系。鸳鸯永恒爱情的象征，是一夫一妻、相亲相爱、白头偕老的表率，粉水晶还能加强心肺功能的健康，可松弛紧张情绪，舒缓烦躁心情。粉水晶鸳鸯可协助改善夫妻关系，化解煞星带来的围绕在您们夫妻间的煞气。
也可以请【$F21#桃花宝斩符#$】斩除恋人或配偶的烂桃花，令恋人和配偶用情专一，忠贞不渝。再结合【$F24#夫妻合和符#$】促成姻缘，化解矛盾，令夫妻二人情投意合，恩爱百年。</item>
		</xingyao>
		<xingyao  id="14"   name="武曲星+天府星"  character="3#6" >
			<item>58</item>
			<item>您性情刚毅，为人现实且事业心强。一天到晚就知道把心思放在工作上，整天想的也是怎么能赚更多的钱。和异性接触对您来说，除非工作需要，越少越好，拼命的您认为把时间用在拈花惹草上而不用在努力工作上实非明智之举。当然，如果是有钱、有身份的奇花异草在身边，您还是非十分愿意也非常舍得这个花时间和精力的。
与此同时，您也可能生性乐观又不拘小节，很容易就和身边的人打成一片。这种性格为您拈花惹草提供了一块养分充足的沃土，在这片沃土上，您这只花蝴蝶翩翩起舞，好不惬意。然而，尽管您也是一只花蝴蝶，但追求高质量生活的习性使得您对异性各个方面要求相对比较严格。</item>
			<item  name="huajie">对于男方如果避免外遇的问题一定要根据其性格特征，良好的沟通和生活关系可以抑制外遇的出现，还可以在家或者办公桌摆放$T57#天然粉水晶鸳鸯一对#$可以有效改善夫妻关系。鸳鸯永恒爱情的象征，是一夫一妻、相亲相爱、白头偕老的表率，粉水晶还能加强心肺功能的健康，可松弛紧张情绪，舒缓烦躁心情。粉水晶鸳鸯可协助改善夫妻关系，化解煞星带来的围绕在您们夫妻间的煞气。
也可以请【$F21#桃花宝斩符#$】斩除恋人或配偶的烂桃花，令恋人和配偶用情专一，忠贞不渝。再结合【$F24#夫妻合和符#$】促成姻缘，化解矛盾，令夫妻二人情投意合，恩爱百年。</item>
		</xingyao>
		<xingyao  id="15"   name="武曲星+贪狼星"  character="3#8" >
			<item>59</item>
			<item>您性情刚毅，为人现实且事业心强。一天到晚就知道把心思放在工作上，整天想的也是怎么能赚更多的钱。和异性接触对您来说，除非工作需要，越少越好，拼命的您认为把时间用在拈花惹草上而不用在努力工作上实非明智之举。当然，如果是有钱、有身份的奇花异草在身边，您还是非十分愿意也非常舍得这个花时间和精力的。
与此同时，您也可能生性豪爽，三言两语就能和人家熟络起来，也很容易喜欢上一个人。只要您看上眼的，就一定会用尽招数令其臣服。此外，您的热情、幽默、多才多艺，也是吸引异性的致命武器，很多时候那些花花草草也会自动找上您，非常enjoy这种众星拱月感的您自然也不会拒绝别人来倒贴。</item>
			<item  name="huajie">对于男方如果避免外遇的问题一定要根据其性格特征，良好的沟通和生活关系可以抑制外遇的出现，还可以在家或者办公桌摆放$T57#天然粉水晶鸳鸯一对#$可以有效改善夫妻关系。鸳鸯永恒爱情的象征，是一夫一妻、相亲相爱、白头偕老的表率，粉水晶还能加强心肺功能的健康，可松弛紧张情绪，舒缓烦躁心情。粉水晶鸳鸯可协助改善夫妻关系，化解煞星带来的围绕在您们夫妻间的煞气。
也可以请【$F21#桃花宝斩符#$】斩除恋人或配偶的烂桃花，令恋人和配偶用情专一，忠贞不渝。再结合【$F24#夫妻合和符#$】促成姻缘，化解矛盾，令夫妻二人情投意合，恩爱百年。</item>
		</xingyao>
		<xingyao  id="16"   name="天同星+巨门星"  character="4#9" >
			<item>23</item>
			<item>您是所有人中个性最为平和的一个，素来就有“福星”之称。因此，在“拈花惹草”这戏中，您向来都扮演“花草”这种被动的角色。如果要您来个角色大转换饰演“蝴蝶”，您多半会因为同理心太强，太能明白对方的感受，本应为“蝴蝶”的您常常忘记应有的身份而把自己当成花草一族，就这样悄无声息的，就做了回拈花惹草的花蝴蝶。
与此同时，您可能在情感处理上，可以说是中规中矩的一个人。对于身边的人，您很是专一的，有时甚至到了愚忠的地步，只要是自己认定的，爱上了就很难将视线转移到其他异性身上。不过，您天生却是个“好奇宝宝”，对很多事情都有强烈的好奇心和求知欲，尤其是遇到那些有才情又很有个性的异性，“好奇宝宝”会带上放大镜，睁大眼睛，火速冲往“事发现场” 一探究竟。</item>
			<item  name="huajie">对于男方如果避免外遇的问题一定要根据其性格特征，良好的沟通和生活关系可以抑制外遇的出现，还可以在家或者办公桌摆放$T57#天然粉水晶鸳鸯一对#$可以有效改善夫妻关系。鸳鸯永恒爱情的象征，是一夫一妻、相亲相爱、白头偕老的表率，粉水晶还能加强心肺功能的健康，可松弛紧张情绪，舒缓烦躁心情。粉水晶鸳鸯可协助改善夫妻关系，化解煞星带来的围绕在您们夫妻间的煞气。
也可以请【$F21#桃花宝斩符#$】斩除恋人或配偶的烂桃花，令恋人和配偶用情专一，忠贞不渝。再结合【$F24#夫妻合和符#$】促成姻缘，化解矛盾，令夫妻二人情投意合，恩爱百年。</item>
		</xingyao>
		<xingyao  id="17"   name="天同星+天梁星"  character="4#11" >
			<item>17</item>
			<item>您是所有人中个性最为平和的一个，素来就有“福星”之称。因此，在“拈花惹草”这戏中，您向来都扮演“花草”这种被动的角色。如果要您来个角色大转换饰演“蝴蝶”，您多半会因为同理心太强，太能明白对方的感受，本应为“蝴蝶”的您常常忘记应有的身份而把自己当成花草一族，就这样悄无声息的，就做了回拈花惹草的花蝴蝶。
与此同时，您也可能慈悲为怀，具备牺牲奉献的服务精神，是个典型的好好先生。喜欢照顾他人的您常会不自觉的陷入别人的温柔乡里无法自拔。不过，您虽然生性慈悲，但也有面子观重、容易感情用事的一面，只要别人过激的言语让您下不了台，受刺激的好好先生也会对身边的异性做出让人大跌眼镜的事情来。</item>
			<item  name="huajie">对于男方如果避免外遇的问题一定要根据其性格特征，良好的沟通和生活关系可以抑制外遇的出现，还可以在家或者办公桌摆放$T57#天然粉水晶鸳鸯一对#$可以有效改善夫妻关系。鸳鸯永恒爱情的象征，是一夫一妻、相亲相爱、白头偕老的表率，粉水晶还能加强心肺功能的健康，可松弛紧张情绪，舒缓烦躁心情。粉水晶鸳鸯可协助改善夫妻关系，化解煞星带来的围绕在您们夫妻间的煞气。
也可以请【$F21#桃花宝斩符#$】斩除恋人或配偶的烂桃花，令恋人和配偶用情专一，忠贞不渝。再结合【$F24#夫妻合和符#$】促成姻缘，化解矛盾，令夫妻二人情投意合，恩爱百年。</item>
		</xingyao>
		<xingyao  id="18"   name="天同星+太阴星"  character="4#7" >
			<item>2</item>
			<item>您是所有人中个性最为平和的一个，素来就有“福星”之称。因此，在“拈花惹草”这戏中，您向来都扮演“花草”这种被动的角色。如果要您来个角色大转换饰演“蝴蝶”，您多半会因为同理心太强，太能明白对方的感受，本应为“蝴蝶”的您常常忘记应有的身份而把自己当成花草一族，就这样悄无声息的，就做了回拈花惹草的花蝴蝶。
与此同时，您也可能性格柔和、为人谦逊，是个追求和谐完美的人。在您眼里，对于感情之事，不能过于强求，秉持“得之我幸，不得我命”的理念是您追求真爱的标准。所以，要您去做拈花惹草的事情，无疑是天方夜谈。在这个男女感情无规则的情感世界中，您也是充当花草的角色。此外，其严格的道德观和传统价值观更是阻止其出外寻花的坚固盾牌。</item>
			<item  name="huajie">对于男方如果避免外遇的问题一定要根据其性格特征，良好的沟通和生活关系可以抑制外遇的出现，还可以在家或者办公桌摆放$T57#天然粉水晶鸳鸯一对#$可以有效改善夫妻关系。鸳鸯永恒爱情的象征，是一夫一妻、相亲相爱、白头偕老的表率，粉水晶还能加强心肺功能的健康，可松弛紧张情绪，舒缓烦躁心情。粉水晶鸳鸯可协助改善夫妻关系，化解煞星带来的围绕在您们夫妻间的煞气。
也可以请【$F21#桃花宝斩符#$】斩除恋人或配偶的烂桃花，令恋人和配偶用情专一，忠贞不渝。再结合【$F24#夫妻合和符#$】促成姻缘，化解矛盾，令夫妻二人情投意合，恩爱百年。</item>
		</xingyao>
		<xingyao  id="19"   name="廉贞星+天府星"  character="5#6" >
			<item>91</item>
			<item>您是典型的内刚外柔之人，颇懂与人交往的圆融之道。喜欢结交朋友的您，人缘极佳，与人初次接触也能很快由生变熟。对相谈甚欢者，您难免会因非分之想而做出拈花惹草之事来。自信满满，气宇轩昂的您一样能吸引花草无数，可惜，您性格孤傲，心性又很高，若是一般的花草，他也不愿意搭理，至于香花美草，那则多多益善。
与此同时，您也可能慈悲为怀，具备牺牲奉献的服务精神，是个典型的好好先生。喜欢照顾他人的您常会不自觉的陷入别人的温柔乡里无法自拔。不过，您虽然生性慈悲，但也有面子观重、容易感情用事的一面，只要别人过激的言语让您下不了台，受刺激的好好先生也会对身边的异性做出让人大跌眼镜的事情来。</item>
			<item  name="huajie">对于男方如果避免外遇的问题一定要根据其性格特征，良好的沟通和生活关系可以抑制外遇的出现，还可以在家或者办公桌摆放$T57#天然粉水晶鸳鸯一对#$可以有效改善夫妻关系。鸳鸯永恒爱情的象征，是一夫一妻、相亲相爱、白头偕老的表率，粉水晶还能加强心肺功能的健康，可松弛紧张情绪，舒缓烦躁心情。粉水晶鸳鸯可协助改善夫妻关系，化解煞星带来的围绕在您们夫妻间的煞气。
也可以请【$F21#桃花宝斩符#$】斩除恋人或配偶的烂桃花，令恋人和配偶用情专一，忠贞不渝。再结合【$F24#夫妻合和符#$】促成姻缘，化解矛盾，令夫妻二人情投意合，恩爱百年。</item>
		</xingyao>
		<xingyao  id="20"   name="廉贞星+贪狼星"  character="5#8" >
			<item>97</item>
			<item>您是典型的内刚外柔之人，颇懂与人交往的圆融之道。喜欢结交朋友的您，人缘极佳，与人初次接触也能很快由生变熟。对相谈甚欢者，您难免会因非分之想而做出拈花惹草之事来。自信满满，气宇轩昂的您一样能吸引花草无数，可惜，您性格孤傲，心性又很高，若是一般的花草，他也不愿意搭理，至于香花美草，那则多多益善。
与此同时，您也可能生性豪爽，三言两语就能和人家熟络起来，也很容易喜欢上一个人。只要您看上眼的，就一定会用尽招数令其臣服。此外，您的热情、幽默、多才多艺，也是吸引异性的致命武器，很多时候那些花花草草也会自动找上您，非常enjoy这种众星拱月感的您自然也不会拒绝别人来倒贴。</item>
			<item  name="huajie">对于男方如果避免外遇的问题一定要根据其性格特征，良好的沟通和生活关系可以抑制外遇的出现，还可以在家或者办公桌摆放$T57#天然粉水晶鸳鸯一对#$可以有效改善夫妻关系。鸳鸯永恒爱情的象征，是一夫一妻、相亲相爱、白头偕老的表率，粉水晶还能加强心肺功能的健康，可松弛紧张情绪，舒缓烦躁心情。粉水晶鸳鸯可协助改善夫妻关系，化解煞星带来的围绕在您们夫妻间的煞气。
也可以请【$F21#桃花宝斩符#$】斩除恋人或配偶的烂桃花，令恋人和配偶用情专一，忠贞不渝。再结合【$F24#夫妻合和符#$】促成姻缘，化解矛盾，令夫妻二人情投意合，恩爱百年。</item>
		</xingyao>
		<xingyao  id="21"   name="廉贞星+天相星"  character="5#10" >
			<item>74</item>
			<item>您是典型的内刚外柔之人，颇懂与人交往的圆融之道。喜欢结交朋友的您，人缘极佳，与人初次接触也能很快由生变熟。对相谈甚欢者，您难免会因非分之想而做出拈花惹草之事来。自信满满，气宇轩昂的您一样能吸引花草无数，可惜，您性格孤傲，心性又很高，若是一般的花草，他也不愿意搭理，至于香花美草，那则多多益善。
与此同时，您也可能是一个很实际的人，在情感的处理方式上显得理智、现实。一般来说，只要身边有了固定的伴侣，您通常不会去做拈花惹草的事情。但是，理智的您也有爱慕虚荣的一面，当身边的同性开始攀比谁身边美女最多的时候，此时，身边佳侣一支独秀的您顿觉颜面无光，为了顾全自己的面子，“摧花辣手”迅速伸向周围的美女。</item>
			<item  name="huajie">对于男方如果避免外遇的问题一定要根据其性格特征，良好的沟通和生活关系可以抑制外遇的出现，还可以在家或者办公桌摆放$T57#天然粉水晶鸳鸯一对#$可以有效改善夫妻关系。鸳鸯永恒爱情的象征，是一夫一妻、相亲相爱、白头偕老的表率，粉水晶还能加强心肺功能的健康，可松弛紧张情绪，舒缓烦躁心情。粉水晶鸳鸯可协助改善夫妻关系，化解煞星带来的围绕在您们夫妻间的煞气。
也可以请【$F21#桃花宝斩符#$】斩除恋人或配偶的烂桃花，令恋人和配偶用情专一，忠贞不渝。再结合【$F24#夫妻合和符#$】促成姻缘，化解矛盾，令夫妻二人情投意合，恩爱百年。</item>
		</xingyao>
		<xingyao  id="22"   name="廉贞星+七杀星"  character="5#12" >
			<item>81</item>
			<item>您是典型的内刚外柔之人，颇懂与人交往的圆融之道。喜欢结交朋友的您，人缘极佳，与人初次接触也能很快由生变熟。对相谈甚欢者，您难免会因非分之想而做出拈花惹草之事来。自信满满，气宇轩昂的您一样能吸引花草无数，可惜，您性格孤傲，心性又很高，若是一般的花草，他也不愿意搭理，至于香花美草，那则多多益善。
与此同时，您也可能是个刚烈耿直、热情洒脱的人，还是一个对爱情比较专一的人。其拈花惹草指数高，是因为您占有欲和掌控欲很强，无法容忍另一半脱离自己的掌控。一旦自己认为对方不够好，依其敢爱敢恨的个性，准会马上开始寻求新的感情归宿，而不顾对方的感受。久而久之，您就被贴上了到处拈花惹草的标签。</item>
			<item  name="huajie">对于男方如果避免外遇的问题一定要根据其性格特征，良好的沟通和生活关系可以抑制外遇的出现，还可以在家或者办公桌摆放$T57#天然粉水晶鸳鸯一对#$可以有效改善夫妻关系。鸳鸯永恒爱情的象征，是一夫一妻、相亲相爱、白头偕老的表率，粉水晶还能加强心肺功能的健康，可松弛紧张情绪，舒缓烦躁心情。粉水晶鸳鸯可协助改善夫妻关系，化解煞星带来的围绕在您们夫妻间的煞气。
也可以请【$F21#桃花宝斩符#$】斩除恋人或配偶的烂桃花，令恋人和配偶用情专一，忠贞不渝。再结合【$F24#夫妻合和符#$】促成姻缘，化解矛盾，令夫妻二人情投意合，恩爱百年。</item>
		</xingyao>
		<xingyao  id="23"   name="廉贞星+破军星"  character="5#13" >
			<item>89</item>
			<item>您是典型的内刚外柔之人，颇懂与人交往的圆融之道。喜欢结交朋友的您，人缘极佳，与人初次接触也能很快由生变熟。对相谈甚欢者，您难免会因非分之想而做出拈花惹草之事来。自信满满，气宇轩昂的您一样能吸引花草无数，可惜，您性格孤傲，心性又很高，若是一般的花草，他也不愿意搭理，至于香花美草，那则多多益善。
与此同时，您也可能存在求新求变、喜新厌旧的个性，无疑是令伴侣担忧的人。“找的就是刺激”、“玩的就是心跳”可以说是您寻花问柳的宣言。我行我素，追求新鲜的您往往是吃着碗里的，又望着锅里的，还想着别人的，只要是自己喜欢的，您才不管名花名草有没有主呢，只管策马扬鞭，奋力直追。</item>
			<item  name="huajie">对于男方如果避免外遇的问题一定要根据其性格特征，良好的沟通和生活关系可以抑制外遇的出现，还可以在家或者办公桌摆放$T57#天然粉水晶鸳鸯一对#$可以有效改善夫妻关系。鸳鸯永恒爱情的象征，是一夫一妻、相亲相爱、白头偕老的表率，粉水晶还能加强心肺功能的健康，可松弛紧张情绪，舒缓烦躁心情。粉水晶鸳鸯可协助改善夫妻关系，化解煞星带来的围绕在您们夫妻间的煞气。
也可以请【$F21#桃花宝斩符#$】斩除恋人或配偶的烂桃花，令恋人和配偶用情专一，忠贞不渝。再结合【$F24#夫妻合和符#$】促成姻缘，化解矛盾，令夫妻二人情投意合，恩爱百年。</item>
		</xingyao>
	</worm>
	<butterfly>
		<xingyao  id="0"   name="太阳星+太阴星"  character="2#7" >
			<item>算术最没有数字概念的，应该就是您了，您是很少在杀价的，属于阿沙力的消费者，因为是怕麻烦，力求简单，所以习惯在同一家店就要买好所有所需的东西，虽然您是好客，但是一但发现被骗或是买到瑕疵品的时候，您可是会非常的生气，觉得自己的信用受到污辱。
与此同时，优柔寡断的您在买东西的时候也是这付德行，不容易下决定要买哪个东西，除非是很多人的正面肯定，那就会放手一搏啰！您比较喜欢买耐久实用经济的东西，不会都买最好的，但是也有一定的质量程度，喜欢捡便宜的太阴在买东西时当然要货比三家，这可是一点都不麻烦的，喜欢花钱在跟大自然的接触上</item>
			<item  name="huajie">理性消费对于家庭和情侣来说都非常重要，建议佩戴$T58#情侣款黄水晶葫芦吊坠#$增强正能量，化病灾避邪，更可以守财聚富，还可以增加恋爱指数，踏入幸福的婚姻殿堂，家庭健康美满！再配合【五路运财符】招四方财旺人气，可招财补运，治破耗星，令开支减少。</item>
		</xingyao>
		<xingyao  id="1"   name="紫微星+破军星"  character="0#13" >
			<item>算术最没有数字概念的，应该就是您了，您是很少在杀价的，属于阿沙力的消费者，因为是怕麻烦，力求简单，所以习惯在同一家店就要买好所有所需的东西，虽然您是好客，但是一但发现被骗或是买到瑕疵品的时候，您可是会非常的生气，觉得自己的信用受到污辱。
与此同时，只要是您觉得值得的东西就会舍的花，所以消费的型态是很极端的，有时会为了捡到便宜货而得意洋洋，也会因为喜欢值得而花大钱，毫不心疼，有一些部分是很节俭，有些部分又会挥霍无比，例如您会省到餐餐吃泡面，但却会花大钱去买高级的衣服，只要我喜欢有什么不可以，凭感觉就是了。</item>
			<item  name="huajie">理性消费对于家庭和情侣来说都非常重要，建议佩戴$T58#情侣款黄水晶葫芦吊坠#$增强正能量，化病灾避邪，更可以守财聚富，还可以增加恋爱指数，踏入幸福的婚姻殿堂，家庭健康美满！再配合【五路运财符】招四方财旺人气，可招财补运，治破耗星，令开支减少。</item>
		</xingyao>
		<xingyao  id="2"   name="紫微星+天府星"  character="0#6" >
			<item>算术最没有数字概念的，应该就是您了，您是很少在杀价的，属于阿沙力的消费者，因为是怕麻烦，力求简单，所以习惯在同一家店就要买好所有所需的东西，虽然您是好客，但是一但发现被骗或是买到瑕疵品的时候，您可是会非常的生气，觉得自己的信用受到污辱。
与此同时，您是以贪多导向的消费行为，喜欢大量的买东西，囤积存货，同样的东西只要喜欢，就会把所有的颜色通通买回来放着；您还有价位取向的行为，会认为东西贵就是好的，会以东西的价格来评断好坏，还有您是对吃比较挑剔的，所以要花钱吃好吃的，也是一点都不吝啬喔！</item>
			<item  name="huajie">理性消费对于家庭和情侣来说都非常重要，建议佩戴$T58#情侣款黄水晶葫芦吊坠#$增强正能量，化病灾避邪，更可以守财聚富，还可以增加恋爱指数，踏入幸福的婚姻殿堂，家庭健康美满！再配合【五路运财符】招四方财旺人气，可招财补运，治破耗星，令开支减少。</item>
		</xingyao>
		<xingyao  id="3"   name="紫微星+贪狼星"  character="0#8" >
			<item>算术最没有数字概念的，应该就是您了，您是很少在杀价的，属于阿沙力的消费者，因为是怕麻烦，力求简单，所以习惯在同一家店就要买好所有所需的东西，虽然您是好客，但是一但发现被骗或是买到瑕疵品的时候，您可是会非常的生气，觉得自己的信用受到污辱。
与此同时，只要是您觉得值得的东西就会舍的花，认为毕竟钱生不带来死不带去的，所以总是秉持着享乐主义的精神！处处讲求面子，特别有朋友在场合，喜欢充排场，花起钱来不会考虑太多，月光族最容易出现在您的身上。</item>
			<item  name="huajie">理性消费对于家庭和情侣来说都非常重要，建议佩戴$T58#情侣款黄水晶葫芦吊坠#$增强正能量，化病灾避邪，更可以守财聚富，还可以增加恋爱指数，踏入幸福的婚姻殿堂，家庭健康美满！再配合【五路运财符】招四方财旺人气，可招财补运，治破耗星，令开支减少。</item>
		</xingyao>
		<xingyao  id="4"   name="紫微星+天相星"  character="0#10" >
			<item>算术最没有数字概念的，应该就是您了，您是很少在杀价的，属于阿沙力的消费者，因为是怕麻烦，力求简单，所以习惯在同一家店就要买好所有所需的东西，虽然您是好客，但是一但发现被骗或是买到瑕疵品的时候，您可是会非常的生气，觉得自己的信用受到污辱。
与此同时，您是求精不求量的人，要买就是要买好的，不要那种用没三次就坏掉的东西，也有惯用性的消费行为，喜欢买有买过的东西，就是有口碑的啦！工欲善其事必先利其器，当您想做什么事的时候，一定要先做好事先的准备工作，该有的家私都一定要齐全，所以久而久之就囤积了一大堆东西了。</item>
			<item  name="huajie">理性消费对于家庭和情侣来说都非常重要，建议佩戴$T58#情侣款黄水晶葫芦吊坠#$增强正能量，化病灾避邪，更可以守财聚富，还可以增加恋爱指数，踏入幸福的婚姻殿堂，家庭健康美满！再配合【五路运财符】招四方财旺人气，可招财补运，治破耗星，令开支减少。</item>
		</xingyao>
		<xingyao  id="5"   name="紫微星+七杀星"  character="0#12" >
			<item>算术最没有数字概念的，应该就是您了，您是很少在杀价的，属于阿沙力的消费者，因为是怕麻烦，力求简单，所以习惯在同一家店就要买好所有所需的东西，虽然您是好客，但是一但发现被骗或是买到瑕疵品的时候，您可是会非常的生气，觉得自己的信用受到污辱。
与此同时，您不仅是讲求实用，更会讲求名牌，也就是用好用的名牌货就对了啦，也是求精不求量的人，要买就要买好的贵的，只要一看上眼就会下手，从来也不会考虑说要量入为出，顾虑到东西的价格或是杀价，喜欢就买了，就是这么简单。</item>
			<item  name="huajie">理性消费对于家庭和情侣来说都非常重要，建议佩戴$T58#情侣款黄水晶葫芦吊坠#$增强正能量，化病灾避邪，更可以守财聚富，还可以增加恋爱指数，踏入幸福的婚姻殿堂，家庭健康美满！再配合【五路运财符】招四方财旺人气，可招财补运，治破耗星，令开支减少。</item>
		</xingyao>
		<xingyao  id="6"   name="天机星+太阴星"  character="1#7" >
			<item>您可以算是购物者中的百变金刚，难捉摸的消费型态，多元化、风格不一致多变，让人很难绝对的说出天机真正喜欢的是什么，不过天机也是懂得计较、杀价、货比三家精打细算一番，您可不想当冤大头的！当然您也是要求多功能够炫的东西，喜欢时代尖端的产品。
与此同时，优柔寡断的您在买东西的时候也是这付德行，不容易下决定要买哪个东西，除非是很多人的正面肯定，那就会放手一搏啰！您比较喜欢买耐久实用经济的东西，不会都买最好的，但是也有一定的质量程度，喜欢捡便宜的太阴在买东西时当然要货比三家，这可是一点都不麻烦的，喜欢花钱在跟大自然的接触上。</item>
			<item  name="huajie">理性消费对于家庭和情侣来说都非常重要，建议佩戴$T58#情侣款黄水晶葫芦吊坠#$增强正能量，化病灾避邪，更可以守财聚富，还可以增加恋爱指数，踏入幸福的婚姻殿堂，家庭健康美满！再配合【五路运财符】招四方财旺人气，可招财补运，治破耗星，令开支减少。</item>
		</xingyao>
		<xingyao  id="7"   name="天机星+巨门星"  character="1#9" >
			<item>您可以算是购物者中的百变金刚，难捉摸的消费型态，多元化、风格不一致多变，让人很难绝对的说出天机真正喜欢的是什么，不过天机也是懂得计较、杀价、货比三家精打细算一番，您可不想当冤大头的！当然您也是要求多功能够炫的东西，喜欢时代尖端的产品。
与此同时，您算是疑心病最重的，东西都还没买就担心一堆，东挑西捡，还是没有办法决定要买什么，是个谨慎的消费者；因为本身外行的缘故，您会比较相信专家的意见，这时候专业的销售员是很必须的，这也会是您评估的重点喔！年轻的您是较腼腆的，要等年纪稍长了之后，您在买东西时才敢开口问问。</item>
			<item  name="huajie">理性消费对于家庭和情侣来说都非常重要，建议佩戴$T58#情侣款黄水晶葫芦吊坠#$增强正能量，化病灾避邪，更可以守财聚富，还可以增加恋爱指数，踏入幸福的婚姻殿堂，家庭健康美满！再配合【五路运财符】招四方财旺人气，可招财补运，治破耗星，令开支减少。</item>
		</xingyao>
		<xingyao  id="8"   name="天机星+天梁星"  character="1#11" >
			<item>您可以算是购物者中的百变金刚，难捉摸的消费型态，多元化、风格不一致多变，让人很难绝对的说出天机真正喜欢的是什么，不过天机也是懂得计较、杀价、货比三家精打细算一番，您可不想当冤大头的！当然您也是要求多功能够炫的东西，喜欢时代尖端的产品。
与此同时，您可是啰唆型的消费者，会不断的询问想知道的问题，东西会不会容易坏之类的问题，您买东西不一定要名牌，便宜比较实在，哪有便宜货就去买，您相信专家的意见，当然就是对老字号有口碑的较有信心。</item>
			<item  name="huajie">理性消费对于家庭和情侣来说都非常重要，建议佩戴$T58#情侣款黄水晶葫芦吊坠#$增强正能量，化病灾避邪，更可以守财聚富，还可以增加恋爱指数，踏入幸福的婚姻殿堂，家庭健康美满！再配合【五路运财符】招四方财旺人气，可招财补运，治破耗星，令开支减少。</item>
		</xingyao>
		<xingyao  id="9"   name="太阳星+巨门星"  character="2#9" >
			<item>算术最没有数字概念的，应该就是您了，您是很少在杀价的，属于阿沙力的消费者，因为是怕麻烦，力求简单，所以习惯在同一家店就要买好所有所需的东西，虽然您是好客，但是一但发现被骗或是买到瑕疵品的时候，您可是会非常的生气，觉得自己的信用受到污辱。
与此同时，您算是疑心病最重的，东西都还没买就担心一堆，东挑西捡，还是没有办法决定要买什么，是个谨慎的消费者；因为本身外行的缘故，您会比较相信专家的意见，这时候专业的销售员是很必须的，这也会是您评估的重点喔！年轻的您是较腼腆的，要等年纪稍长了之后，您在买东西时才敢开口问问。</item>
			<item  name="huajie">理性消费对于家庭和情侣来说都非常重要，建议佩戴$T58#情侣款黄水晶葫芦吊坠#$增强正能量，化病灾避邪，更可以守财聚富，还可以增加恋爱指数，踏入幸福的婚姻殿堂，家庭健康美满！再配合【五路运财符】招四方财旺人气，可招财补运，治破耗星，令开支减少。</item>
		</xingyao>
		<xingyao  id="10"   name="太阳星+天梁星"  character="2#11" >
			<item>算术最没有数字概念的，应该就是您了，您是很少在杀价的，属于阿沙力的消费者，因为是怕麻烦，力求简单，所以习惯在同一家店就要买好所有所需的东西，虽然您是好客，但是一但发现被骗或是买到瑕疵品的时候，您可是会非常的生气，觉得自己的信用受到污辱。
与此同时，您可是啰唆型的消费者，会不断的询问想知道的问题，东西会不会容易坏之类的问题，您买东西不一定要名牌，便宜比较实在，哪有便宜货就去买，您相信专家的意见，当然就是对老字号有口碑的较有信心。</item>
			<item  name="huajie">理性消费对于家庭和情侣来说都非常重要，建议佩戴$T58#情侣款黄水晶葫芦吊坠#$增强正能量，化病灾避邪，更可以守财聚富，还可以增加恋爱指数，踏入幸福的婚姻殿堂，家庭健康美满！再配合【五路运财符】招四方财旺人气，可招财补运，治破耗星，令开支减少。</item>
		</xingyao>
		<xingyao  id="11"   name="武曲星+七杀星"  character="3#12" >
			<item>一向以实用导向为主的您，虽然说的上是生活节俭型的，可也是喜欢亮丽专业的东西，您深深相信是一分钱一分货的，不会贪便宜买了不好的东西，不过有机会杀价的时候就是要尽力的杀个片甲不留，省点也好，不过平常的小钱省下来的，却都因为一花就花下大钱，所以钱也就花光光了。
与此同时，您不仅是讲求实用，更会讲求名牌，也就是用好用的名牌货就对了啦，也是求精不求量的人，要买就要买好的贵的，只要一看上眼就会下手，从来也不会考虑说要量入为出，顾虑到东西的价格或是杀价，喜欢就买了，就是这么简单。</item>
			<item  name="huajie">理性消费对于家庭和情侣来说都非常重要，建议佩戴$T58#情侣款黄水晶葫芦吊坠#$增强正能量，化病灾避邪，更可以守财聚富，还可以增加恋爱指数，踏入幸福的婚姻殿堂，家庭健康美满！再配合【五路运财符】招四方财旺人气，可招财补运，治破耗星，令开支减少。</item>
		</xingyao>
		<xingyao  id="12"   name="武曲星+天相星"  character="3#10" >
			<item>一向以实用导向为主的您，虽然说的上是生活节俭型的，可也是喜欢亮丽专业的东西，您深深相信是一分钱一分货的，不会贪便宜买了不好的东西，不过有机会杀价的时候就是要尽力的杀个片甲不留，省点也好，不过平常的小钱省下来的，却都因为一花就花下大钱，所以钱也就花光光了。
与此同时，您是求精不求量的人，要买就是要买好的，不要那种用没三次就坏掉的东西，也有惯用性的消费行为，喜欢买有买过的东西，就是有口碑的啦！工欲善其事必先利其器，当您想做什么事的时候，一定要先做好事先的准备工作，该有的家私都一定要齐全，所以久而久之就囤积了一大堆东西了。</item>
			<item  name="huajie">理性消费对于家庭和情侣来说都非常重要，建议佩戴$T58#情侣款黄水晶葫芦吊坠#$增强正能量，化病灾避邪，更可以守财聚富，还可以增加恋爱指数，踏入幸福的婚姻殿堂，家庭健康美满！再配合【五路运财符】招四方财旺人气，可招财补运，治破耗星，令开支减少。</item>
		</xingyao>
		<xingyao  id="13"   name="武曲星+破军星"  character="3#13" >
			<item>一向以实用导向为主的您，虽然说的上是生活节俭型的，可也是喜欢亮丽专业的东西，您深深相信是一分钱一分货的，不会贪便宜买了不好的东西，不过有机会杀价的时候就是要尽力的杀个片甲不留，省点也好，不过平常的小钱省下来的，却都因为一花就花下大钱，所以钱也就花光光了。
与此同时，只要是您觉得值得的东西就会舍的花，所以消费的型态是很极端的，有时会为了捡到便宜货而得意洋洋，也会因为喜欢值得而花大钱，毫不心疼，有一些部分是很节俭，有些部分又会挥霍无比，例如您会省到餐餐吃泡面，但却会花大钱去买高级的衣服，只要我喜欢有什么不可以，凭感觉就是了。</item>
			<item  name="huajie">理性消费对于家庭和情侣来说都非常重要，建议佩戴$T58#情侣款黄水晶葫芦吊坠#$增强正能量，化病灾避邪，更可以守财聚富，还可以增加恋爱指数，踏入幸福的婚姻殿堂，家庭健康美满！再配合【五路运财符】招四方财旺人气，可招财补运，治破耗星，令开支减少。</item>
		</xingyao>
		<xingyao  id="14"   name="武曲星+天府星"  character="3#6" >
			<item>一向以实用导向为主的您，虽然说的上是生活节俭型的，可也是喜欢亮丽专业的东西，您深深相信是一分钱一分货的，不会贪便宜买了不好的东西，不过有机会杀价的时候就是要尽力的杀个片甲不留，省点也好，不过平常的小钱省下来的，却都因为一花就花下大钱，所以钱也就花光光了。
与此同时，您是以贪多导向的消费行为，喜欢大量的买东西，囤积存货，同样的东西只要喜欢，就会把所有的颜色通通买回来放着；您还有价位取向的行为，会认为东西贵就是好的，会以东西的价格来评断好坏，还有您是对吃比较挑剔的，所以要花钱吃好吃的，也是一点都不吝啬喔！</item>
			<item  name="huajie">理性消费对于家庭和情侣来说都非常重要，建议佩戴$T58#情侣款黄水晶葫芦吊坠#$增强正能量，化病灾避邪，更可以守财聚富，还可以增加恋爱指数，踏入幸福的婚姻殿堂，家庭健康美满！再配合【五路运财符】招四方财旺人气，可招财补运，治破耗星，令开支减少。</item>
		</xingyao>
		<xingyao  id="15"   name="武曲星+贪狼星"  character="3#8" >
			<item>一向以实用导向为主的您，虽然说的上是生活节俭型的，可也是喜欢亮丽专业的东西，您深深相信是一分钱一分货的，不会贪便宜买了不好的东西，不过有机会杀价的时候就是要尽力的杀个片甲不留，省点也好，不过平常的小钱省下来的，却都因为一花就花下大钱，所以钱也就花光光了。
与此同时，只要是您觉得值得的东西就会舍的花，认为毕竟钱生不带来死不带去的，所以总是秉持着享乐主义的精神！处处讲求面子，特别有朋友在场合，喜欢充排场，花起钱来不会考虑太多，月光族最容易出现在您的身上。</item>
			<item  name="huajie">理性消费对于家庭和情侣来说都非常重要，建议佩戴$T58#情侣款黄水晶葫芦吊坠#$增强正能量，化病灾避邪，更可以守财聚富，还可以增加恋爱指数，踏入幸福的婚姻殿堂，家庭健康美满！再配合【五路运财符】招四方财旺人气，可招财补运，治破耗星，令开支减少。</item>
		</xingyao>
		<xingyao  id="16"   name="天同星+巨门星"  character="4#9" >
			<item>您喜欢花钱在享受上，不一定是高级的享受，但至少要吃的不错、穿的不错、用的不错，尤其跟生活息息相关的东西，您不能使用太过复杂的机器，最好都是All in one的设计，发挥一指神功就好，更是个迷糊的消费者，常莫名其妙怎么自己买了什么也搞不清楚。
与此同时，您算是疑心病最重的，东西都还没买就担心一堆，东挑西捡，还是没有办法决定要买什么，是个谨慎的消费者；因为本身外行的缘故，您会比较相信专家的意见，这时候专业的销售员是很必须的，这也会是您评估的重点喔！年轻的您是较腼腆的，要等年纪稍长了之后，您在买东西时才敢开口问问。</item>
			<item  name="huajie">理性消费对于家庭和情侣来说都非常重要，建议佩戴$T58#情侣款黄水晶葫芦吊坠#$增强正能量，化病灾避邪，更可以守财聚富，还可以增加恋爱指数，踏入幸福的婚姻殿堂，家庭健康美满！再配合【五路运财符】招四方财旺人气，可招财补运，治破耗星，令开支减少。</item>
		</xingyao>
		<xingyao  id="17"   name="天同星+天梁星"  character="4#11" >
			<item>您喜欢花钱在享受上，不一定是高级的享受，但至少要吃的不错、穿的不错、用的不错，尤其跟生活息息相关的东西，您不能使用太过复杂的机器，最好都是All in one的设计，发挥一指神功就好，更是个迷糊的消费者，常莫名其妙怎么自己买了什么也搞不清楚。
与此同时，您可是啰唆型的消费者，会不断的询问想知道的问题，东西会不会容易坏之类的问题，您买东西不一定要名牌，便宜比较实在，哪有便宜货就去买，您相信专家的意见，当然就是对老字号有口碑的较有信心。</item>
			<item  name="huajie">理性消费对于家庭和情侣来说都非常重要，建议佩戴$T58#情侣款黄水晶葫芦吊坠#$增强正能量，化病灾避邪，更可以守财聚富，还可以增加恋爱指数，踏入幸福的婚姻殿堂，家庭健康美满！再配合【五路运财符】招四方财旺人气，可招财补运，治破耗星，令开支减少。</item>
		</xingyao>
		<xingyao  id="18"   name="天同星+太阴星"  character="4#7" >
			<item>您喜欢花钱在享受上，不一定是高级的享受，但至少要吃的不错、穿的不错、用的不错，尤其跟生活息息相关的东西，您不能使用太过复杂的机器，最好都是All in one的设计，发挥一指神功就好，更是个迷糊的消费者，常莫名其妙怎么自己买了什么也搞不清楚。
与此同时，优柔寡断的您在买东西的时候也是这付德行，不容易下决定要买哪个东西，除非是很多人的正面肯定，那就会放手一搏啰！您比较喜欢买耐久实用经济的东西，不会都买最好的，但是也有一定的质量程度，喜欢捡便宜的太阴在买东西时当然要货比三家，这可是一点都不麻烦的，喜欢花钱在跟大自然的接触上。</item>
			<item  name="huajie">理性消费对于家庭和情侣来说都非常重要，建议佩戴$T58#情侣款黄水晶葫芦吊坠#$增强正能量，化病灾避邪，更可以守财聚富，还可以增加恋爱指数，踏入幸福的婚姻殿堂，家庭健康美满！再配合【五路运财符】招四方财旺人气，可招财补运，治破耗星，令开支减少。</item>
		</xingyao>
		<xingyao  id="19"   name="廉贞星+天府星"  character="5#6" >
			<item>您可是很会找路子来买东西喔！所以一定会有些小撇步让您买到好货；因为感觉导向的关系，您买东西可不一定要实用，只要够炫够酷就可以让您买下手，更何况是别人有炫东西，您怎么可以没有呢？而且还要比别人的炫才行，买下新鲜好玩的东西他可是毫不软手。
与此同时，您是以贪多导向的消费行为，喜欢大量的买东西，囤积存货，同样的东西只要喜欢，就会把所有的颜色通通买回来放着；您还有价位取向的行为，会认为东西贵就是好的，会以东西的价格来评断好坏，还有您是对吃比较挑剔的，所以要花钱吃好吃的，也是一点都不吝啬喔！</item>
			<item  name="huajie">理性消费对于家庭和情侣来说都非常重要，建议佩戴$T58#情侣款黄水晶葫芦吊坠#$增强正能量，化病灾避邪，更可以守财聚富，还可以增加恋爱指数，踏入幸福的婚姻殿堂，家庭健康美满！再配合【五路运财符】招四方财旺人气，可招财补运，治破耗星，令开支减少。</item>
		</xingyao>
		<xingyao  id="20"   name="廉贞星+贪狼星"  character="5#8" >
			<item>您可是很会找路子来买东西喔！所以一定会有些小撇步让您买到好货；因为感觉导向的关系，您买东西可不一定要实用，只要够炫够酷就可以让您买下手，更何况是别人有炫东西，您怎么可以没有呢？而且还要比别人的炫才行，买下新鲜好玩的东西他可是毫不软手。
与此同时，只要是您觉得值得的东西就会舍的花，认为毕竟钱生不带来死不带去的，所以总是秉持着享乐主义的精神！处处讲求面子，特别有朋友在场合，喜欢充排场，花起钱来不会考虑太多，月光族最容易出现在您的身上。</item>
			<item  name="huajie">理性消费对于家庭和情侣来说都非常重要，建议佩戴$T58#情侣款黄水晶葫芦吊坠#$增强正能量，化病灾避邪，更可以守财聚富，还可以增加恋爱指数，踏入幸福的婚姻殿堂，家庭健康美满！再配合【五路运财符】招四方财旺人气，可招财补运，治破耗星，令开支减少。</item>
		</xingyao>
		<xingyao  id="21"   name="廉贞星+天相星"  character="5#10" >
			<item>您可是很会找路子来买东西喔！所以一定会有些小撇步让您买到好货；因为感觉导向的关系，您买东西可不一定要实用，只要够炫够酷就可以让您买下手，更何况是别人有炫东西，您怎么可以没有呢？而且还要比别人的炫才行，买下新鲜好玩的东西他可是毫不软手。
与此同时，您是求精不求量的人，要买就是要买好的，不要那种用没三次就坏掉的东西，也有惯用性的消费行为，喜欢买有买过的东西，就是有口碑的啦！工欲善其事必先利其器，当您想做什么事的时候，一定要先做好事先的准备工作，该有的家私都一定要齐全，所以久而久之就囤积了一大堆东西了。</item>
			<item  name="huajie">理性消费对于家庭和情侣来说都非常重要，建议佩戴$T58#情侣款黄水晶葫芦吊坠#$增强正能量，化病灾避邪，更可以守财聚富，还可以增加恋爱指数，踏入幸福的婚姻殿堂，家庭健康美满！再配合【五路运财符】招四方财旺人气，可招财补运，治破耗星，令开支减少。</item>
		</xingyao>
		<xingyao  id="22"   name="廉贞星+七杀星"  character="5#12" >
			<item>您可是很会找路子来买东西喔！所以一定会有些小撇步让您买到好货；因为感觉导向的关系，您买东西可不一定要实用，只要够炫够酷就可以让您买下手，更何况是别人有炫东西，您怎么可以没有呢？而且还要比别人的炫才行，买下新鲜好玩的东西他可是毫不软手。
与此同时，您不仅是讲求实用，更会讲求名牌，也就是用好用的名牌货就对了啦，也是求精不求量的人，要买就要买好的贵的，只要一看上眼就会下手，从来也不会考虑说要量入为出，顾虑到东西的价格或是杀价，喜欢就买了，就是这么简单。</item>
			<item  name="huajie">理性消费对于家庭和情侣来说都非常重要，建议佩戴$T58#情侣款黄水晶葫芦吊坠#$增强正能量，化病灾避邪，更可以守财聚富，还可以增加恋爱指数，踏入幸福的婚姻殿堂，家庭健康美满！再配合【五路运财符】招四方财旺人气，可招财补运，治破耗星，令开支减少。</item>
		</xingyao>
		<xingyao  id="23"   name="廉贞星+破军星"  character="5#13" >
			<item>您可是很会找路子来买东西喔！所以一定会有些小撇步让您买到好货；因为感觉导向的关系，您买东西可不一定要实用，只要够炫够酷就可以让您买下手，更何况是别人有炫东西，您怎么可以没有呢？而且还要比别人的炫才行，买下新鲜好玩的东西他可是毫不软手。
与此同时，只要是您觉得值得的东西就会舍的花，所以消费的型态是很极端的，有时会为了捡到便宜货而得意洋洋，也会因为喜欢值得而花大钱，毫不心疼，有一些部分是很节俭，有些部分又会挥霍无比，例如您会省到餐餐吃泡面，但却会花大钱去买高级的衣服，只要我喜欢有什么不可以，凭感觉就是了。</item>
			<item  name="huajie">理性消费对于家庭和情侣来说都非常重要，建议佩戴$T58#情侣款黄水晶葫芦吊坠#$增强正能量，化病灾避邪，更可以守财聚富，还可以增加恋爱指数，踏入幸福的婚姻殿堂，家庭健康美满！再配合【五路运财符】招四方财旺人气，可招财补运，治破耗星，令开支减少。</item>
		</xingyao>
	</butterfly>
	<flower>
		<xingyao  id="0"  name="紫微星">
			<item name="fuqi">您的配偶不喜受统治与支配，可能会出现先热后冷，甚至是二人终成怨偶，离婚。有或者会变成人前亲热和好，背后则经常势如水火，虚情假意。所以，您的配偶便容易受您冷落的性质，而影响夫妻间的性生活配合。</item>
			<item  name="jie">在性能力方面，比较偏向享受。因为您有自我为中心，有唯我独尊的个性，在性生活方面比较以自我为中心。</item>
			<item  name="zinu">您性生活上较为被动，就像帝王一样，会要求妃子们来服侍。</item>
		</xingyao>
		<xingyao  id="1"  name="天机星">
			<item name="fuqi">您的配偶会全心全意付出，无条件爱护对方，具有宽容性和体贴力，心思审慎和自以为是，您的配偶多数较能与别人容易相处。因此，在日常生活中多为您的配偶主导，去营造出一个和睦而幸福的家庭气氛。</item>
			<item  name="jie">您可能会因性生活过分活跃，易使身体伤损，性能力会有心有余而力不足的现象。</item>
			<item  name="zinu">性需求的行动力很强，但可能会显得胆力不足和顾虑太多，在性福指数上有力不从心的体质。</item>
		</xingyao>
		<xingyao  id="2"  name="太阳星">
			<item name="fuqi">您的初恋波折多，婚前多生波折、困扰，或婚后夫妻二人一起历练艰难打击，然后更见稳固，是先苦后甜的婚姻性质。</item>
			<item  name="jie">您的性欲较强，性需求也强，要注意生殖系统的毛病，或会因性生活过多发病。</item>
			<item  name="zinu">您的性生活需求大又变化性多，才能满足自己的性欲望，很容易产生性幻想。</item>
		</xingyao>
		<xingyao  id="3"  name="武曲星">
			<item name="fuqi">您的配偶主动容易变心，带有轻狂的倾向，夫妻生活极为不利。</item>
			<item  name="jie">您的性生活可能存在浮动性，稳定或不稳定，性关系性能力强，弱都会存在一个不定的因素，需要看会使性能力降低。</item>
			<item  name="zinu">您的其性生活可能存在2个差异极大的情况，会多求多变，或者对性生活比较冷淡。</item>
		</xingyao>
		<xingyao  id="4"  name="天同星">
			<item name="fuqi">您具有喜欢受人照顾和喜欢别人重视的性质，同时也可能具有互相依靠，互相拖累的性质。因此，您的婚姻很难美满幸福，需要经历挫折才会成长。</item>
			<item  name="jie">您在性能力方面是处于享受与被动状态去接受对方，往往过于享受性生活，而致身体损伤健康。</item>
			<item  name="zinu">您的性生活可能带轻松、玩乐性质，可能会性生活需求很强，而带有精神享受的性生活。</item>
		</xingyao>
		<xingyao  id="5"  name="廉贞星">
			<item name="fuqi">您是追求精神享受，但往往在感情上却多变化，甚至有可能带妻夺夫权意味。夫妻感情很可能有缺憾与挫折，配偶感情苦闷，诸多怨恨。</item>
			<item  name="jie">您的性能力方面带有精神与肉体结合之性生活，所以性能力的强弱，决定是否有感情的投入，带有精神思想结合才能发挥好的性能力。</item>
			<item  name="zinu">您的性生活方面是由静态到动态，带有享受性生活的性质，是先有感情后有亲密接触，才能享受性生活多求多变的投入。</item>
		</xingyao>
		<xingyao  id="6"  name="天府星">
			<item name="fuqi">您的配偶可能对外开创之意欲甚强，夫妻生活不协调，需要花心思来保持夫妻关系稳定。</item>
			<item  name="jie">您的性生活性能力是处于被动状态，比较保守，但带有谨慎、储藏性能力的特质，从而影响性生活。</item>
			<item  name="zinu">您可能生性多疑，做事多进退而反复无常，所以在性生活方面，需要带有甜言蜜语方式，引动性生活的投入。</item>
		</xingyao>
		<xingyao  id="7"  name="太阴星">
			<item name="fuqi">您的配偶可能性生活有不满足，不能全然得到满足感，或者配偶婚前，婚后的态度、观感有截然不同，在思想、兴趣、行为上的追求，跟婚前不同。同时您的配偶对自己的监管甚严，所以会影响夫妻感情。</item>
			<item  name="jie">您在性能力上会由被动转为主动，但要注意性生活的过分活跃，使身体变为疲惫不堪，因身体的体能与性能力不能配合。</item>
			<item  name="zinu">您可能性生活需求大，但会使体力耗损，在体质上与性生活不成正比。</item>
		</xingyao>
		<xingyao  id="8"  name="贪狼星">
			<item name="fuqi">您可能会嫌夫妻感情冷淡、平凡、不够刺激，最坏的情况是配偶不甘食贫而分离，需要花努力去维系夫妻关系。</item>
			<item  name="jie">您可能性欲较强，需要注意防范感染疾病，或代表身体上有暗疾，在性伴侣上应要注意选择固定。</item>
			<item  name="zinu">您在性生活比较挑剔对象，对感情较玩世不恭，柔中带刚的性格，不会对自己很认真的看待配偶。</item>
		</xingyao>
		<xingyao  id="9"  name="巨门星">
			<item name="fuqi">您的配偶多才多艺，才华胜己，有内美，但也可能出现配偶经常与自己生离，同床异梦无闺房之乐。可能会受配偶拖累，或易生感情变化，缺乏感情沟通。</item>
			<item  name="jie">您在性能力方面会暗中耗损，自己会感觉很强，而性欲过多，致使身体得暗损之疾。</item>
			<item  name="zinu">夫妻之间可能会出现想分开床睡觉的想法，想要性生活稳定，需要认真呵护对方。</item>
		</xingyao>
		<xingyao  id="10"  name="天相星">
			<item name="fuqi">您的恋爱婚姻史可能是由初相识，至较熟悉，然后开始如胶似漆，再感情成熟而结婚，但要注意配偶容易招来第三者追求。</item>
			<item  name="jie">您在性能力方面是比较被动的，因性生活的对象也是挑剔，观察对方是否投入感情，如有投入，您的性能力就比较活跃，而性能力也随感情投入，提升性能力。</item>
			<item  name="zinu">天相星系守命宫，其子女宫必是太阴星系。太阴是属于静态星系，主收敛性质，必须靠太阳星的旺度来决定性生活是否热烈。如太阴星落陷，太阳星也落陷，代表性生活较冷淡。</item>
		</xingyao>
		<xingyao  id="11"  name="天梁星">
			<item name="fuqi">您和伴侣易生隔角争执，倘更遇太阳失地无光辉，配偶多灾多病，连累自己，亦终日困苦愁穷了。</item>
			<item  name="jie">您在性能力方面比较被动，在享受性生活方面，需要对方来服侍。</item>
			<item  name="zinu">您在性欲上的追求很强。如会入擎羊、天刑、华盖、孤辰、寡宿、地劫、地空可减少性欲的追求。</item>
		</xingyao>
		<xingyao  id="12"  name="七杀星">
			<item name="fuqi">您可能会有孤独之感，易感情空虚和易招变化，容易在男女感情上重复受到打击，需要努力投入夫妻的感情才能稳定。</item>
			<item  name="jie">男性，太阴星会入天姚、咸池、大耗、红鸾、天喜、化禄、化权代表性能力的需求大，因太阴星是女性星。而女性，在性能力主比较被动，如会入天刑、华盖、孤辰、寡宿、主在性生活方面较冷淡。</item>
			<item  name="zinu">七杀星系守命宫，其子女宫必是巨门星系。巨门是暗曜，喜遮蔽他人，如巨门星会合的太阳星之光辉来决定性生活的热烈与冷淡。太阳星旺度是庙旺，代表性生活较活跃。太阳星旺度为落陷，代表性生活较冷淡无味。</item>
		</xingyao>
		<xingyao  id="13"  name="破军星">
			<item name="fuqi">破军星系在命宫，其夫妻宫必是武曲、紫微、廉贞等星会入。夫妻宫若是武曲星系，主妻夺夫权，嫌其妻有欺压丈夫，或夺去丈夫光芒，夫妻宫若是紫微星，主以我为尊，万事皆以配偶为首，或满足配偶所需。夫妻宫是廉贞星，只能给予精神上的支持，却甚少实质有力的支持，且当对方在精神物质不满足时会向外发展，遭第三者夺去。夫妻宫若无主星，代表夫妻感情若有若无，有空虚不实，变化难测之感。</item>
			<item  name="jie">破军星系守命宫，其疾厄宫必是天梁星系。天梁星具有原则纪律，孤克刑忌，挑剔的性质，代表对性生活对象具有挑剔及被动性，所以在性能力方面需要对方来服侍，才能发挥出来，因天梁星也是属于内分泌系统之星。</item>
			<item  name="zinu">破军星系守命宫，其子女宫必是天机、太阴、天同、天梁星系，且必对拱太阴星。因为机月同梁是属于静态星系，比较保守，依赖性强，性生活必须依赖配偶带动。因为破军善于开创。机月同梁星系是因循守旧的，所以在性生活方面还是要看太阴星之旺弱来决定是否热烈与冷淡，及太阳星的光辉是否照射太阴星。</item>
		</xingyao>
	</flower>
	<flower>
		<xingke  id="0"  name="邢克">
			<hanyi>夫妻刑克的人，并非两人动刀动剑，而是夫妻两人阴阳交泰（指性生活后的生理反应与心理反应）后发生之恶性变化。</hanyi>
			<yingxiang>夫妻宫不好带有刑克之格局的人，结婚后甚至婚前之同居行为发生后，因为夫妻间性生活两人热血澎湃而产生之身体阴阳气机，窜流在夫妻两人的身体组织内，进而造成彼此之生理组织变化，更进而产生心理变化，产生一种无形抗体（灵动力）破坏夫妻的感情、精神思想、身体健康、甚至家庭气运。有些人婚后开始发迹行好运，有些人婚后即车祸意外，破财刑灾，是夫妻宫所造成的直接反应，只是常人不明其理。
当一个人夫妻宫不好的流日，实行夫妻性行为之后，不过几天甚至第二天就会觉得身体不舒服发生疾病，或是心情不好，严重的甚至发生车祸灾难与人争斗刑伤等事情。所以，夫妻之性生活以及婚前保持安全界线，和夫妻双方相互体量照顾是克服夫妻宫刑克趋吉避凶的最好方法。</yingxiang>
			<huanjie>夫妻宫刑克或命局相克者，应特别注意与夫妻婚前的清白，保持安全距离然后在订婚结婚时选择克制煞星的黄道吉日行婚礼，正式结婚仪式做完再行周公之礼，婚姻之刑克即可化解到最低限度，不过若非有相当之福德，现今社会实在也很难自制这点。
其次婚后逢大节日亦应禁忌行房，其禁忌之日子是农历过年、元宵、端午节、中元节中秋节、农历初一、十五日、以及廿四节气日。以上节日乃天地变化阴阳清息的交泰日子，我们可见月圆、月缺、海水涨潮、退潮即可验证一般。
性欲之冲动每个人都有，但若禁忌太多，致使夫妻的性生活没法得到满足而向外发展原本禁欲为避免刑克，而今不通情理之禁欲，反而夫妻别抱温柔乡，岂不毫无意义。夫妻是一体两面的，每天生活起居睡眠在一起，应该多花点时间去了解夫妻之个性，兴趣、嗜好、理想，然后择吉顺应他，如此婚姻一定会比较顺利。
择婚恋爱阶段，理想固然不能没有，但必须衡量自己有多少斤两，应该如何配连理，无理之要求，过高的理想都是造成婚姻障碍的绊脚石。
夫妻是平等的，在夫妻前多赞美对方，多说谢谢，多说对不起，也是可以化解夫妻宫的刑克作用。</huanjie>
			<kaiyun>在卧室摆放$T57#天然粉水晶鸳鸯一对#$可以有效改善夫妻关系。鸳鸯永恒爱情的象征，是一夫一妻、相亲相爱、白头偕老的表率，粉水晶还能加强心肺功能的健康，可松弛紧张情绪，舒缓烦躁心情。粉水晶鸳鸯可协助改善夫妻关系，化解煞星带来的围绕在您们夫妻间的煞气。
也可以请【$F21#桃花宝斩符#$】斩除恋人或配偶的烂桃花，令恋人和配偶用情专一，忠贞不渝。再结合【$F24#夫妻合和符#$】促成姻缘，化解矛盾，令夫妻二人情投意合，恩爱百年。</kaiyun>
		</xingke>
	</flower>
	<bigleaf>
		<xingyao id="0"   name="紫微星">
			<content>您情爱的求取，较适合与重物质者结合，也等于适合与仰慕权力地位之人结合。
    假使您与重物质之人在一起，将可两相愉悦，情投意合，但重物质之人，是必须您看得起之人。因为，重物质之人，可以得取所须；而您的付出，也可以得到自我老大心态上的满足感，所以会双双欢心。
    假如您与较重心灵精神者相碰，将无交集点科研，如果有情爱的火花，也是短暂的一时燃放而已，如同昙花一现，不久将会烟消云散。
    您与重心灵精神之人在一起，是会不快乐又没有共鸣的。因为，重心灵精神之人，得不到心灵精神上的慰藉，不会因物质而满足；而您的付出，也得不到自我老大心态上的满足感，所以会双双落败。</content>
		</xingyao>
		<xingyao id="1"   name="天机星">
			<content>您情爱的求取，较适合与偏重于心灵感受者结合，也等于适合与追求精神面之人结合。
    假使您与偏重于心灵感受之人在一起，将可两心相通，默契十足，但偏重于心灵感受之人，是必须才华洋溢之人。因为，您除重视心灵精神的契合与融合之外，也重视着才华与气质。
    假如您与较重物质者相碰，彼此的心灵精神力量，将无法互相融为一体，不可能缔造出心灵精神之爱的结晶，两者间将犹如心念相左，同床异梦。
    您与重物质之人在一起，会追逐精神力量，来补充心灵空间，重物质之人当然会追逐物质力量，来充补心灵空间。因此，在两相无互动的交集之下，会因心念观感不同与需求相左，而相互疏远生变。</content>
		</xingyao>
		<xingyao id="2"   name="太阳星">
			<content>您对情爱的求取，较适合与有信有仁之人在一起，将不会去欺骗您的情爱与付出。另外，如能体会您是直率坦然特质，弱于调情的，而给予一些柔软度的调和，将可两情相悦（但有信有仁之人是必须有主见，有性格之人，又不强悍，您才会喜欢）。因为有心有仁之人，可以得取您有情有义犹如父亲般的照顾，而您的付出，不会受欺骗，在阳刚中又能偿受到柔软的贴心感。
    假如与善于利用您多情多义，重情重义的弱点之人相碰，那么您将会被欺骗的很可怜。您所付出的一切，多将化为乌有，甚至得不到真正情爱的响应，并且自己在对方的心中是不被肯定，是不被当一回事的。
    您与心存利用之人在一起，心存利用之人为对您欲取欲求，必会讨您的欢心，让您有一时的快乐感。但这一切多非发自真心，等到您自知是在受利用欺骗之时，将会使您痛心而去，或者心存利用之人，在您身上已得不到好处时，又您也缺乏男女的情调，将会主动的离去。</content>
		</xingyao>
		<xingyao id="3"   name="武曲星">
			<content>假使您与性格直率，爽朗又不刚强的人在一起，将可过得相当愉悦，又不会常有感情上的争执。因为，您喜欢真实感、直接、坦率、干脆的人，讨厌计较诌媚奉承、卖弄小聪明、心计城府过重之人，也嫉恶如仇。
    另外，您所碰见的对象，是刚强的性格，则需要有高度的容忍心和包容性，否则将会因性格刚强相冲而决裂。
如果您与计较诌媚奉承、卖弄小聪明、心计城府过重之类的人在一起，将会使您自内心讨厌出来，而表现于行为上，引发彼此间的不合。</content>
		</xingyao>
		<xingyao id="4"   name="天同星">
			<content>假使您与懂得关怀他人的人在一起，将可使您得到他所想要的被关爱的欲望（您必须要有文墨之才，才能吸引对方愿意为自己而付出）。但是，对方不能有任何暴力或凶悍的倾向，否则将会使软弱又寻求被关爱的您逃离。另外，您若能多付出一点关爱对方的心思与行为，互动的关爱，将可使两人的情爱维系长久不断，才不会使对方觉得没有响应而打退堂鼓。
    假如您与有暴力或凶悍倾向者相碰，是最为悲惨的组合。因为您可能得不到自己想要的被关爱的欲望，又软弱的特质，将会被欺压得很彻底，到后来只有恐惧惊慌地逃离。</content>
		</xingyao>
		<xingyao id="5"   name="廉贞星">
			<content>您对情爱上的求取，较适合于稳重、内敛、成熟之人结合，才不会经常有情爱上的争执。
    假使您与稳重、内敛、成熟之人在一起，将可稳住、吸收您的情绪化。同时，文中、内敛、成熟之人，会因您的带动，而有活越生气感，去除掉文中、内敛、成熟的深沉感。
    假如您与热爱自由、刚强或情绪化之人相碰，那么两者间将会因情爱观感、性格不合而争执或者分离。
您与热爱自由、刚强或情绪化之人在一起，您的占有欲强，有易情绪化，所以会与热爱自由、刚强或情绪化之人，常为自由、性格相冲、情绪管理失控，而吵闹争执不断。</content>
		</xingyao>
		<xingyao id="6"   name="天府星">
			<content>您对情爱的求取，较适合与具有生命力、活跃力而又平实、踏实之人结合，最好是又能够挑逗您的类型。
    假使您与上述特质的人在一起，将可使您有如长者的现象年轻化。因为，上述特质之人，可以讲活力与生气感带给您，并可挑发您平常所没有的情调，感受到年轻的气息，又不使您讨厌（因为平实又踏实）。同时，上述特质之人，受您长者般的爱护与融化，也不回活跃的过头，并会有安全感。
    假如您与高理想、高完美主义或太轻浮者相碰，将会使您难以配合。
    您与上述之人在一起，将会与自己的理念不合或性格差距太大，造成您的自我封锁。</content>
		</xingyao>
		<xingyao id="7"   name="太阴星">
			<content>喜欢追取心灵精神与物质生活并重的对象，又要懂得情趣及有内外在的质感，将能深深勾动您的倾心相向，而为对方而一再得付出。
    您因属雌性星宿，所以较有自我保护合吃醋的心态，虽然相当富有感情，感付出到底，但对情爱却是脆弱的，因此也需要有相对的被爱。
    您对情爱的求取，较适合与精神和物质并重者结合。也等于情爱的结合是在精神与物质的交集上，但物质是转化于精神上，所以主要点还是偏向于心灵精神面。
    假使您与精神和物质并重之人在一起，对方又具有内外在的质感，又懂得情趣，将会使您乐于其中，如鱼得水的悠游，并付出自己的一切去关爱对方。
    假如您与没有情趣、只重物质、强悍性格、缺乏内外质感之人相碰，将会使您躲离得远远的。
    您的心灵感受力相当强烈，对于不喜欢、讨厌的，会有相当程度的排斥感。</content>
		</xingyao>
		<xingyao id="8"   name="贪狼星">
			<content>您对情爱的求取，较适合与有性格、有魅力又有情趣之人结合，才会满足您的刺激欲望。
    假使您与有性格、有魅力又有情趣之人在一起，对方不能有过于强悍的性格，否则会常与您争强斗胜，争吵不休。对方也不能过于活泼外向，或者心生向外，否则会使您猜忌，对自己的占有控制欲心生不安。
    假如您与强悍、不具魅力或特色、内向保守、没有情趣、过于刻板的人在一起，都将引发不了您的情欲。
    您与上述之人在一起，或许只是一时的新鲜感、好奇心，等到这一时的兴起之后，将会被抛于脑后。</content>
		</xingyao>
		<xingyao id="9"   name="巨门星">
			<content>您对情爱的求取，较适合与具有稳重性、成熟度、踏实感的人结合，最好是又能够让您感受到信赖的类型。
    假使，您与上述特质的人在一起，将可使您免于疑虑、猜忌。因为，上述特质之人的稳重、成熟、踏实，可填实您虚暗的心，有一分实际感，压盖过疑虑猜忌心。
    假如，您与好言辩、自我保护心过重、善猜忌、太过活跃者相碰，将会使您产生疑虑、猜忌。
    您与上述之人在一起，将会互相猜忌、欺瞒、不信任，因不具有信赖，而无法付出真情爱给予对方，终至疏离或常处于貌合神离的生活中。</content>
		</xingyao>
		<xingyao id="10"   name="天相星">
			<content>您对情爱的求取，较适合与懂事、有思考模式、可以沟通的人结合，最好是又能够懂得情趣的类型。
    假使，您与上述特质的人在一起，将可顺利的互相沟通，达到彼此的圆融点，带动心灵精神上的交流与契合。您又能于彼此的心灵契合中，引发许多的情爱乐趣与浪漫的气氛。对于有契合之人，又能给予自己的物质和精神力量。
    假如，您与无理取闹、不易沟通、不懂情趣浪漫者相碰，是与您的特质，全然相左，引不了您想要挥洒与享受的动力。
    您与上述之人在一起，将难与您有所契合，造成“秀才遇到兵，有理说不清”的局面。当您不能契合时，您是无法带动发挥特质，去享受这一切，而让您感到相当无趣。</content>
		</xingyao>
		<xingyao id="11"   name="天梁星">
			<content> 您不喜欢叛逆性、小孩子气、劣性、好玩好动过重者，最喜欢的是乖巧型，或者是说了会听、会懂的这一类型。其实，您会给对方控件，只要对方所需要的空间不会过大，您也不回因爱护而变成唠叨。
    您对情爱的求取，较适合与乖巧、能听话懂事之人结合，如此类之人，纵使有点点小孩子气、任性、好玩也无妨。
    假如，您与上述特质的人在一起，将可使您长者的特质，认为对方是可关怀、爱护的；而对方若有点活泼感、好动性，将可使您觉得有趣，不至于太过老成，最好对方又能善于带动您对情爱的浪漫情调。
    假如，您与叛逆性、小孩子气、劣性、好玩好动性过重者相碰，将会使您觉得难以调教、理会。
    您与上述之人在一起，会因为您稳重、长者的本质，喜欢他人乖巧、听言劝，认为上述之人无法调教而不予理会。</content>
		</xingyao>
		<xingyao id="12"   name="七杀星">
			<content>您大多属于情爱的失败者，对情爱的求取，是很难有适合的对象，如要找到适合的对象，最好先从自己的性格（情爱的面对和处理方式）来改善。
    您所适合的对象，大略如下：喜欢您酷毙了的性格，喜欢您的冲劲干劲，喜欢有暴力倾向的被虐待狂者等等，才能与您相处得来。
    假如，您与非以上诸类型者在一起，将会不欢而散。</content>
		</xingyao>
		<xingyao id="13"   name="破军星">
			<content>您对情爱的求取，较适合于善于调情者相配，而且要让破军有一点点捉摸不着的感觉。就像属于自己所拥有的，又好像没有完全得到，也有可能会失去的感受，反而可以吸引您朝三暮四，心性不定，见异思迁的不稳定特性，又能使您专心地追逐于守候。
    假如，您与非上述类型的人相碰，在情爱间的面对与处理，必会无时不刻的发生着问题。</content>
		</xingyao>
	</bigleaf>
	<littleleaf>
		<jixing  id="16"  name="文曲">
			<content>您在情爱方面具有情调的特质，相当有浪漫的气氛，让情爱浸于罗曼蒂克的梦中，对情爱的选择注重着感觉、气氛与气质。浪漫风韵的心，是推动情爱前进的催化剂。</content>
		</jixing>
		<jixing  id="17"  name="文昌">
			<content>您在情爱方面具有理智的特质，相当有情调的挥洒力，让感情如诗如画的美彩，对情爱的选择注重着品位、格调与内涵。另外，思绪灵敏的心，是推动情爱前进的催化剂。</content>
		</jixing>
		<jixing  id="18"  name="左辅">
			<content>左辅星在情爱方面具有善于交涉的特质，相当有协调能力，使谈情说爱进行的过程时间，无论是好坏的结局，都能够缩至最短。所以对感情面而言，会比较稳重、成熟、富有感情也懂得浪漫的情调。</content>
		</jixing>
		<jixing  id="19"  name="右弼">
			<content>您如似柔情似水、风韵翩翩之质，所以对感情面而言，会比较浪漫、风韵，将一切的情爱韵味，充分的表现于有无形中。让对方感受于心衷，也将对方的心灵感受，回流于自己的心衷。</content>
		</jixing>
		<jixing  id="20"  name="天魁">
			<content>您在情爱方面具有理智的特质，相当重视情爱的心灵精神，懂得关怀、体贴与照顾，具有情爱温暖的塑造力。对情爱相当有品味，选择慎重，虽为热情，但不会饥不择食。</content>
		</jixing>
		<jixing  id="21"  name="天钺">
			<content>您在情爱方面具有诗情画意的特质，有情重情，很会将情爱带入浪漫的气氛中，是罗曼蒂克的制造厂。用尽心思让自己与爱人，热情如火，陶醉于爱梦中。</content>
		</jixing>
	</littleleaf>
</root>
