<?xml version="1.0" encoding="UTF-8"?>
<root>
	<dashizhenyan id="0" name="紫微">
		<dizhi id="0">
			<content id="1">自己出生富贵家庭，可继承祖业，并能自置产业。/n您与土较有缘，能聚财，可经营房地产，也较喜欢自置不动产，不惜花精力和财力为不动产而奋斗，事业比较顺利，且家庭、家居良好。
			</content>
			<content id="2">自己出生于富贵家庭，可继承祖业，并能自置产业。/n您与土较有缘，可经营房地产，也较喜欢自置不动产，不惜花精力和财力为不动产而奋斗，但住宅或有缺陷，难以聚财。
			</content>
		</dizhi>
		<dizhi id="1">
			<content id="1">自己出生较富贵家庭，住宅附近较凌乱或有杂贷市场。/n您与土较有缘，可经营房地产，也较喜欢自置不动产，不惜花精力和财力为不动产而奋斗，可保住祖业，亦能自置产业，较易得意外资产，所服务的机构为新兴行业。
			</content>
			<content id="2">住宅破旧，或没有住宅物业可以继承，而且多是非纠纷，为住宅种种问题而烦恼。/n自己难聚财，且难置不动产。
			</content>
		</dizhi>
		<dizhi id="2">
			<content id="1">自己出生于富贵家庭，祖业丰厚并能继承和发展，可继承祖业，并能自置产业。/n您与土较有缘，可经营房地产，也较喜欢自置不动产，不惜花精力和财力为不动产而奋斗，且自己一生也较为顺利富贵。
			</content>
			<content id="2">自己出生于富贵家庭，可继承祖业，可继承祖业，并能自置产业。/n您与土较有缘，可经营房地产，也较喜欢自置不动产，不惜花精力和财力为不动产而奋斗，经努力奋斗可有积累和购置不动产。
			</content>
		</dizhi>
		<dizhi id="3">
			<content id="1">自己出生富贵家庭，住宅较漂亮，附近热闹。/n您与土较有缘，可经营房地产，也较喜欢自置不动产，不惜花精力和财力为不动产而奋斗，不动产较多，但较难继承和保住祖业，自置产业较好，但置业迁动比较频繁。
			</content>
			<content id="2">自己出生富贵家庭，住宅较漂亮，附近比较热闹。/n您与土较有缘，较喜欢自置不动产，不惜花精力和财力为不动产而奋斗，但破祖业，自己置业亦不利，难聚财，且对子女较不利。
			</content>
		</dizhi>
		<dizhi id="4">
			<content id="1">自己出生富贵家庭，祖业丰厚并能继承，自置亦吉。/n您与土较有缘，能聚财，可经营房地产而获利，也较喜欢自置不动产，不惜花精力和财力为不动产而奋斗，能安居乐业，田园茂盛。
			</content>
			<content id="2">住旧宅，家宅不宁，或破祖变卖田庄，多是非纠纷。/n服务机构已衰落，宜调换。</content>
		</dizhi>
		<dizhi id="5">
			<content id="1">自己出生较富有家庭，有祖业，但较难继承，比较适合自置产业，财产较为稳定。</content>
			<content id="2">家居不宁，或易遭受灾祸。/n或自己居无定处，无产业或贫困。</content>
		</dizhi>
		<dizhi id="6">
			<content id="1">自己出生富贵家庭，可继承祖业，并能自置产业。/n您与土较有缘，能聚财，可经营房地产，也较喜欢自置不动产，不惜花精力和财力为不动产而奋斗，事业比较顺利，且家庭、家居良好。
			</content>
			<content id="2">自己出生于富贵家庭，可继承祖业，并能自置产业。/n您与土较有缘，可经营房地产，也较喜欢自置不动产，不惜花精力和财力为不动产而奋斗，高楼高地较多，但住宅或有缺陷，难以聚财。
			</content>
		</dizhi>
		<dizhi id="7">
			<content id="1">自己出生较富贵家庭，住宅附近较凌乱或有杂贷市场。/n您与土较有缘，可经营房地产，也较喜欢自置不动产，不惜花精力和财力为不动产而奋斗，可保住祖业，亦能自置产业，较易得意外资产，所服务的机构为新兴行业。
			</content>
			<content id="2">住宅破旧，或没有住宅物业可以继承，而且多是非纠纷，为住宅种种问题而烦恼。/n自己难聚财，且难置不动产。
			</content>
		</dizhi>
		<dizhi id="8">
			<content id="1">自己出生于富贵家庭，祖业丰厚并能继承和发展，可继承祖业，并能自置产业。/n您与土较有缘，可经营房地产，也较喜欢自置不动产，不惜花精力和财力为不动产而奋斗，且自己一生也较为顺利富贵。
			</content>
			<content id="2">自己出生于富贵家庭，可继承祖业，可继承祖业，并能自置产业。/n您与土较有缘，可经营房地产，也较喜欢自置不动产，不惜花精力和财力为不动产而奋斗，经努力奋斗可有积累和购置不动产。
			</content>
		</dizhi>
		<dizhi id="9">
			<content id="1">自己出生富贵家庭，住宅较漂亮，附近热闹。/n您与土较有缘，可经营房地产，也较喜欢自置不动产，不惜花精力和财力为不动产而奋斗，不动产较多，但较难继承和保住祖业，自置产业较好，但置业迁动比较频繁。
			</content>
			<content id="2">自己出生富贵家庭，住宅较漂亮，附近比较热闹。/n您与土较有缘，较喜欢自置不动产，不惜花精力和财力为不动产而奋斗，但破祖业，自己置业亦不利，难聚财，且对子女较不利。
			</content>
		</dizhi>
		<dizhi id="10">
			<content id="1">自己出生富贵家庭，祖业丰厚并能继承，自置亦吉。/n您与土较有缘，能聚财，可经营房地产而获利，也较喜欢自置不动产，不惜花精力和财力为不动产而奋斗，能安居乐业，田园茂盛。
			</content>
			<content id="2">住旧宅，家宅不宁，或破祖变卖田庄，多是非纠纷。/n服务机构已衰落，宜调换。</content>
		</dizhi>
		<dizhi id="11">
			<content id="1">自己出生较富有家庭，有祖业，但较难继承，比较适合自置产业，财产较为稳定。</content>
			<content id="2">家居不宁，或易遭受灾祸。/n或自己居无定处，无产业或贫困。</content>
		</dizhi>
	</dashizhenyan>
	<dashizhenyan id="1" name="天机">
		<dizhi id="0">
			<content id="1">您易为产业而争执计较，家道有枯痿败退的趋势，时常把不动产变动，时买时卖，而没有固定的不动产；或经常搬家或变动家中摆设，或经常变换工作单位、工种，或从事外勤在外奔波，不一定主退祖变产。/n有离家和不安定之象，不会在一处久居。/n但祖业全部失去后再自置产业，可聚财，可兴家。
			</content>
			<content id="2">您易为产业而争执计较，家道有枯痿败退的趋势，时常把不动产变动，时买时卖，而没有固定的不动产；或经常搬家或变动家中摆设，或经常变换工作单位、工种，或从事外勤在外奔波，不一定主退祖变产。/n有离家和不安定之象，不会在一处久居。/n产业时增时减，不稳定，晚年才有积蓄。
			</content>
		</dizhi>
		<dizhi id="1">
			<content id="1">自己可得祖业，也可自置产业，且置业较为顺利，适合经营房地产，田园茂盛。</content>
			<content id="2">自己可得祖业，也可自置产业，且置业较为顺利，适合经营房地产，田园茂盛。</content>
		</dizhi>
		<dizhi id="2">
			<content id="1">有祖业，自己亦能置业。/n但有离家和不安定之象，不会在一处久居,时常搬家，财产易反复得失，但产业稳定，中晚年可置产业。
			</content>
			<content id="2">无祖业，有亦难守，经常变换工作单位、工种，时常变换工作单位或工作，有离家和不安定之象，不会在一处久居,常租房住或寄人篱下，家居不宁。
			</content>
		</dizhi>
		<dizhi id="3">
			<content id="1">有祖业，自己也能自置产业，易为家族或产业而争执计较，但能增福。</content>
			<content id="2">有祖业，自己也能自置产业，但家宅不宁，是非纷争较多，难聚财，或易因业产而官司缠身，或产业不稳定，时增时减，到晚年才有积累。
			</content>
		</dizhi>
		<dizhi id="4">
			<content id="1">祖产较少，能自置产业，中晚年荣昌。/n有离家和不安定之象，不会在一处久居,经常搬家翻修或变动家中摆设，但家宅安宁，且会增加不动产，兴家致富。
			</content>
			<content id="2">祖产较少，能自置产业。/n有离家和不安定之象，不会在一处久居,经常搬家翻修或变动家中摆设，居家不宁，难聚财，或居无定所，亦难有不动产。
			</content>
		</dizhi>
		<dizhi id="5">
			<content id="1">自己无祖业，有离家和不安定之象，不会在一处久居，经常搬家，居无定处，但搬迁总体有好处，且有积蓄。
			</content>
			<content id="2">破祖业，难聚财，家宅不宁。/n有离家和不安定之象，不会在一处久居，且愈搬迁愈坏</content>
		</dizhi>
		<dizhi id="6">
			<content id="1">您易为产业而争执计较，家道有枯痿败退的趋势，时常把不动产变动，时买时卖，而没有固定的不动产；或经常搬家或变动家中摆设，或经常变换工作单位、工种，或从事外勤在外奔波，不一定主退祖变产。/n有离家和不安定之象，不会在一处久居。/n但祖业全部失去后再自置产业，可聚财，可兴家。
			</content>
			<content id="2">您易为产业而争执计较，家道有枯痿败退的趋势，时常把不动产变动，时买时卖，而没有固定的不动产；或经常搬家或变动家中摆设，或经常变换工作单位、工种，或从事外勤在外奔波，不一定主退祖变产。/n有离家和不安定之象，不会在一处久居。/n产业时增时减，不稳定，晚年才有积蓄。
			</content>
		</dizhi>
		<dizhi id="7">
			<content id="1">自己可得祖业，也可自置产业，且置业较为顺利，适合经营房地产，田园茂盛。</content>
			<content id="2"></content>
		</dizhi>
		<dizhi id="8">
			<content id="1">有祖业，自己亦能置业。/n但有离家和不安定之象，不会在一处久居,时常搬家，财产易反复得失，但产业稳定，中晚年可置产业。
			</content>
			<content id="2">无祖业，有亦难守，经常变换工作单位、工种，时常变换工作单位或工作，有离家和不安定之象，不会在一处久居,常租房住或寄人篱下，家居不宁。
			</content>
		</dizhi>
		<dizhi id="9">
			<content id="1">易有家族或产业纷争，无祖业，即使有祖业也变卖破败，但可以自置产业。</content>
			<content id="2">易有家族或产业纷争，无祖业，即使有祖业也变卖破败，自置产业困难较大，且是非纷争多。
			</content>
		</dizhi>
		<dizhi id="10">
			<content id="1">祖产较少，能自置产业，中晚年荣昌。/n有离家和不安定之象，不会在一处久居,经常搬家翻修或变动家中摆设，但家宅安宁，且会增加不动产，兴家致富。
			</content>
			<content id="2">祖产较少，能自置产业。/n有离家和不安定之象，不会在一处久居,经常搬家翻修或变动家中摆设，居家不宁，难聚财，或居无定所，亦难有不动产。
			</content>
		</dizhi>
		<dizhi id="11">
			<content id="1">自己无祖业，有离家和不安定之象，不会在一处久居，经常搬家，居无定处，但搬迁总体有好处，且有积蓄。
			</content>
			<content id="2">破祖业，难聚财，家宅不宁。/n有离家和不安定之象，不会在一处久居，且愈搬迁愈坏</content>
		</dizhi>
	</dashizhenyan>
	<dashizhenyan id="2" name="太阳">
		<dizhi id="0">
			<content id="1">无祖业，有亦破败，守不住，可自置产业，但夜生人更难自置产业，能聚财。/n多浮动不安，经常迁动或变换工作环境和单位。
			</content>
			<content id="2">无祖业，置业有纷争，居家不宁。/n或见空劫，难聚财，置业必招破败，或易有火灾及与火有关的事故。
			</content>
		</dizhi>
		<dizhi id="1">
			<content id="1">住宅附近有机关单位、闹区、高楼，自己可得祖业，也可自置产业，且置业较为顺利。/n不动产运很旺盛，但多浮动，不能永久维持，有逐渐衰退的倾向。/n适合经营房地产，田园茂盛。
			</content>
			<content id="2">住宅附近有机关单位、闹区、高楼，可得祖业，自置亦佳，宜经营房地产。/n不动产运很旺盛，但多浮动，不能永久维持，有逐渐衰退的倾向,但居家不宁，或成败多端，易有火灾及与火有关的事故，应注意防火。
			</content>
		</dizhi>
		<dizhi id="2">
			<content id="1">住宅附近有机关单位、闹区、高楼，阳光充足。/n不动产运很旺盛，但多浮动，不能永久维持，有逐渐衰退的倾向，但产业易有明争暗斗之事，不太适合投资房地产。
			</content>
			<content id="2">住宅附近有机关单位、闹区、高楼，阳光充足，产业易有明争暗斗之事，不宜投资房地产。/n不动产运很旺盛，但多浮动，不能永久维持，有逐渐衰退的倾向。/n或易与单位的领导产生误会而招怨，或易有火灾及与火有关的事故，应注意防火。
			</content>
		</dizhi>
		<dizhi id="3">
			<content id="1">住祖居或公屋，附近有政府机关单位、闹区、高楼，阳光充足。/n不动产运很旺盛，但多浮动，不能永久维持，有逐渐衰退的倾向。/n可置业，且以旧宅旧业或公房较为适合。
			</content>
			<content id="2">住祖居或公屋，附近有政府机关单位、闹区、高楼，阳光充足。/n不动产运很旺盛，但多浮动，不能永久维持，有逐渐衰退的倾向。/n易因置业、公产而产生纠纷诉讼，不太适合经营房地产。
			</content>
		</dizhi>
		<dizhi id="4">
			<content id="1">住宅附近有机关单位、闹区、高楼，阳光充足。/n不动产运很旺盛，但多浮动，不能永久维持，有逐渐衰退的倾向。/n有祖业，但难守，晚年衰退，亦能自置，白天出生的人较好，可经营房地产，但易变换住宅和工作单位。
			</content>
			<content id="2">住宅附近有机关单位、闹区、高楼，光线较弱。/n不动产运较旺，但多浮动，不能永久维持，有逐渐衰退的倾向。/n有祖业，但难守，晚年衰退，置业虽麻烦，但仍辛劳而聚财，可有不动产。
			</content>
		</dizhi>
		<dizhi id="5">
			<content id="1">住宅附近有机关单位、闹区、高楼，阳光充足。/n不动产运很旺盛，但多浮动，不能永久维持，有逐渐衰退的倾向。/n有祖业，但难守，晚年衰退，亦能自置，白天出生的人较好，可经营房地产，但易变换住宅和工作单位。
			</content>
			<content id="2">住宅附近有机关单位、闹区、高楼，光线较弱。/n不动产运较旺，但多浮动，不能永久维持，有逐渐衰退的倾向。/n有祖业，但难守，晚年衰退，置业虽麻烦，但仍辛劳而聚财，可有不动产。
			</content>
		</dizhi>
		<dizhi id="6">
			<content id="1">住宅附近有机关单位、闹区、高楼，阳光充足。/n不动产运很旺盛，但多浮动，不能永久维持，有逐渐衰退的倾向。/n有祖业，但难守，晚年衰退，亦能自置，白天出生的人较好，可经营房地产，但易变换住宅和工作单位。
			</content>
			<content id="2">住宅附近有机关单位、闹区、高楼，光线较弱。/n不动产运较旺，但多浮动，不能永久维持，有逐渐衰退的倾向。/n有祖业，但难守，晚年衰退，置业虽麻烦，但仍辛劳而聚财，可有不动产。
			</content>
		</dizhi>
		<dizhi id="7">
			<content id="1">住宅附近有机关单位、闹区、高楼，自己可得祖业，也可自置产业，且置业较为顺利。/n不动产运很旺盛，但多浮动，不能永久维持，有逐渐衰退的倾向。/n适合经营房地产，田园茂盛。
			</content>
			<content id="2">住宅附近有机关单位、闹区、高楼，可得祖业，自置亦佳，宜经营房地产。/n不动产运很旺盛，但多浮动，不能永久维持，有逐渐衰退的倾向,但居家不宁，或成败多端，易有火灾及与火有关的事故，应注意防火。
			</content>
		</dizhi>
		<dizhi id="8">
			<content id="1">住宅附近有机关单位、闹区、高楼，阳光充足。/n不动产运很旺盛，但多浮动，不能永久维持，有逐渐衰退的倾向，但产业易有明争暗斗之事，不太适合投资房地产。
			</content>
			<content id="2">住宅附近有机关单位、闹区、高楼，阳光充足，产业易有明争暗斗之事，不宜投资房地产。/n不动产运很旺盛，但多浮动，不能永久维持，有逐渐衰退的倾向。/n或易与单位的领导产生误会而招怨，或易有火灾及与火有关的事故，应注意防火。
			</content>
		</dizhi>
		<dizhi id="9">
			<content id="1">住祖居或公屋，附近有政府机关单位，光线较弱。/n不动产运很旺盛，但多浮动，不能永久维持，有逐渐衰退的倾向。/n可置业，且以旧宅旧业或公房较为适合。
			</content>
			<content id="2">住祖居或公屋，附近有政府机关单位、闹区、高楼。/n不动产运很旺盛，但多浮动，不能永久维持，有逐渐衰退的倾向。/n易因置业、公产而产生纠纷诉讼，不太适合经营房地产。
			</content>
		</dizhi>
		<dizhi id="10">
			<content id="1">无祖业，有亦破败，守不住，可自置产业，但夜生人更难自置产业，能聚财。/n多浮动不安，经常迁动或变换工作环境和单位。
			</content>
			<content id="2">无祖业，置业有纷争，居家不宁。/n或见空劫，难聚财，置业必招破败，或易有火灾及与火有关的事故。
			</content>
		</dizhi>
		<dizhi id="11">
			<content id="1">无祖业，有亦破败，守不住，可自置产业，但夜生人更难自置产业，能聚财。/n多浮动不安，经常迁动或变换工作环境和单位。
			</content>
			<content id="2">住宅附近有机关单位、闹区、高楼，光线较弱。/n不动产运较旺，但多浮动，不能永久维持，有逐渐衰退的倾向。/n有祖业，但难守，晚年衰退，置业虽麻烦，但仍辛劳而聚财，可有不动产。
			</content>
		</dizhi>
	</dashizhenyan>
	<dashizhenyan id="3" name="武曲">
		<dizhi id="0">
			<content id="1">您的一生较为富有，住宅靠近大厦、庙宇、塔、商业区、矿区、铁路边、军营或金融机构，有圆柱形的物体。/n有祖业或现成事业，且不断兴旺，能将祖业增值。/n但比较注重家庭财权，对亲人朋友也会从利益考虑，不讲情面，比较金钱主义。
			</content>
			<content id="2">您的一生较为富有，住宅靠近大厦、庙宇、塔、商业区、矿区、铁路边、军营或金融机构，有圆柱形的物体，或附近有市场。/n但比较注重家庭财权，对亲人朋友也会从利益考虑，不讲情面，比较金钱主义。/n或会有自身的一些发展，但较时间较晚，或一生较平常，祖业凋零，无力置业，较多是非。
			</content>
		</dizhi>
		<dizhi id="1">
			<content id="1">您的一生较为富裕，住宅靠近大厦、庙宇、塔、商业区、矿区、铁路边、军营或金融机构，有圆柱形的物体。/n但比较注重家庭财权，对亲人朋友也会从利益考虑，不讲情面，比较金钱主义。/n自己不依靠祖业，喜欢靠自己去创造财富和增加产业，但发财致富时间会较晚，较有发横财的机遇，到中晚年后才会购置不动产。
			</content>
			<content id="2">您的一生较为富裕，住宅靠近大厦、庙宇、塔、商业区、矿区、铁路边、军营或金融机构，有圆柱形的物体，附近或会有市场。/n但比较注重家庭财权，对亲人朋友也会从利益考虑，不讲情面，比较金钱主义。/n自己不依靠祖业，喜欢靠自己去创造财富，较有发横财的机遇，但发财致富时间会比较晚，到中晚年后才会购置不动产。虽有破耗，但也有普通的产业。/n但可能会因产业而致纠纷，或官司缠身。
			</content>
		</dizhi>
		<dizhi id="2">
			<content id="1">自己较少祖业，或会先遭遇失败后自置产业，发财致富，拥有多处住宅，进而获得较大的发展。/n但比较注重家庭财权，对亲人朋友也会从利益考虑，不讲情面，比较金钱主义。
			</content>
			<content id="2">自己祖业较少，较难有自己的产业，或较难有积蓄。/n比较注重家庭财权，对亲人朋友也会从利益考虑，不讲情面，比较金钱主义。/n或较难守住自己的的产业，而导致产业逐渐破败，且易有财务纠纷，甚至会有官司缠身。
			</content>
		</dizhi>
		<dizhi id="3">
			<content id="1">少祖业，或因转手出去而使产业逐渐减少，较难有固定的安身之所，常常搬家，但到中晚年有积蓄，可自置产业。/n但比较注重家庭财权，对亲人朋友也会从利益考虑，不讲情面，比较金钱主义。
			</content>
			<content id="2">较难获得祖业，自置也比较困难，易因产业而发生是非纠纷，从而家庭难以获得平静。/n比较注重家庭财权，对亲人朋友也会从利益考虑，不讲情面，比较金钱主义。
			</content>
		</dizhi>
		<dizhi id="4">
			<content id="1">您的一生较为富有，可得祖业，并能继承。/n也能自置产业，不断增加产业，获得财富。/n但比较注重家庭财权，对亲人朋友也会从利益考虑，不讲情面，比较金钱主义。
			</content>
			<content id="2">祖业较少，但仍有较普通的产业，但产业较不稳定，有时到手之产也会丢失。/n但比较注重家庭财权，对亲人朋友也会从利益考虑，不讲情面，比较金钱主义。/n或家宅破烂不堪，或乱七八糟；或会有较多竞争，资产易被人侵吞盗窃；或易因产业而生纠纷。
			</content>
		</dizhi>
		<dizhi id="5">
			<content id="1">家居较安宁，但会先破祖业而后置业。/n比较注重家庭财权，对亲人朋友也会从利益考虑，不讲情面，比较金钱主义。
			</content>
			<content id="2">破祖败业，会先破败后再积聚购置。/n或置业会有较多竞争，或易发生失盗和火灾。/n比较注重家庭财权，对亲人朋友也会从利益考虑，不讲情面，比较金钱主义。
			</content>
		</dizhi>
		<dizhi id="6">
			<content id="1">您的一生较为富有，住宅靠近大厦、庙宇、塔、商业区、矿区、铁路边、军营或金融机构，有圆柱形的物体。/n有祖业或现成事业，且不断兴旺，能将祖业增值。/n但比较注重家庭财权，对亲人朋友也会从利益考虑，不讲情面，比较金钱主义。
			</content>
			<content id="2">您的一生较为富有，住宅靠近大厦、庙宇、塔、商业区、矿区、铁路边、军营或金融机构，有圆柱形的物体，或附近有市场。/n但比较注重家庭财权，对亲人朋友也会从利益考虑，不讲情面，比较金钱主义。/n或会有自身的一些发展，但较时间较晚，或一生较平常，祖业凋零，无力置业，较多是非。
			</content>
		</dizhi>
		<dizhi id="7">
			<content id="1">您的一生较为富裕，住宅靠近大厦、庙宇、塔、商业区、矿区、铁路边、军营或金融机构，有圆柱形的物体。/n但比较注重家庭财权，对亲人朋友也会从利益考虑，不讲情面，比较金钱主义。/n自己不依靠祖业，喜欢靠自己去创造财富和增加产业，但发财致富时间会较晚，较有发横财的机遇，到中晚年后才会购置不动产。
			</content>
			<content id="2">您的一生较为富裕，住宅靠近大厦、庙宇、塔、商业区、矿区、铁路边、军营或金融机构，有圆柱形的物体，附近或会有市场。/n但比较注重家庭财权，对亲人朋友也会从利益考虑，不讲情面，比较金钱主义。/n自己不依靠祖业，喜欢靠自己去创造财富，较有发横财的机遇，但发财致富时间会比较晚，到中晚年后才会购置不动产。虽有破耗，但也有普通的产业。/n但可能会因产业而致纠纷，或官司缠身。
			</content>
		</dizhi>
		<dizhi id="8">
			<content id="1">自己较少祖业，或会先遭遇失败后自置产业，发财致富，拥有多处住宅，进而获得较大的发展。/n但比较注重家庭财权，对亲人朋友也会从利益考虑，不讲情面，比较金钱主义。
			</content>
			<content id="2">自己祖业较少，较难有自己的产业，或较难有积蓄。/n比较注重家庭财权，对亲人朋友也会从利益考虑，不讲情面，比较金钱主义。/n或较难守住自己的的产业，而导致产业逐渐破败，且易有财务纠纷，甚至会有官司缠身。
			</content>
		</dizhi>
		<dizhi id="9">
			<content id="1">少祖业，或因转手出去而使产业逐渐减少，较难有固定的安身之所，常常搬家，但到中晚年有积蓄，可自置产业。/n但比较注重家庭财权，对亲人朋友也会从利益考虑，不讲情面，比较金钱主义。
			</content>
			<content id="2">较难获得祖业，自置也比较困难，易因产业而发生是非纠纷，从而家庭难以获得平静。/n比较注重家庭财权，对亲人朋友也会从利益考虑，不讲情面，比较金钱主义。
			</content>
		</dizhi>
		<dizhi id="10">
			<content id="1">您的一生较为富有，可得祖业，并能继承。/n也能自置产业，不断增加产业，获得财富。/n但比较注重家庭财权，对亲人朋友也会从利益考虑，不讲情面，比较金钱主义。
			</content>
			<content id="2">祖业较少，但仍有较普通的产业，但产业较不稳定，有时到手之产也会丢失。/n但比较注重家庭财权，对亲人朋友也会从利益考虑，不讲情面，比较金钱主义。/n或家宅破烂不堪，或乱七八糟；或会有较多竞争，资产易被人侵吞盗窃；或易因产业而生纠纷。
			</content>
		</dizhi>
		<dizhi id="11">
			<content id="1">家居较安宁，但会先破祖业而后置业。/n比较注重家庭财权，对亲人朋友也会从利益考虑，不讲情面，比较金钱主义。
			</content>
			<content id="2">破祖败业，会先破败后再积聚购置。/n或置业会有较多竞争，或易发生失盗和火灾。/n比较注重家庭财权，对亲人朋友也会从利益考虑，不讲情面，比较金钱主义。
			</content>
		</dizhi>
	</dashizhenyan>
	<dashizhenyan id="4" name="天同">
		<dizhi id="0">
			<content id="1">自身比较注重精神享受，较讲究古色古香的装饰，房子附近有树木花果，家居环境较好。/n无祖业，有白手起家的性质，可自置产业，积累财富，财产由少变多，或可成大富翁，但置业时易受周围意见所左右，因此要注意自己抓定主意，不要受亲友意见的影响。
			</content>
			<content id="2">自身比较注重精神享受，讲究古色古香的装饰，附近有树木花果。/n无祖业，白手起家，置业时易受周围意见所左右，因此要注意自己抓定主意，不要受亲友意见的影响。/n或有较多不顺，住宅较易有漏水或较阴暗等不良问题，或住宅交通较为不便，或置业易破财。
			</content>
		</dizhi>
		<dizhi id="1">
			<content id="1">自身比较注重精神享受，不太适合购置田产，但与邻居关系好。有白手兴家的性质，可积财，财产先少后多。/n居家较阴湿，无祖业，有亦破败，不动产较少，家事纠纷比较多，置业易生纠纷而招损失，且置业时易受周围意见所左右，因此要注意自己抓定主意，不要受亲友意见的影响，中年后转好，中晚年可有普通的不动产。
			</content>
			<content id="2">自身比较注重精神享受，不适合购置田产，与邻居易发生是非。有白手兴家的性质，可积财，财产先少后多，但置业时易受周围意见所左右，因此要注意自己抓定主意，不要受亲友意见的影响。/n居家较阴湿，且难以获得安宁，无祖业，有亦破败，不动产少，家事纠纷多，置业易生纠纷而招损失，中年后转好。/n无产业或破产败业，甚则招致官司词讼，易因水田水沟起纠纷。
			</content>
		</dizhi>
		<dizhi id="2">
			<content id="1">自身比较注重精神享受，不太适合购置田产，但与邻居关系好。/n有白手兴家的性质，可积财，财产先少后多，但置业时易受周围意见所左右，因此要注意自己抓定主意，不要受亲友意见的影响。/n家里附近或有教堂寺庙，先破祖而后自置，但中晚年较佳，生活较为安稳。
			</content>
			<content id="2">自身比较注重精神享受，不太适合购置田产，但与邻居关系较好。/n无产业，家庭较难获得安宁，置业时易受周围意见所左右，因此要注意自己抓定主意，不要受亲友意见的影响。/n或自己一生易居无定所，漂泊不定，离乡背井，或难有不动产，或买卖置业易有小麻烦。
			</content>
		</dizhi>
		<dizhi id="3">
			<content id="1">自身较注重精神享受，不太适合购置田产，但与邻居关系较好。/n没有祖业，有白手兴家的性质，可自置积财，财产先少后多，但置业时易受周围意见所左右，因此要注意自己抓定主意，不要受亲友意见的影响。
			</content>
			<content id="2">自身较注重精神享受，不太适合购置田产，但与邻居关系较好。/n没有祖业，或家产较少，家庭较为贫困，需住出租房或寄人篱下；或家里较难获得安宁；或置业时易受周围意见所左右，因此要注意自己抓定主意，不要受亲友意见的影响。
			</content>
		</dizhi>
		<dizhi id="4">
			<content id="1">自身较注重精神享受，不太适合购置田产，但与邻居关系较好。/n没有祖业，有白手兴家的性质，可自置积财，财产先少后多，但置业时易受周围意见所左右，因此要注意自己抓定主意，不要受亲友意见的影响。
			</content>
			<content id="2">自身较注重精神享受，不太适合购置田产，但与邻居关系较好。/n没有祖业，或家产较少，家庭较为贫困，需住出租房或寄人篱下；或家里较难获得安宁；或置业时易受周围意见所左右，因此要注意自己抓定主意，不要受亲友意见的影响。
			</content>
		</dizhi>
		<dizhi id="5">
			<content id="1">自身较注重精神享受，不太适合购置田产，但与邻居关系较好。/n没有祖业，有白手兴家的性质，可自置积财，财产先少后多，但置业时易受周围意见所左右，因此要注意自己抓定主意，不要受亲友意见的影响。
			</content>
			<content id="2">自身较注重精神享受，不太适合购置田产，但与邻居关系较好。/n没有祖业，没有自己的住宅，或家居不宁，环境不好，且置业时易受周围意见所左右，因此要注意自己抓定主意，不要受亲友意见的影响。
			</content>
		</dizhi>
		<dizhi id="6">
			<content id="1">自身比较注重精神享受，较讲究古色古香的装饰，房子附近有树木花果，家居环境较好。/n无祖业，家庭较平常，有白手起家的性质，可积财自置，但不多或档次较低，且置业时易受周围意见所左右，因此要注意自己抓定主意，不要受亲友意见的影响。
			</content>
			<content id="2">自身比较注重精神享受，讲究古色古香的装饰，附近有树木花果。/n无祖业，白手起家，置业时易受周围意见所左右，因此要注意自己抓定主意，不要受亲友意见的影响。/n或有较多不顺，生活较为贫困，易面临破产潦倒的危险，或住宅较易有漏水、较阴暗等不良问题，或住宅交通较为不便，或置业易破财。
			</content>
		</dizhi>
		<dizhi id="7">
			<content id="1">自身比较注重精神享受，不太适合购置田产，但与邻居关系好。有白手兴家的性质，可积财，财产先少后多。/n居家较阴湿，无祖业，有亦破败，不动产较少，家事纠纷比较多，置业易生纠纷而招损失，且置业时易受周围意见所左右，因此要注意自己抓定主意，不要受亲友意见的影响，中年后转好，中晚年可有普通的不动产。
			</content>
			<content id="2">自身比较注重精神享受，不适合购置田产，与邻居易发生是非。有白手兴家的性质，可积财，财产先少后多，但置业时易受周围意见所左右，因此要注意自己抓定主意，不要受亲友意见的影响。/n居家较阴湿，且难以获得安宁，无祖业，有亦破败，不动产少，家事纠纷多，置业易生纠纷而招损失，中年后转好。/n无产业或破产败业，甚则招致官司词讼，易因水田水沟起纠纷。
			</content>
		</dizhi>
		<dizhi id="8">
			<content id="1">比较注重精神享受，不太适合购置田产，但与邻居关系好。/n有白手兴家的性质，可积财，财产先少后多，但置业时易受周围意见所左右，因此要注意自己抓定主意，不要受亲友意见的影响。/n家里附近或有教堂寺庙，先破祖而后自置，但中晚年较佳，生活较为安稳。
			</content>
			<content id="2">自身比较注重精神享受，不太适合购置田产，但与邻居关系较好。/n无产业，家庭较难获得安宁，置业时易受周围意见所左右，因此要注意自己抓定主意，不要受亲友意见的影响。/n或自己一生易居无定所，漂泊不定，离乡背井，或难有不动产，或买卖置业易有小麻烦。
			</content>
		</dizhi>
		<dizhi id="9">
			<content id="1">自身较注重精神享受，不太适合购置田产，但与邻居关系较好。/n没有祖业，有白手兴家的性质，可自置积财，财产先少后多，但置业时易受周围意见所左右，因此要注意自己抓定主意，不要受亲友意见的影响。
			</content>
			<content id="2">自身较注重精神享受，不太适合购置田产，但与邻居关系较好。/n没有祖业，或家产较少，家庭较为贫困，需住出租房或寄人篱下；或家里较难获得安宁；或置业时易受周围意见所左右，因此要注意自己抓定主意，不要受亲友意见的影响。
			</content>
		</dizhi>
		<dizhi id="10">
			<content id="1">自身较注重精神享受，不太适合购置田产，但与邻居关系较好。/n没有祖业，有白手兴家的性质，可自置积财，财产先少后多，但置业时易受周围意见所左右，因此要注意自己抓定主意，不要受亲友意见的影响。
			</content>
			<content id="2">自身较注重精神享受，不太适合购置田产，但与邻居关系较好。/n没有祖业，或家产较少，家庭较为贫困，需住出租房或寄人篱下；或家里较难获得安宁；或置业时易受周围意见所左右，因此要注意自己抓定主意，不要受亲友意见的影响。
			</content>
		</dizhi>
		<dizhi id="11">
			<content id="1">自身较注重精神享受，不太适合购置田产，但与邻居关系较好。/n没有祖业，有白手兴家的性质，可自置积财，财产先少后多，但置业时易受周围意见所左右，因此要注意自己抓定主意，不要受亲友意见的影响。
			</content>
			<content id="2">自身较注重精神享受，不太适合购置田产，但与邻居关系较好。/n没有祖业，没有自己的住宅，或家居不宁，环境不好，且置业时易受周围意见所左右，因此要注意自己抓定主意，不要受亲友意见的影响。
			</content>
		</dizhi>
	</dashizhenyan>
	<dashizhenyan id="5" name="廉贞">
		<dizhi id="0">
			<content id="1">住宅附近易有电线、电器店、树木、土坡、土地庙、堆积杂物，祖业凋零，但早年会比较艰难，到手的产业易突然失去，晚年才有积蓄和置业。/n但可置产，安居乐业，且宜注意风水影响。
			</content>
			<content id="2">住宅附近易有电线、电器店、树木、土坡、土地庙、堆积杂物或环境较嘈杂。/n祖业凋零，早年较艰难，到手的产业易突然失去，晚年才有积蓄和置业，但置业易惹麻烦纠纷，若服务于产科、外科、肉食、刑法纪律等行业，即可趋吉避凶，此外还要注意风水影响。
			</content>
		</dizhi>
		<dizhi id="1">
			<content id="1">住宅附近易有电线、电器店、树木、土坡、土地庙、堆积杂物，虽有祖业，但较难守，生活较难安稳，常有搬家。/n白手成家，经辛勤努力积蓄，中晚年可置产，或分期付款置产。/n宜注意风水的影响。
			</content>
			<content id="2">住宅附近易有电线、电器店、树木、土坡、土地庙、堆积杂物。/n或家中易有纠纷，从而家宅不宁，或易遭受破产败家之灾。/n或会有刑克不和，自己与家人缘分较浅，还应提防官司诉讼或家中出牢狱刑灾之人，若服务于产科、外科、肉食、刑法纪律等行业，即可趋吉避凶，此外还宜注意风水的影响。
			</content>
		</dizhi>
		<dizhi id="2">
			<content id="1">家居豪华气派，有祖业，但易遭受破败，且自己与祖产缘份较薄，但能凭借自身的能力自置。
			</content>
			<content id="2">虽有祖业，但难以继承，自己与祖产缘分较薄，但晚年可积财置业，。/n易遭受失败或家宅多纠纷是非，若服务于产科、外科、肉食、刑法纪律等行业，即可趋吉避凶。
			</content>
		</dizhi>
		<dizhi id="3">
			<content id="1">或无祖业可继承，或有祖业，但会先遭受破败。/n晚年运气较好，可以凭借自身力量获得自置。/n宜注意风水的影响。
			</content>
			<content id="2">无祖业，或破荡不聚财，是非纠纷较多，家宅难以获得安宁。或易因祖产而官司缠身，但遭遇失败后破仍有可能东山再起而自置。/n若服务于产科、外科、肉食、刑法纪律等行业，即可趋吉避凶，还宜注意风水的影响。
			</content>
		</dizhi>
		<dizhi id="4">
			<content id="1">自身比较富有，住宅宽大气派，有祖业祖产，并能得以继承，也能凭自身能力聚财自置，安居乐业。
			</content>
			<content id="2">或家中易有纠纷，从而家宅难以获得安宁，虽有祖业，但较难守。/n或置业时易发生纠纷，易官司缠身，若服务于产科、外科、肉食、刑法纪律等行业，即可趋吉避凶。
			</content>
		</dizhi>
		<dizhi id="5">
			<content id="1">虽有祖业，但较难守。/n晚年可置业，但家中易发生纠纷矛盾，或生活难以安稳，常搬家。
			</content>
			<content id="2">虽有祖业，但较难守。/n晚年可置业，但易遭变故，易横发横破，且家中易发生纠纷矛盾，或生活难以安稳，常搬家，或易因酒色、赌博及不良嗜好而倾败。/n若服务于产科、外科、肉食、刑法纪律等行业，即可趋吉避凶。
			</content>
		</dizhi>
		<dizhi id="6">
			<content id="1">住宅附近易有电线、电器店、树木、土坡、土地庙、堆积杂物，祖业凋零，但早年会比较艰难，到手的产业易突然失去，晚年才有积蓄和置业。/n但可置产，安居乐业，且宜注意风水影响。
			</content>
			<content id="2">住宅附近易有电线、电器店、树木、土坡、土地庙、堆积杂物或环境较嘈杂。/n祖业凋零，早年较艰难，到手的产业易突然失去，晚年才有积蓄和置业，但置业易惹麻烦纠纷，若服务于产科、外科、肉食、刑法纪律等行业，即可趋吉避凶，此外还要注意风水影响。
			</content>
		</dizhi>
		<dizhi id="7">
			<content id="1">住宅附近易有电线、电器店、树木、土坡、土地庙、堆积杂物，虽有祖业，但较难守，生活较难安稳，常有搬家。/n白手成家，经辛勤努力积蓄，中晚年可置产，或分期付款置产。/n宜注意风水的影响。
			</content>
			<content id="2">住宅附近易有电线、电器店、树木、土坡、土地庙、堆积杂物。/n或家中易有纠纷，从而家宅不宁，或易遭受破产败家之灾。/n或会有刑克不和，自己与家人缘分较浅，还应提防官司诉讼或家中出牢狱刑灾之人，若服务于产科、外科、肉食、刑法纪律等行业，即可趋吉避凶，此外还宜注意风水的影响。
			</content>
		</dizhi>
		<dizhi id="8">
			<content id="1">家居豪华气派，有祖业，但易遭受破败，且自己与祖产缘份较薄，但能凭借自身的能力自置。
			</content>
			<content id="2">虽有祖业，但难以继承，自己与祖产缘分较薄，但晚年可积财置业，。/n易遭受失败或家宅多纠纷是非，若服务于产科、外科、肉食、刑法纪律等行业，即可趋吉避凶。
			</content>
		</dizhi>
		<dizhi id="9">
			<content id="1">或无祖业可继承，或有祖业，但会先遭受破败。/n晚年运气较好，可以凭借自身力量获得自置。/n宜注意风水的影响。
			</content>
			<content id="2">无祖业，或破荡不聚财，是非纠纷较多，家宅难以获得安宁。或易因祖产而官司缠身，但遭遇失败后破仍有可能东山再起而自置。/n若服务于产科、外科、肉食、刑法纪律等行业，即可趋吉避凶，还宜注意风水的影响。
			</content>
		</dizhi>
		<dizhi id="10">
			<content id="1">自身比较富有，住宅宽大气派，有祖业祖产，并能得以继承，也能凭自身能力聚财自置，安居乐业。
			</content>
			<content id="2">或家中易有纠纷，从而家宅难以获得安宁，虽有祖业，但较难守。/n或置业时易发生纠纷，易官司缠身，若服务于产科、外科、肉食、刑法纪律等行业，即可趋吉避凶。
			</content>
		</dizhi>
		<dizhi id="11">
			<content id="1">虽有祖业，但较难守。/n晚年可置业，但家中易发生纠纷矛盾，或生活难以安稳，常搬家。
			</content>
			<content id="2">虽有祖业，但较难守。/n晚年可置业，但易遭变故，易横发横破，且家中易发生纠纷矛盾，或生活难以安稳，常搬家，或易因酒色、赌博及不良嗜好而倾败。/n若服务于产科、外科、肉食、刑法纪律等行业，即可趋吉避凶。
			</content>
		</dizhi>
	</dashizhenyan>
	<dashizhenyan id="6" name="天府">
		<dizhi id="0">
			<content id="1"></content>
			<content id="2"></content>
		</dizhi>
		<dizhi id="1">
			<content id="1">自身祖业丰厚，自己也能在现成基业上发展，且较为顺利，动产稳步增多，晚年财产丰厚。/n田园茂盛，住宅较豪华，住宅和工作安定，或能在基础好的大机构服务。
			</content>
			<content id="2">自身祖业较少，或家宅易发生纠纷，较难安宁，或易有契约上的纠纷麻烦。/n中晚年能凭借自身力量得到发展，且较为顺利，动产稳步增多，晚年财产较丰厚。
			</content>
		</dizhi>
		<dizhi id="2">
			<content id="1"></content>
			<content id="2"></content>
		</dizhi>
		<dizhi id="3">
			<content id="1">住宅较豪华，住宅和工作安定，或能在基础好的大机构服务。/n自身虽祖业丰厚，自己也能在现成基业上发展，动产稳步增多，晚年财产丰厚，但或会经历兴衰成败。
			</content>
			<content id="2">住宅较豪华，住宅和工作安定，或能在基础好的大机构服务。/n自身虽祖业丰厚，自己也能在现成基业上发展，动产稳步增多，晚年财产丰厚，但或会遭遇兴衰成败，或易有契约上的纠纷麻烦。
			</content>
		</dizhi>
		<dizhi id="4">
			<content id="1"></content>
			<content id="2"></content>
		</dizhi>
		<dizhi id="5">
			<content id="1">自身祖业丰厚，自己也能在现成基业上发展，且较为顺利，动产稳步增多，晚年财产丰厚。/n家居高级豪华，住宅和工作安定，或能在基础好的大机构服务。
			</content>
			<content id="2">自身祖业丰厚，自己也能在现成基业上发展，且较为顺利，动产稳步增多，晚年财产丰厚。/n家居高级豪华，住宅和工作安定，或能在基础好的大机构服务。/n但可能易发生家庭纠纷。
			</content>
		</dizhi>
		<dizhi id="6">
			<content id="1"></content>
			<content id="2"></content>
		</dizhi>
		<dizhi id="7">
			<content id="1">自身祖业丰厚，自己也能在现成基业上发展，且较为顺利，动产稳步增多，晚年财产丰厚。/n田园茂盛，住宅较豪华，住宅和工作安定，或能在基础好的大机构服务。
			</content>
			<content id="2">自身祖业较少，或家宅易发生纠纷，较难安宁，或易有契约上的纠纷麻烦。/n中晚年能凭借自身力量得到发展，且较为顺利，动产稳步增多，晚年财产较丰厚。
			</content>
		</dizhi>
		<dizhi id="8">
			<content id="1"></content>
			<content id="2"></content>
		</dizhi>
		<dizhi id="9">
			<content id="1">住宅较豪华，住宅和工作安定，或能在基础好的大机构服务。/n自身虽祖业丰厚，自己也能在现成基业上发展，动产稳步增多，晚年财产丰厚，但或会经历兴衰成败。
			</content>
			<content id="2">住宅较豪华，住宅和工作安定，或能在基础好的大机构服务。/n自身虽祖业丰厚，自己也能在现成基业上发展，动产稳步增多，晚年财产丰厚，但或会遭遇兴衰成败，或易有契约上的纠纷麻烦。
			</content>
		</dizhi>
		<dizhi id="10">
			<content id="1"></content>
			<content id="2"></content>
		</dizhi>
		<dizhi id="11">
			<content id="1">自身祖业丰厚，自己也能在现成基业上发展，且较为顺利，动产稳步增多，晚年财产丰厚。/n家居高级豪华，住宅和工作安定，或能在基础好的大机构服务。
			</content>
			<content id="2">自身祖业丰厚，自己也能在现成基业上发展，且较为顺利，动产稳步增多，晚年财产丰厚。/n家居高级豪华，住宅和工作安定，或能在基础好的大机构服务。/n但可能易发生家庭纠纷。
			</content>
		</dizhi>
	</dashizhenyan>
	<dashizhenyan id="7" name="太阴">
		<dizhi id="0">
			<content id="1"></content>
			<content id="2"></content>
		</dizhi>
		<dizhi id="1">
			<content id="1"></content>
			<content id="2"></content>
		</dizhi>
		<dizhi id="2">
			<content id="1"></content>
			<content id="2"></content>
		</dizhi>
		<dizhi id="3">
			<content id="1">自己较喜欢光线微暗之居，家居干净，较喜欢晚睡。/n家中或邻居有人出国，或长年在外跑动。/n住宅或阴宅临低洼、水边之地，附近有园林、水坑、水道、井泉、溪流，湿气较重，居室较幽静或光线不足或用有色玻璃门窗。/n有祖业，但较稀少，经努力中晚年可聚财自置产业，但不会多，白天出生的人置业时会较艰难。加吉或化吉，可有祖业，且中晚年能自置普通程度的不动产。
			</content>
			<content id="2">自己较喜欢光线微暗之居，家居干净，较喜欢晚睡。/n家中或邻居有人出国，或长年在外跑动。/n住宅或阴宅临低洼、水边之地，附近有园林、水坑、水道、井泉、溪流，湿气较重，居室较幽静或光线不足或用有色玻璃门窗。/n无祖业，自置会比较困难，家居环境较差，居家不宁，财产易遭破耗或聚散不定，且母亲多病或早亡；或易有书契约纠纷，或可能会对母亲不利。
			</content>
		</dizhi>
		<dizhi id="4">
			<content id="1">自己较喜欢光线微暗之居，家居干净，较喜欢晚睡。/n家中或邻居有人出国，或长年在外跑动。/n住宅或阴宅临低洼、水边之地，附近有园林、水坑、水道、井泉、溪流，湿气较重，居室较幽静或光线不足或用有色玻璃门窗。/n有祖业，但较稀少，经努力中晚年可聚财自置产业，但不会多，白天出生的人置业时会较艰难。加吉或化吉，可有祖业，且中晚年能自置普通程度的不动产。
			</content>
			<content id="2">自己较喜欢光线微暗之居，家居干净，较喜欢晚睡。/n家中或邻居有人出国，或长年在外跑动。/n住宅或阴宅临低洼、水边之地，附近有园林、水坑、水道、井泉、溪流，湿气较重，居室较幽静或光线不足或用有色玻璃门窗。/n无祖业，自置会比较困难，家居环境较差，居家不宁，财产易遭破耗或聚散不定，且母亲多病或早亡；或易有书契约纠纷，或可能会对母亲不利。
			</content>
		</dizhi>
		<dizhi id="5">
			<content id="1">自己较喜欢光线微暗之居，家居干净，较喜欢晚睡。/n家中或邻居有人出国，或长年在外跑动。/n住宅或阴宅临低洼、水边之地，附近有园林、水坑、水道、井泉、溪流，湿气较重，居室较幽静或光线不足或用有色玻璃门窗。/n有祖业，但较稀少，经努力中晚年可聚财自置产业，但不会多，白天出生的人置业时会较艰难。加吉或化吉，可有祖业，且中晚年能自置普通程度的不动产。
			</content>
			<content id="2">自己较喜欢光线微暗之居，家居干净，较喜欢晚睡。/n家中或邻居有人出国，或长年在外跑动。/n住宅或阴宅临低洼、水边之地，附近有园林、水坑、水道、井泉、溪流，湿气较重，居室较幽静或光线不足或用有色玻璃门窗。/n无祖业，自置会比较困难，家居环境较差，居家不宁，财产易遭破耗或聚散不定，且母亲多病或早亡；或易有书契约纠纷，或可能会对母亲不利。
			</content>
		</dizhi>
		<dizhi id="6">
			<content id="1"></content>
			<content id="2"></content>
		</dizhi>
		<dizhi id="7">
			<content id="1"></content>
			<content id="2"></content>
		</dizhi>
		<dizhi id="8">
			<content id="1"></content>
			<content id="2"></content>
		</dizhi>
		<dizhi id="9">
			<content id="1">自己较喜欢光线微暗之居，家居干净，较喜欢晚睡。/n住宅或阴宅临低洼、水边之地，附近有园林、水坑、水道、井泉、溪流，湿气较重，居室较幽静或光线不足或用有色玻璃门窗。/n家中或邻居有人出国，或长年在外跑动。/n有祖业，不动产不断增多，富有，居家安宁。/n附近为高级住宅区，田园茂盛，富裕，居室华美，宜经营农田、树木、花果。
			</content>
			<content id="2">自己较喜欢光线微暗之居，家居干净，较喜欢晚睡。/n住宅或阴宅临低洼、水边之地，附近有园林、水坑、水道、井泉、溪流，湿气较重，居室较幽静或光线不足或用有色玻璃门窗。/n家中或邻居有人出国，或长年在外跑动，聚散不定，开始会比较艰难但后期会转好，并能自置产业，但母亲可能会易灾病缠身。
			</content>
		</dizhi>
		<dizhi id="10">
			<content id="1">自己较喜欢光线微暗之居，家居干净，较喜欢晚睡。/n住宅或阴宅临低洼、水边之地，附近有园林、水坑、水道、井泉、溪流，湿气较重，居室较幽静或光线不足或用有色玻璃门窗。/n家中或邻居有人出国，或长年在外跑动。/n有祖业，不动产不断增多，富有，居家安宁。/n附近为高级住宅区，田园茂盛，富裕，居室华美，宜经营农田、树木、花果。
			</content>
			<content id="2">自己较喜欢光线微暗之居，家居干净，较喜欢晚睡。/n住宅或阴宅临低洼、水边之地，附近有园林、水坑、水道、井泉、溪流，湿气较重，居室较幽静或光线不足或用有色玻璃门窗。/n家中或邻居有人出国，或长年在外跑动，聚散不定，开始会比较艰难但后期会转好，并能自置产业，但母亲可能会易灾病缠身。
			</content>
		</dizhi>
		<dizhi id="11">
			<content id="1">自己较喜欢光线微暗之居，家居干净，较喜欢晚睡。/n住宅或阴宅临低洼、水边之地，附近有园林、水坑、水道、井泉、溪流，湿气较重，居室较幽静或光线不足或用有色玻璃门窗。/n家中或邻居有人出国，或长年在外跑动。/n有祖业，不动产不断增多，富有，居家安宁。/n附近为高级住宅区，田园茂盛，富裕，居室华美，宜经营农田、树木、花果。
			</content>
			<content id="2">自己较喜欢光线微暗之居，家居干净，较喜欢晚睡。/n住宅或阴宅临低洼、水边之地，附近有园林、水坑、水道、井泉、溪流，湿气较重，居室较幽静或光线不足或用有色玻璃门窗。/n家中或邻居有人出国，或长年在外跑动，聚散不定，开始会比较艰难但后期会转好，并能自置产业，但母亲可能会易灾病缠身。
			</content>
		</dizhi>
	</dashizhenyan>
	<dashizhenyan id="8" name="贪狼">
		<dizhi id="0">
			<content id="1">住宅外表华丽，但内部较杂乱，必有损坏而修理装璜过。/n附近或有公共场所、娱乐场所或喧哗热闹商场、饮食店、派出所、桥梁、高大树木，或院内堆积杂物。/n有祖产，但较难守，中晚年后亦可聚财自置不动产，产业稳定发展，或自身经常迁动，从而易产生人为的家宅不宁。
			</content>
			<content id="2">住宅外表华丽，但内部较杂乱，必有损坏而修理装璜过。/n附近或有公共场所、娱乐场所或喧哗热闹商场、饮食店、派出所、桥梁、高大树木，或院内堆积杂物。/n有祖产，但较难守，中晚年后亦可聚财自置不动产。/n但易会横发横破，或火宅。
			</content>
		</dizhi>
		<dizhi id="1">
			<content id="1"></content>
			<content id="2"></content>
		</dizhi>
		<dizhi id="2">
			<content id="1">住宅外表华丽，但内部较杂乱，必有损坏而修理装璜过。/n附近或有公共场所、娱乐场所或喧哗热闹商场、饮食店、派出所、桥梁、高大树木，或院内堆积杂物。/n无祖业，有亦破败，自置较困难，易因田产而生是非，但仍可自置普通的财产。
			</content>
			<content id="2">住宅外表华丽，但内部较杂乱，必有损坏而修理装璜过。/n附近或有公共场所、娱乐场所或喧哗热闹商场、饮食店、派出所、桥梁、高大树木，或院内堆积杂物。/n较为贫困，无产业，且居家易遭灾劫、纠纷。/n或可横发自置，但相对较少，且易有火灾。
			</content>
		</dizhi>
		<dizhi id="3">
			<content id="1"></content>
			<content id="2"></content>
		</dizhi>
		<dizhi id="4">
			<content id="1">住宅外表华丽，但内部较杂乱，必有损坏而修理装璜过。/n附近或有公共场所、娱乐场所或喧哗热闹商场、饮食店、派出所、桥梁、高大树木，或院内堆积杂物。/n有祖产，但较难守，中晚年后亦可聚财自置不动产，产业稳定发展，或自身经常迁动，从而易产生人为的家宅不宁。
			</content>
			<content id="2">住宅外表华丽，但内部较杂乱，必有损坏而修理装璜过。/n附近或有公共场所、娱乐场所或喧哗热闹商场、饮食店、派出所、桥梁、高大树木，或院内堆积杂物。/n有祖产，但较难守，中晚年后亦可聚财自置不动产。/n但易会横发横破，或火宅。
			</content>
		</dizhi>
		<dizhi id="5">
			<content id="1"></content>
			<content id="2"></content>
		</dizhi>
		<dizhi id="6">
			<content id="1">住宅外表华丽，但内部较杂乱，必有损坏而修理装璜过。/n附近或有公共场所、娱乐场所或喧哗热闹商场、饮食店、派出所、桥梁、高大树木，或院内堆积杂物。/n有祖产，但较难守，中晚年后亦可聚财自置不动产，产业稳定发展，或自身经常迁动，从而易产生人为的家宅不宁。
			</content>
			<content id="2">住宅外表华丽，但内部较杂乱，必有损坏而修理装璜过。/n附近或有公共场所、娱乐场所或喧哗热闹商场、饮食店、派出所、桥梁、高大树木，或院内堆积杂物。/n有祖产，但较难守，中晚年后亦可聚财自置不动产。/n但易会横发横破，或火宅。
			</content>
		</dizhi>
		<dizhi id="7">
			<content id="1"></content>
			<content id="2"></content>
		</dizhi>
		<dizhi id="8">
			<content id="1">住宅外表华丽，但内部较杂乱，必有损坏而修理装璜过。/n附近或有公共场所、娱乐场所或喧哗热闹商场、饮食店、派出所、桥梁、高大树木，或院内堆积杂物。/n无祖业，有亦破败，自置较困难，易因田产而生是非，但仍可自置普通的财产。
			</content>
			<content id="2">住宅外表华丽，但内部较杂乱，必有损坏而修理装璜过。/n附近或有公共场所、娱乐场所或喧哗热闹商场、饮食店、派出所、桥梁、高大树木，或院内堆积杂物。/n较为贫困，无产业，且居家易遭灾劫、纠纷。/n或可横发自置，但相对较少，且易有火灾。
			</content>
		</dizhi>
		<dizhi id="9">
			<content id="1"></content>
			<content id="2"></content>
		</dizhi>
		<dizhi id="10">
			<content id="1">住宅外表华丽，但内部较杂乱，必有损坏而修理装璜过。/n附近或有公共场所、娱乐场所或喧哗热闹商场、饮食店、派出所、桥梁、高大树木，或院内堆积杂物。/n有祖产，但较难守，中晚年后亦可聚财自置不动产，产业稳定发展，或自身经常迁动，从而易产生人为的家宅不宁。
			</content>
			<content id="2">住宅外表华丽，但内部较杂乱，必有损坏而修理装璜过。/n附近或有公共场所、娱乐场所或喧哗热闹商场、饮食店、派出所、桥梁、高大树木，或院内堆积杂物。/n有祖产，但较难守，中晚年后亦可聚财自置不动产。/n但易会横发横破，或火宅。
			</content>
		</dizhi>
		<dizhi id="11">
			<content id="1"></content>
			<content id="2"></content>
		</dizhi>
	</dashizhenyan>
	<dashizhenyan id="9" name="巨门">
		<dizhi id="0">
			<content id="1">家庭易有纠纷，较难安宁，家居附近或有加盖的暗沟、铁道、桥梁、河流、破墙、烟囱；或居室易漏水、采光不良、阴湿。/n自己比较喜欢睡暗室，但易与邻居不睦，易遇长舌妇，多是非口舌。/n自己与房地产缘分较浅，少有祖业，但凭自己努力可积聚置产，过普通的生活，中晚年后会横发横置。
			</content>
			<content id="2">家庭易有纠纷，较难安宁，家居附近或有加盖的暗沟、铁道、桥梁、河流、破墙、烟囱；或居室易漏水、采光不良、阴湿。/n自己比较喜欢睡暗室，但易与邻居不睦，易遇长舌妇，多是非口舌。/n家宅较难安宁，较多是非纠纷，且置业较为艰辛。
			</content>
		</dizhi>
		<dizhi id="1">
			<content id="1"></content>
			<content id="2"></content>
		</dizhi>
		<dizhi id="2">
			<content id="1"></content>
			<content id="2"></content>
		</dizhi>
		<dizhi id="3">
			<content id="1"></content>
			<content id="2"></content>
		</dizhi>
		<dizhi id="4">
			<content id="1">家庭易有纠纷，较难安宁，家居附近或有加盖的暗沟、铁道、桥梁、河流、破墙、烟囱；或居室易漏水、采光不良、阴湿。/n自己比较喜欢睡暗室，但易与邻居不睦，易遇长舌妇，多是非口舌。/n无祖业，自置较为艰辛，且易因置产而生纠纷，但经努力可有少量产业。
			</content>
			<content id="2">家庭易有纠纷，较难安宁，家居附近或有加盖的暗沟、铁道、桥梁、河流、破墙、烟囱；或居室易漏水、采光不良、阴湿。/n自己比较喜欢睡暗室，但易与邻居不睦，易遇长舌妇，多是非口舌。/n生活较为贫困，家宅不宁，较多是非纠纷，或家中人易遭受刑伤灾祸；或家宅易遭受盗窃抢劫、兵灾火烛或因易住宅而惹官司。
			</content>
		</dizhi>
		<dizhi id="5">
			<content id="1">家庭易有纠纷，较难安宁，家居附近或有加盖的暗沟、铁道、桥梁、河流、破墙、烟囱；或居室易漏水、采光不良、阴湿。/n自己比较喜欢睡暗室，但易与邻居不睦，易遇长舌妇，多是非口舌。/n无祖业，自置较为艰辛，且易因置产而生纠纷，但经努力可有少量产业。
			</content>
			<content id="2">家庭易有纠纷，较难安宁，家居附近或有加盖的暗沟、铁道、桥梁、河流、破墙、烟囱；或居室易漏水、采光不良、阴湿。/n自己比较喜欢睡暗室，但易与邻居不睦，易遇长舌妇，多是非口舌。/n生活较为贫困，家宅不宁，较多是非纠纷，或家中人易遭受刑伤灾祸；或家宅易遭受盗窃抢劫、兵灾火烛或因易住宅而惹官司。
			</content>
		</dizhi>
		<dizhi id="6">
			<content id="1">家庭易有纠纷，较难安宁，家居附近或有加盖的暗沟、铁道、桥梁、河流、破墙、烟囱；或居室易漏水、采光不良、阴湿。/n自己比较喜欢睡暗室，但易与邻居不睦，易遇长舌妇，多是非口舌。/n自己与房地产缘分较浅，少有祖业，但凭自己努力可积聚置产，过普通的生活，中晚年后会横发横置。
			</content>
			<content id="2">家庭易有纠纷，较难安宁，家居附近或有加盖的暗沟、铁道、桥梁、河流、破墙、烟囱；或居室易漏水、采光不良、阴湿。/n自己比较喜欢睡暗室，但易与邻居不睦，易遇长舌妇，多是非口舌。/n家宅较难安宁，较多是非纠纷，且置业较为艰辛。
			</content>
		</dizhi>
		<dizhi id="7">
			<content id="1"></content>
			<content id="2"></content>
		</dizhi>
		<dizhi id="8">
			<content id="1"></content>
			<content id="2"></content>
		</dizhi>
		<dizhi id="9">
			<content id="1"></content>
			<content id="2"></content>
		</dizhi>
		<dizhi id="10">
			<content id="1">家庭易有纠纷，较难安宁，家居附近或有加盖的暗沟、铁道、桥梁、河流、破墙、烟囱；或居室易漏水、采光不良、阴湿。/n自己比较喜欢睡暗室，但易与邻居不睦，易遇长舌妇，多是非口舌。/n自己与房地产缘分较浅，少有祖业，但凭自己努力可积聚置产，过普通的生活，中晚年后会横发横置。
			</content>
			<content id="2">家庭易有纠纷，较难安宁，家居附近或有加盖的暗沟、铁道、桥梁、河流、破墙、烟囱；或居室易漏水、采光不良、阴湿。/n自己比较喜欢睡暗室，但易与邻居不睦，易遇长舌妇，多是非口舌。/n家宅较难安宁，较多是非纠纷，且置业较为艰辛。
			</content>
		</dizhi>
		<dizhi id="11">
			<content id="1">家庭易有纠纷，较难安宁，家居附近或有加盖的暗沟、铁道、桥梁、河流、破墙、烟囱；或居室易漏水、采光不良、阴湿。/n自己比较喜欢睡暗室，但易与邻居不睦，易遇长舌妇，多是非口舌。/n自己与房地产缘分较浅，少有祖业，但凭自己努力可积聚置产，过普通的生活，中晚年后会横发横置。
			</content>
			<content id="2">家庭易有纠纷，较难安宁，家居附近或有加盖的暗沟、铁道、桥梁、河流、破墙、烟囱；或居室易漏水、采光不良、阴湿。/n自己比较喜欢睡暗室，但易与邻居不睦，易遇长舌妇，多是非口舌。/n家宅较难安宁，较多是非纠纷，且置业较为艰辛。
			</content>
		</dizhi>
	</dashizhenyan>
	<dashizhenyan id="10" name="天相">
		<dizhi id="0">
			<content id="1"></content>
			<content id="2"></content>
		</dizhi>
		<dizhi id="1">
			<content id="1">有祖业，亦能聚财自置，财富的积聚须经拼搏而来。/n终身住旧宅，但家宅较豪华气派，能安居乐业，产业较丰厚，附近有服务机构、商场、水池、流水沟、三叉路。
			</content>
			<content id="2">终身住旧宅，但较豪华气派，附近有服务机构、商场、水池、流水沟、三叉路。/n破祖败业，凭自身拼搏仍会有普通的生活和产业，但居住环境欠佳或有不安宁之处，或自己易发生纠纷；或财产易遭遇破耗；或因产业而生官司词讼。
			</content>
		</dizhi>
		<dizhi id="2">
			<content id="1"></content>
			<content id="2"></content>
		</dizhi>
		<dizhi id="3">
			<content id="1">平常，没有祖业或较难继承祖业，财富的积聚须经拼搏而来，生活较为普通，自置产业比较艰难，但中晚年可自置产业。
			</content>
			<content id="2">生活较为贫困，居家不宁，破产败业或因易产业而起纷争，或易因产业纠纷而官司缠身或产业倾败。
			</content>
		</dizhi>
		<dizhi id="4">
			<content id="1"></content>
			<content id="2"></content>
		</dizhi>
		<dizhi id="5">
			<content id="1">平常，没有祖业或较难继承祖业，财富的积聚须经拼搏而来，生活较为普通，自置产业比较艰难，但中晚年可自置产业。
			</content>
			<content id="2">生活较为贫困，居家不宁，破产败业或因易产业而起纷争，或易因产业纠纷而官司缠身或产业倾败。
			</content>
		</dizhi>
		<dizhi id="6">
			<content id="1"></content>
			<content id="2"></content>
		</dizhi>
		<dizhi id="7">
			<content id="1">平常，没有祖业或较难继承祖业，财富的积聚须经拼搏而来，生活较为普通，自置产业比较艰难，但中晚年可自置产业。
			</content>
			<content id="2">生活较为贫困，居家不宁，破产败业或因易产业而起纷争，或易因产业纠纷而官司缠身或产业倾败。
			</content>
		</dizhi>
		<dizhi id="8">
			<content id="1"></content>
			<content id="2"></content>
		</dizhi>
		<dizhi id="9">
			<content id="1">平常，没有祖业或较难继承祖业，财富的积聚须经拼搏而来，生活较为普通，自置产业比较艰难，但中晚年可自置产业。
			</content>
			<content id="2">生活较为贫困，居家不宁，破产败业或因易产业而起纷争，或易因产业纠纷而官司缠身或产业倾败。
			</content>
		</dizhi>
		<dizhi id="10">
			<content id="1"></content>
			<content id="2"></content>
		</dizhi>
		<dizhi id="11">
			<content id="1">平常，没有祖业或较难继承祖业，财富的积聚须经拼搏而来，生活较为普通，自置产业比较艰难，但中晚年可自置产业。
			</content>
			<content id="2">生活较为贫困，居家不宁，破产败业或因易产业而起纷争，或易因产业纠纷而官司缠身或产业倾败。
			</content>
		</dizhi>
	</dashizhenyan>
	<dashizhenyan id="11" name="天梁">
		<dizhi id="0">
			<content id="1">自己有祖产父业，且祖业丰厚，也能自置不动产。/n出生地附近有高楼、医院、福利机构、寺庙、教堂。/n常与老人同住，住宅为祖屋，但环境较好。
			</content>
			<content id="2">自己有祖产父业，财产比较普通，也能自置不动产，但置业时或易有是非风波。/n常与老人同住，住宅为老旧祖居，为大房子或四合院，为土坡，微高之地。/n出生地附近有高楼、医院、福利机构、寺庙、教堂。
			</content>
		</dizhi>
		<dizhi id="1">
			<content id="1">自己有祖产父业，且祖业丰厚，也能自置不动产。/n出生地附近有高楼、医院、福利机构、寺庙、教堂。/n常与老人同住，住宅为祖屋，但环境较好。
			</content>
			<content id="2">自己有祖产父业，财产比较普通，也能自置不动产，但置业时或易有是非风波。/n常与老人同住，住宅为老旧祖居，为大房子或四合院，为土坡，微高之地。/n出生地附近有高楼、医院、福利机构、寺庙、教堂。
			</content>
		</dizhi>
		<dizhi id="2">
			<content id="1"></content>
			<content id="2"></content>
		</dizhi>
		<dizhi id="3">
			<content id="1"></content>
			<content id="2"></content>
		</dizhi>
		<dizhi id="4">
			<content id="1"></content>
			<content id="2"></content>
		</dizhi>
		<dizhi id="5">
			<content id="1">常与老人同住，住宅为老旧祖居，为大房子或四合院，为土坡，微高之地。/n出生地附近有高楼、医院、福利机构、寺庙、教堂。/n生活较为平常，自己有祖产父业，祖产不多，但仍可继承。/n自置产业较为困难，但仍能聚财置业。
			</content>
			<content id="2">常与老人同住，住宅为老旧祖居，为大房子或四合院，为土坡，微高之地。/n出生地附近有高楼、医院、福利机构、寺庙、教堂。/n无祖业，较难聚财，居家较难安宁，且易有是非纠纷，或常搬迁。
			</content>
		</dizhi>
		<dizhi id="6">
			<content id="1">自己有祖产父业，且祖业丰厚，也能自置不动产。/n出生地附近有高楼、医院、福利机构、寺庙、教堂。/n常与老人同住，住宅为祖屋，但环境较好。
			</content>
			<content id="2">自己有祖产父业，财产比较普通，也能自置不动产，但置业时或易有是非风波。/n常与老人同住，住宅为老旧祖居，为大房子或四合院，为土坡，微高之地。/n出生地附近有高楼、医院、福利机构、寺庙、教堂。
			</content>
		</dizhi>
		<dizhi id="7">
			<content id="1">自己有祖产父业，且祖业丰厚，也能自置不动产。/n出生地附近有高楼、医院、福利机构、寺庙、教堂。/n常与老人同住，住宅为祖屋，但环境较好。
			</content>
			<content id="2">自己有祖产父业，财产比较普通，也能自置不动产，但置业时或易有是非风波。/n常与老人同住，住宅为老旧祖居，为大房子或四合院，为土坡，微高之地。/n出生地附近有高楼、医院、福利机构、寺庙、教堂。
			</content>
		</dizhi>
		<dizhi id="8">
			<content id="1"></content>
			<content id="2"></content>
		</dizhi>
		<dizhi id="9">
			<content id="1"></content>
			<content id="2"></content>
		</dizhi>
		<dizhi id="10">
			<content id="1"></content>
			<content id="2"></content>
		</dizhi>
		<dizhi id="11">
			<content id="1">常与老人同住，住宅为老旧祖居，为大房子或四合院，为土坡，微高之地。/n出生地附近有高楼、医院、福利机构、寺庙、教堂。/n生活较为平常，自己有祖产父业，祖产不多，但仍可继承。/n自置产业较为困难，但仍能聚财置业。
			</content>
			<content id="2">常与老人同住，住宅为老旧祖居，为大房子或四合院，为土坡，微高之地。/n出生地附近有高楼、医院、福利机构、寺庙、教堂。/n无祖业，较难聚财，居家较难安宁，且易有是非纠纷，或常搬迁。
			</content>
		</dizhi>
	</dashizhenyan>
	<dashizhenyan id="12" name="七杀">
		<dizhi id="0">
			<content id="1">住宅地形高低起伏，附近环境较差，附近或有楼、山岗、庙宇、派出所、公共场所、残旧的房屋、或墓地，或易出爱惹是生非打斗之人。/n自己虽有祖业，但较难守住；喜欢把不动产倒来倒去，置业较为不利，且不太适合从事地产买卖，但家宅较安宁，可横发，获得意想不到的产业。
			</content>
			<content id="2">住宅地形高低起伏，附近环境较差，附近或有楼、山岗、庙宇、派出所、公共场所、残旧的房屋、或墓地，或易出爱惹是生非打斗之人。/n无祖业，自置产业也较艰难。/n或自己会因突然发财而购置不动产，可有普通程度的不动产；或易有纠纷，家宅难获安宁；或在单位易遭小人暗算，中晚年后才能置业。
			</content>
		</dizhi>
		<dizhi id="1">
			<content id="1"></content>
			<content id="2"></content>
		</dizhi>
		<dizhi id="2">
			<content id="1">住宅地形高低起伏，附近环境较差，附近或有楼、山岗、庙宇、派出所、公共场所、残旧的房屋、或墓地，或易出爱惹是生非打斗之人。/n自己虽有祖业，但较难守住；喜欢把不动产倒来倒去，但家宅较安宁，可横发，获得意想不到的产业。
			</content>
			<content id="2">住宅地形高低起伏，附近环境较差，附近或有楼、山岗、庙宇、派出所、公共场所、残旧的房屋、或墓地，或易出爱惹是生非打斗之人。/n无祖业，自置产业也较艰难。/n或自己会因突然发财而购置不动产，可有普通程度的不动产；或易有纠纷，家宅难获安宁；或在单位易遭小人暗算，中晚年后才能置业。
			</content>
		</dizhi>
		<dizhi id="3">
			<content id="1"></content>
			<content id="2"></content>
		</dizhi>
		<dizhi id="4">
			<content id="1">住宅地形高低起伏，附近环境较差，附近或有楼、山岗、庙宇、派出所、公共场所、残旧的房屋、或墓地，或易出爱惹是生非打斗之人。/n自己虽有祖业，但较难守住；喜欢把不动产倒来倒去，置业较为不利，且不太适合从事地产买卖，但家宅较安宁，可横发，获得意想不到的产业。
			</content>
			<content id="2">住宅地形高低起伏，附近环境较差，附近或有楼、山岗、庙宇、派出所、公共场所、残旧的房屋、或墓地，或易出爱惹是生非打斗之人。/n无祖业，自置产业也较艰难。/n或自己会因突然发财而购置不动产，可有普通程度的不动产；或易有纠纷，家宅难获安宁；或在单位易遭小人暗算，中晚年后才能置业。
			</content>
		</dizhi>
		<dizhi id="5">
			<content id="1"></content>
			<content id="2"></content>
		</dizhi>
		<dizhi id="6">
			<content id="1">住宅地形高低起伏，附近环境较差，附近或有楼、山岗、庙宇、派出所、公共场所、残旧的房屋、或墓地，或易出爱惹是生非打斗之人。/n自己虽有祖业，但较难守住；喜欢把不动产倒来倒去，置业较为不利，且不太适合从事地产买卖，但家宅较安宁，可横发，获得意想不到的产业。
			</content>
			<content id="2">住宅地形高低起伏，附近环境较差，附近或有楼、山岗、庙宇、派出所、公共场所、残旧的房屋、或墓地，或易出爱惹是生非打斗之人。/n无祖业，自置产业也较艰难。/n或自己会因突然发财而购置不动产，可有普通程度的不动产；或易有纠纷，家宅难获安宁；或在单位易遭小人暗算，中晚年后才能置业。
			</content>
		</dizhi>
		<dizhi id="7">
			<content id="1"></content>
			<content id="2"></content>
		</dizhi>
		<dizhi id="8">
			<content id="1">住宅地形高低起伏，附近环境较差，附近或有楼、山岗、庙宇、派出所、公共场所、残旧的房屋、或墓地，或易出爱惹是生非打斗之人。/n自己虽有祖业，但较难守住；喜欢把不动产倒来倒去，但家宅较安宁，可横发，获得意想不到的产业。
			</content>
			<content id="2">住宅地形高低起伏，附近环境较差，附近或有楼、山岗、庙宇、派出所、公共场所、残旧的房屋、或墓地，或易出爱惹是生非打斗之人。/n无祖业，自置产业也较艰难。/n或自己会因突然发财而购置不动产，可有普通程度的不动产；或易有纠纷，家宅难获安宁；或在单位易遭小人暗算，中晚年后才能置业。
			</content>
		</dizhi>
		<dizhi id="9">
			<content id="1"></content>
			<content id="2"></content>
		</dizhi>
		<dizhi id="10">
			<content id="1">住宅地形高低起伏，附近环境较差，附近或有楼、山岗、庙宇、派出所、公共场所、残旧的房屋、或墓地，或易出爱惹是生非打斗之人。/n自己虽有祖业，但较难守住；喜欢把不动产倒来倒去，置业较为不利，且不太适合从事地产买卖，但家宅较安宁，可横发，获得意想不到的产业。
			</content>
			<content id="2">住宅地形高低起伏，附近环境较差，附近或有楼、山岗、庙宇、派出所、公共场所、残旧的房屋、或墓地，或易出爱惹是生非打斗之人。/n无祖业，自置产业也较艰难。/n或自己会因突然发财而购置不动产，可有普通程度的不动产；或易有纠纷，家宅难获安宁；或在单位易遭小人暗算，中晚年后才能置业。
			</content>
		</dizhi>
		<dizhi id="11">
			<content id="1"></content>
			<content id="2"></content>
		</dizhi>
	</dashizhenyan>
	<dashizhenyan id="13" name="破军">
		<dizhi id="0">
			<content id="1">住宅或狭隘、陈旧、零乱，地势高低不平，常翻新或搬家，或附近环境复杂，有闹市、水道、低洼地、堆积物、杂贷市场、破旧建筑。/n祖业较丰，但较难守，易先遭受失败而后自置，一生有进有退，靠自己打拼置业，晚年较易兴家富裕。
			</content>
			<content id="2">住宅或狭隘、陈旧、零乱，地势高低不平，常翻新或搬家，或附近环境复杂，有闹市、水道、低洼地、堆积物、杂贷市场、破旧建筑。/n虽有祖业，但较难守，易先遭受失败而后自置，且居家容易遭受风波，生活较破败贫困。
			</content>
		</dizhi>
		<dizhi id="1">
			<content id="1"></content>
			<content id="2"></content>
		</dizhi>
		<dizhi id="2">
			<content id="1">住宅或狭隘、陈旧、零乱，地势高低不平，常翻新或搬家，或附近环境复杂，有闹市、水道、低洼地、堆积物、杂贷市场、破旧建筑。/n易破祖败业，居室较陈旧，但靠自己打拼职业，可获得普通程度的财产。
			</content>
			<content id="2">住宅或狭隘、陈旧、零乱，地势高低不平，常翻新或搬家，或附近环境复杂，有闹市、水道、低洼地、堆积物、杂贷市场、破旧建筑。/n易破祖败业，生活较贫困，居室较陈旧，且居家较多不宁，或易有火灾。
			</content>
		</dizhi>
		<dizhi id="3">
			<content id="1"></content>
			<content id="2"></content>
		</dizhi>
		<dizhi id="4">
			<content id="1">住宅或狭隘、陈旧、零乱，地势高低不平，常翻新或搬家，或附近环境复杂，有闹市、水道、低洼地、堆积物、杂贷市场、破旧建筑。/n祖业较丰，会有较多的财产，且易横发而富裕。
			</content>
			<content id="2">住宅或狭隘、陈旧、零乱，地势高低不平，常翻新或搬家，或附近环境复杂，有闹市、水道、低洼地、堆积物、杂贷市场、破旧建筑。/n虽有祖业，但居家较多不宁，置业较为艰难。
			</content>
		</dizhi>
		<dizhi id="5">
			<content id="1"></content>
			<content id="2"></content>
		</dizhi>
		<dizhi id="6">
			<content id="1">住宅或狭隘、陈旧、零乱，地势高低不平，常翻新或搬家，或附近环境复杂，有闹市、水道、低洼地、堆积物、杂贷市场、破旧建筑。/n祖业较丰，但较难守，易先遭受失败而后自置，一生有进有退，靠自己打拼置业，晚年较易兴家富裕。
			</content>
			<content id="2">住宅或狭隘、陈旧、零乱，地势高低不平，常翻新或搬家，或附近环境复杂，有闹市、水道、低洼地、堆积物、杂贷市场、破旧建筑。/n虽有祖业，但较难守，易先遭受失败而后自置，且居家容易遭受风波，生活较破败贫困。
			</content>
		</dizhi>
		<dizhi id="7">
			<content id="1"></content>
			<content id="2"></content>
		</dizhi>
		<dizhi id="8">
			<content id="1">住宅或狭隘、陈旧、零乱，地势高低不平，常翻新或搬家，或附近环境复杂，有闹市、水道、低洼地、堆积物、杂贷市场、破旧建筑。/n易破祖败业，居室较陈旧，但靠自己打拼职业，可获得普通程度的财产。
			</content>
			<content id="2">住宅或狭隘、陈旧、零乱，地势高低不平，常翻新或搬家，或附近环境复杂，有闹市、水道、低洼地、堆积物、杂贷市场、破旧建筑。/n易破祖败业，生活较贫困，居室较陈旧，且居家较多不宁，或易有火灾。
			</content>
		</dizhi>
		<dizhi id="9">
			<content id="1"></content>
			<content id="2"></content>
		</dizhi>
		<dizhi id="10">
			<content id="1">住宅或狭隘、陈旧、零乱，地势高低不平，常翻新或搬家，或附近环境复杂，有闹市、水道、低洼地、堆积物、杂贷市场、破旧建筑。/n祖业较丰，会有较多的财产，且易横发而富裕。
			</content>
			<content id="2">住宅或狭隘、陈旧、零乱，地势高低不平，常翻新或搬家，或附近环境复杂，有闹市、水道、低洼地、堆积物、杂贷市场、破旧建筑。/n虽有祖业，但居家较多不宁，置业较为艰难。
			</content>
		</dizhi>
		<dizhi id="11">
			<content id="1"></content>
			<content id="2"></content>
		</dizhi>
	</dashizhenyan>
</root>
