<?xml version="1.0" encoding="UTF-8"?>
<root>
	<dashizhenyan id="0" name="紫微">
		<dizhi id="0">
			<content id="1">本人辛劳，事业难顺利，即使得到助力也不算太好。/n兄弟姐妹较多，可能有三人，有得力的兄长可以依靠。/n长兄长姐给力，帮助大。
			</content>
			<content id="2">本人辛劳，事业难顺利，即使得到助力也不算太好。/n兄弟姐妹较多，可能有三人，有得力的兄长可以依靠。/n兄弟姊妹不和，难以依靠。甚至兄弟姊妹有损伤，事业难顺利。
			</content>
		</dizhi>
		<dizhi id="1">
			<content id="1">本人辛劳，事业难顺利，即使得到助力也不算太好。/n可能会有二到三个兄弟姊妹，或有异胞兄弟姊妹，关系不和，较为平淡，适合分居。
			</content>
			<content id="2">本人辛劳，事业难顺利，即使得到助力也不算太好。/n可能会有二到三个兄弟姊妹，或有异胞兄弟姊妹，关系不和，适合分居。兄弟姊妹傲慢，与兄弟姊妹、同事的见解不合，易有利益或权力的争斗。
			</content>
		</dizhi>
		<dizhi id="2">
			<content id="1">本人辛劳，事业难顺利，即使得到助力也不算太好。/n兄弟姊妹较多，甚至会有三到五人，兄弟姊妹比较孤独，感情平淡，但可以得兄弟姊妹的物质助力。/n兄姐发展较好，关系和睦且助力大。
			</content>
			<content id="2">本人辛劳，事业难顺利，即使得到助力也不算太好。/n兄弟姊妹较多，甚至会有三到五人，兄弟姊妹比较孤独，感情平淡，但可以得兄弟姊妹的物质助力。/n兄弟姊妹不和，容易受他们拖累。
			</content>
		</dizhi>
		<dizhi id="3">
			<content id="1">本人辛劳，事业难顺利，即使得到助力也不算太好。/n兄弟姐妹不多，或会有二、三个，感情较平淡。/n哥哥姐姐优秀，关系和睦有助力。
			</content>
			<content id="2">本人辛劳，事业难顺利，即使得到助力也不算太好。/n兄弟姐妹不多，或会有二、三个，感情较平淡。/n兄弟姊妹可能会破败，或兄长富裕但对自己没帮助。关系不和，受拖累，兄弟姊妹事业有阻或有婚变。
			</content>
		</dizhi>
		<dizhi id="4">
			<content id="1">本人辛劳，事业难顺利，即使得到助力也不算太好。/n兄弟姐妹较多，甚至会有三、四人，或会有异母兄弟，兄弟自高自大，感情平淡，但有对您有帮助。/n易有双胞兄弟姊妹，或兄弟姊妹较为富贵，和睦能助。
			</content>
			<content id="2">本人辛劳，事业难顺利，即使得到助力也不算太好。/n兄弟姐妹较多，甚至会有三、四人，或会有异母兄弟，兄弟自高自大，感情平淡，但有对您有帮助。/n兄弟姊妹见解不同，有纷争。
			</content>
		</dizhi>
		<dizhi id="5">
			<content id="1">本人辛劳，事业难顺利，即使得到助力也不算太好。/n兄弟姊妹较少，或者只有二人，兄弟姊妹有威权，或能依附结交有权贵的朋友。/n兄姐权贵，可以得到他们帮助。
			</content>
			<content id="2">本人辛劳，事业难顺利，即使得到助力也不算太好。/n兄弟姊妹较少，或者只有二人，兄弟姊妹有威权，或能依附结交有权贵的朋友。/n兄弟姊妹关系不和，有纠纷，受拖累或受兄弟朋友欺负。
			</content>
		</dizhi>
		<dizhi id="6">
			<content id="1">本人辛劳，事业难顺利，即使得到助力也不算太好。/n兄弟姐妹较多，可能有三人，有得力的兄长可以依靠。/n长兄长姐给力，帮助大。
			</content>
			<content id="2">本人辛劳，事业难顺利，即使得到助力也不算太好。/n兄弟姐妹较多，可能有三人，有得力的兄长可以依靠。/n兄弟姊妹不和，难以依靠。甚至兄弟姊妹有损伤，事业难顺利。
			</content>
		</dizhi>
		<dizhi id="7">
			<content id="1">本人辛劳，事业难顺利，即使得到助力也不算太好。/n可能会有二到三个兄弟姊妹，或有异胞兄弟姊妹，关系不和，较为平淡，适合分居。
			</content>
			<content id="2">本人辛劳，事业难顺利，即使得到助力也不算太好。/n可能会有二到三个兄弟姊妹，或有异胞兄弟姊妹，关系不和，适合分居。兄弟姊妹傲慢，与兄弟姊妹、同事的见解不合，易有利益或权力的争斗。
			</content>
		</dizhi>
		<dizhi id="8">
			<content id="1">本人辛劳，事业难顺利，即使得到助力也不算太好。/n兄弟姊妹较多，甚至会有三到五人，兄弟姊妹比较孤独，感情平淡，但可以得兄弟姊妹的物质助力。/n兄姐发展较好，关系和睦且助力大。
			</content>
			<content id="2">本人辛劳，事业难顺利，即使得到助力也不算太好。/n兄弟姊妹较多，甚至会有三到五人，兄弟姊妹比较孤独，感情平淡，但可以得兄弟姊妹的物质助力。/n兄弟姊妹不和，容易受他们拖累。
			</content>
		</dizhi>
		<dizhi id="9">
			<content id="1">本人辛劳，事业难顺利，即使得到助力也不算太好。/n兄弟姐妹不多，或会有二、三个，感情较平淡。/n哥哥姐姐优秀，关系和睦有助力。
			</content>
			<content id="2">本人辛劳，事业难顺利，即使得到助力也不算太好。/n兄弟姐妹不多，或会有二、三个，感情较平淡。/n兄弟姊妹可能会破败，或兄长富裕但对自己没帮助。关系不和，受拖累，兄弟姊妹事业有阻或有婚变。
			</content>
		</dizhi>
		<dizhi id="10">
			<content id="1">本人辛劳，事业难顺利，即使得到助力也不算太好。/n兄弟姐妹较多，甚至会有三、四人，或会有异母兄弟，兄弟自高自大，感情平淡，但有对您有帮助。/n易有双胞兄弟姊妹，或兄弟姊妹较为富贵，和睦能助。
			</content>
			<content id="2">本人辛劳，事业难顺利，即使得到助力也不算太好。/n兄弟姐妹较多，甚至会有三、四人，或会有异母兄弟，兄弟自高自大，感情平淡，但有对您有帮助。见解不同，有纷争。
			</content>
		</dizhi>
		<dizhi id="11">
			<content id="1">本人辛劳，事业难顺利，即使得到助力也不算太好。/n兄弟姊妹较少，或者只有二人，兄弟姊妹有威权，或能依附结交有权贵的朋友。/n兄姐权贵，可以得到他们帮助。
			</content>
			<content id="2">本人辛劳，事业难顺利，即使得到助力也不算太好。/n兄弟姊妹较少，或者只有二人，兄弟姊妹有威权，或能依附结交有权贵的朋友。/n兄弟姊妹关系不和，有纠纷，受拖累或受兄弟朋友欺负。
			</content>
		</dizhi>
	</dashizhenyan>
	<dashizhenyan id="1" name="天机">
		<dizhi id="0">
			<content id="1">较为孤独，同胞兄弟少，或兄弟分离，自己不会是老大。/n兄弟姊妹或会有二、三个，会有成就杰出的，关系和睦，与兄姐情义较好。
			</content>
			<content id="2">较为孤独，同胞兄弟少，或兄弟分离，自己不会是老大。/n兄弟姊妹或会有二、三个，会有成就杰出的，关系不和，分离，或会受兄弟拖累而破财。交友虽多，却难得知交。
			</content>
		</dizhi>
		<dizhi id="1">
			<content id="1">较为孤独，同胞兄弟少，或兄弟分离，自己不会是老大。/n兄弟姊妹只有一，二位，关系和睦，对您助力不大或短暂，很少知心好友。
			</content>
			<content id="2">较为孤独，同胞兄弟少，或兄弟分离，自己不会是老大。/n兄弟姊妹只有一，二位，关系不合，或分离，甚至无兄弟。不适合与人合伙，易有侵权事。
			</content>
		</dizhi>
		<dizhi id="2">
			<content id="1">较为孤独，同胞兄弟少，或兄弟分离，自己不会是老大。/n兄弟姊妹或会有二，三人，感情平淡，兄弟姊妹中会有人很有钱，关系和睦，对自己有帮助。
			</content>
			<content id="2">较为孤独，同胞兄弟少，或兄弟分离，自己不会是老大。/n兄弟姊妹极少，或会是独生子女，兄弟姊妹缘分薄，极少聚会。
			</content>
		</dizhi>
		<dizhi id="3">
			<content id="1">较为孤独，同胞兄弟少，或兄弟分离，自己不会是老大。/n兄弟姊妹或只会有二位，多口舌纷争，兄弟在各地发展。酒肉朋友多，不适宜合伙，合则不能长久。兄弟姊妹关系平淡，有助力也是短暂的。
			</content>
			<content id="2">较为孤独，同胞兄弟少，或兄弟分离，自己不会是老大。/n兄弟姊妹或只会有一位，多口舌纷争，兄弟在各地发展。酒肉朋友多，不适宜合伙，合则不能长久。兄弟姊妹关系平淡，有助力也是短暂的。兄弟姊妹感情始善终恶，有严重冲突。
			</content>
		</dizhi>
		<dizhi id="4">
			<content id="1">较为孤独，同胞兄弟少，或兄弟分离，自己不会是老大。/n兄弟姊妹或只会有二位，各在不同的环境下成长或分离，兄弟姊妹有成就，对自己有帮助。有能言善辩的兄弟姊妹，但其子女和他关系不好。
			</content>
			<content id="2">较为孤独，同胞兄弟少，或兄弟分离，自己不会是老大。/n兄弟姊妹或只会有一位，各在不同的环境下成长或分离，兄弟姊妹极少聚会，关系不和。有能言善辩的兄弟姊妹，但其子女和他关系不好。
			</content>
		</dizhi>
		<dizhi id="5">
			<content id="1">较为孤独，同胞兄弟少，或兄弟分离，自己不会是老大。</content>
			<content id="2">较为孤独，同胞兄弟少，或兄弟分离，自己不会是老大。</content>
		</dizhi>
		<dizhi id="6">
			<content id="1">较为孤独，同胞兄弟少，或兄弟分离，自己不会是老大。/n兄弟姊妹或会有二、三个，会有成就杰出的，关系和睦，与兄姐情义较好。
			</content>
			<content id="2">较为孤独，同胞兄弟少，或兄弟分离，自己不会是老大。/n兄弟姊妹或会有二、三个，会有成就杰出的，关系不和，分离，或会受兄弟拖累而破财。交友虽多，却难得知交。
			</content>
		</dizhi>
		<dizhi id="7">
			<content id="1">较为孤独，同胞兄弟少，或兄弟分离，自己不会是老大。/n兄弟姊妹只有一，二位，关系和睦，对您助力不大或短暂，很少知心好友。
			</content>
			<content id="2">较为孤独，同胞兄弟少，或兄弟分离，自己不会是老大。/n兄弟姊妹只有一，二位，关系不合，或分离，甚至无兄弟。不适合与人合伙，易有侵权事。
			</content>
		</dizhi>
		<dizhi id="8">
			<content id="1">较为孤独，同胞兄弟少，或兄弟分离，自己不会是老大。/n兄弟姊妹或会有二，三人，感情平淡，兄弟姊妹中会有人很有钱，关系和睦，对自己有帮助。
			</content>
			<content id="2">较为孤独，同胞兄弟少，或兄弟分离，自己不会是老大。/n兄弟姊妹极少，或会是独生子女，兄弟姊妹缘分薄，极少聚会。
			</content>
		</dizhi>
		<dizhi id="9">
			<content id="1">较为孤独，同胞兄弟少，或兄弟分离，自己不会是老大。/n兄弟姊妹或只会有二位，多口舌纷争，兄弟在各地发展。酒肉朋友多，不适宜合伙，合则不能长久。兄弟姊妹关系平淡，有助力也是短暂的。
			</content>
			<content id="2">较为孤独，同胞兄弟少，或兄弟分离，自己不会是老大。/n兄弟姊妹或只会有一位，多口舌纷争，兄弟在各地发展。酒肉朋友多，不适宜合伙，合则不能长久。兄弟姊妹关系平淡，有助力也是短暂的。兄弟姊妹感情始善终恶，有严重冲突。
			</content>
		</dizhi>
		<dizhi id="10">
			<content id="1">较为孤独，同胞兄弟少，或兄弟分离，自己不会是老大。/n兄弟姊妹或只会有二位，各在不同的环境下成长或分离，兄弟姊妹有成就，对自己有帮助。有能言善辩的兄弟姊妹，但其子女和他关系不好。
			</content>
			<content id="2">较为孤独，同胞兄弟少，或兄弟分离，自己不会是老大。/n兄弟姊妹或只会有一位，各在不同的环境下成长或分离，兄弟姊妹极少聚会，关系不和。有能言善辩的兄弟姊妹，但其子女和他关系不好。
			</content>
		</dizhi>
		<dizhi id="11">
			<content id="1">较为孤独，同胞兄弟少，或兄弟分离，自己不会是老大。</content>
			<content id="2">较为孤独，同胞兄弟少，或兄弟分离，自己不会是老大。</content>
		</dizhi>
	</dashizhenyan>
	<dashizhenyan id="2" name="太阳">
		<dizhi id="0">
			<content id="1">兄弟姊妹乐于助人，擅长交际，人缘好。/n兄弟姊妹或会有二人，关系不和，得不到帮助。
			</content>
			<content id="2">兄弟姊妹乐于助人，擅长交际，人缘好。/n兄弟姊妹或会有二人，关系不和，得不到帮助。
			</content>
		</dizhi>
		<dizhi id="1">
			<content id="1">兄弟姊妹乐于助人，擅长交际，人缘好。/n兄弟姊妹较多，能和睦互助，而且助力也很足。
			</content>
			<content id="2">兄弟姊妹乐于助人，擅长交际，人缘好。/n兄弟姊妹较多，易受兄弟朋友拖累、伤害，关系不理想。
			</content>
		</dizhi>
		<dizhi id="2">
			<content id="1">兄弟姊妹乐于助人，擅长交际，人缘好。/n兄弟姊妹倔强叛逆，多在外地谋生，或与异族、异乡人通婚。关系平淡，兄弟姊妹中有人成就较高，但虽有成就，也难得他们的帮助。
			</content>
			<content id="2">兄弟姊妹乐于助人，擅长交际，人缘好。/n兄弟姊妹倔强叛逆，多在外地谋生，或与异族、异乡人通婚。关系平淡，兄弟姊妹中有人成就较高。
			</content>
		</dizhi>
		<dizhi id="3">
			<content id="1">兄弟姊妹乐于助人，擅长交际，人缘好。/n兄弟姊妹较为和睦，可得哥哥姐姐帮助，而且助力较大。
			</content>
			<content id="2">兄弟姊妹乐于助人，擅长交际，人缘好。/n兄弟姊妹多纷争、争吵或分离，关系恶劣，有等于无。
			</content>
		</dizhi>
		<dizhi id="4">
			<content id="1">兄弟姊妹乐于助人，擅长交际，人缘好。/n兄弟姊妹较为和睦，兄弟姊妹中有人成就较高。多异族、异性朋友，能够得到帮助。
			</content>
			<content id="2">兄弟姊妹乐于助人，擅长交际，人缘好。/n兄弟姊妹不合，兄弟姊妹中有人成就较高。多异族、异性朋友，能够得到帮助。
			</content>
		</dizhi>
		<dizhi id="5">
			<content id="1">兄弟姊妹乐于助人，擅长交际，人缘好。/n兄弟姊妹和睦，兄弟姊妹中有人成就较高，对您有帮助，而且助力很大。
			</content>
			<content id="2">兄弟姊妹乐于助人，擅长交际，人缘好。/n兄弟姊妹不和，或离散，兄弟姊妹中有人成就较高，但是对您没有多大的帮助。
			</content>
		</dizhi>
		<dizhi id="6">
			<content id="1">兄弟姊妹乐于助人，擅长交际，人缘好。/n兄弟姊妹或会有三人，发达早，成就较高，然后衰退，与他们关系和睦，可得助力。
			</content>
			<content id="2">兄弟姊妹乐于助人，擅长交际，人缘好。/n兄弟姊妹或会有三人，发达早，成就较高，然后衰退，与他们关系和睦，可得助力。
			</content>
		</dizhi>
		<dizhi id="7">
			<content id="1">兄弟姊妹乐于助人，擅长交际，人缘好。/n兄弟姊妹较多，能和睦互助，而且助力也很足。
			</content>
			<content id="2">兄弟姊妹乐于助人，擅长交际，人缘好。/n兄弟姊妹较多，可能会受他们拖累，关系不理想，或会为兄弟朋友而破财。
			</content>
		</dizhi>
		<dizhi id="8">
			<content id="1">兄弟姊妹乐于助人，擅长交际，人缘好。/n兄弟姊妹倔强叛逆，多在外地谋生，或与异族、异乡人通婚。关系不和，多口舌是非纠纷，虽有他们成就，也难得他们的帮助。
			</content>
			<content id="2">兄弟姊妹乐于助人，擅长交际，人缘好。/n兄弟姊妹倔强叛逆，多在外地谋生，或与异族、异乡人通婚。关系不和，多口舌是非纠纷。
			</content>
		</dizhi>
		<dizhi id="9">
			<content id="1">兄弟姊妹乐于助人，擅长交际，人缘好。/n兄弟姊妹较为和睦，但很多时候会有误会，兄弟姊妹对您的助力较大。
			</content>
			<content id="2">兄弟姊妹乐于助人，擅长交际，人缘好。/n兄弟姊妹多纷争、争吵或分离，关系恶劣，有等于无。
			</content>
		</dizhi>
		<dizhi id="10">
			<content id="1">兄弟姊妹乐于助人，擅长交际，人缘好。/n兄弟姊妹较为和睦，但同住会欠和，分居会稍好一点。
			</content>
			<content id="2">兄弟姊妹乐于助人，擅长交际，人缘好。/n兄弟姊妹较不合，而且有刑克，容易闹矛盾。
			</content>
		</dizhi>
		<dizhi id="11">
			<content id="1">兄弟姊妹乐于助人，擅长交际，人缘好。/n兄弟姊妹不和，兄弟姊妹中有人成就较高，但是对您没有多大的帮助。
			</content>
			<content id="2">兄弟姊妹乐于助人，擅长交际，人缘好。/n兄弟姊妹较不合，而且有刑克，容易闹矛盾，多是非斗争。
			</content>
		</dizhi>
	</dashizhenyan>
	<dashizhenyan id="3" name="武曲">
		<dizhi id="0">
			<content id="1">兄弟姊妹中有人是性刚硬烈、暴躁、孤僻、争执惹祸。/n兄弟姊妹或会有三人，兄弟姊妹聪明有智慧，而且颇为富裕，感情平淡，对您助力较为平常。
			</content>
			<content id="2">兄弟姊妹中有人是性刚硬烈、暴躁、孤僻、争执惹祸。/n兄弟姊妹或会有三人，兄弟姊妹聪明有智慧，而且颇为富裕，但感情不太好，甚至受他们拖累，对您无帮助。创业不适合与人合伙。
			</content>
		</dizhi>
		<dizhi id="1">
			<content id="1">兄弟姊妹中有人是性刚硬烈、暴躁、孤僻、争执惹祸。/n兄弟姊妹或只会有二人，缘分薄，或有异胞兄弟姊妹，兄弟姊妹在各地发展，还是能得到他们的帮助，只是助力较小。
			</content>
			<content id="2">兄弟姊妹中有人是性刚硬烈、暴躁、孤僻、争执惹祸。/n兄弟姊妹或只会有二人，缘分薄，或有异胞兄弟姊妹，兄弟姊妹在各地发展。兄弟姊妹关系不好，有刑克，越到晚年矛盾纠纷越多。
			</content>
		</dizhi>
		<dizhi id="2">
			<content id="1">兄弟姊妹中有人是性刚硬烈、暴躁、孤僻、争执惹祸。/n兄弟姊妹或会有二三人，兄弟姊妹长相人缘好，能够富贵，与您感情较平淡，但能以技艺相助与您。
			</content>
			<content id="2">兄弟姊妹中有人是性刚硬烈、暴躁、孤僻、争执惹祸。/n兄弟姊妹或会有二三人，兄弟姊妹长相人缘好，能够富贵，与您有纠纷，或会被拖累。
			</content>
		</dizhi>
		<dizhi id="3">
			<content id="1">兄弟姊妹中有人是性刚硬烈、暴躁、孤僻、争执惹祸。/n兄弟姊妹或会只有一二人，感情平淡，可以短暂地得到他们帮助。晚年有刑克，兄弟姊妹不和。
			</content>
			<content id="2">兄弟姊妹中有人是性刚硬烈、暴躁、孤僻、争执惹祸。/n兄弟姊妹或会只有一二人，兄弟姊妹不和，或会因财反目成仇。与人合作，易受侵权，所以不适合和人合伙。
			</content>
		</dizhi>
		<dizhi id="4">
			<content id="1">兄弟姊妹中有人是性刚硬烈、暴躁、孤僻、争执惹祸。/n兄弟姊妹或会二人，关系还算能和睦，但对您的助力较为平常。
			</content>
			<content id="2">兄弟姊妹中有人是性刚硬烈、暴躁、孤僻、争执惹祸。/n兄弟姊妹或会二人，关系不和睦，有刑克，容易产生矛盾，但较晚年才会体现。
			</content>
		</dizhi>
		<dizhi id="5">
			<content id="1">兄弟姊妹中有人是性刚硬烈、暴躁、孤僻、争执惹祸。/n兄弟姊妹可能只有一人，不和，不能为您提供助力。
			</content>
			<content id="2">兄弟姊妹中有人是性刚硬烈、暴躁、孤僻、争执惹祸。/n兄弟姊妹可能只有一人，不和，不能为您提供助力。容易因财而反目成仇，另一方面您或会有血光之灾。
			</content>
		</dizhi>
		<dizhi id="6">
			<content id="1">兄弟姊妹中有人是性刚硬烈、暴躁、孤僻、争执惹祸。/n兄弟姊妹或会有三人，兄弟姊妹聪明有智慧，而且颇为富裕，感情平淡，对您助力较为平常。
			</content>
			<content id="2">兄弟姊妹中有人是性刚硬烈、暴躁、孤僻、争执惹祸。/n兄弟姊妹或会有三人，兄弟姊妹聪明有智慧，而且颇为富裕，但感情不太好，甚至受他们拖累，对您无帮助。创业不适合与人合伙。
			</content>
		</dizhi>
		<dizhi id="7">
			<content id="1">兄弟姊妹中有人是性刚硬烈、暴躁、孤僻、争执惹祸。/n兄弟姊妹或只会有二人，缘分薄，或有异胞兄弟姊妹，兄弟姊妹在各地发展，还是能得到他们的帮助，只是助力较小。
			</content>
			<content id="2">兄弟姊妹中有人是性刚硬烈、暴躁、孤僻、争执惹祸。/n兄弟姊妹或只会有二人，缘分薄，或有异胞兄弟姊妹，兄弟姊妹在各地发展。兄弟姊妹关系不好，有刑克，越到晚年矛盾纠纷越多。
			</content>
		</dizhi>
		<dizhi id="8">
			<content id="1">兄弟姊妹中有人是性刚硬烈、暴躁、孤僻、争执惹祸。/n兄弟姊妹或会有二三人，兄弟姊妹长相人缘好，能够富贵，与您感情较平淡，但能以技艺相助与您。
			</content>
			<content id="2">兄弟姊妹中有人是性刚硬烈、暴躁、孤僻、争执惹祸。/n兄弟姊妹或会有二三人，兄弟姊妹长相人缘好，能够富贵，与您有纠纷，或会被拖累。
			</content>
		</dizhi>
		<dizhi id="9">
			<content id="1">兄弟姊妹中有人是性刚硬烈、暴躁、孤僻、争执惹祸。/n兄弟姊妹或会只有一二人，感情平淡，可以短暂地得到他们帮助。晚年有刑克，兄弟姊妹不和。
			</content>
			<content id="2"></content>
		</dizhi>
		<dizhi id="10">
			<content id="1">兄弟姊妹中有人是性刚硬烈、暴躁、孤僻、争执惹祸。/n兄弟姊妹或会二人，关系还算能和睦，但对您的助力较为平常。
			</content>
			<content id="2">兄弟姊妹中有人是性刚硬烈、暴躁、孤僻、争执惹祸。/n兄弟姊妹或会二人，关系不和睦，有刑克，容易产生矛盾，但较晚年才会体现。
			</content>
		</dizhi>
		<dizhi id="11">
			<content id="1">兄弟姊妹中有人是性刚硬烈、暴躁、孤僻、争执惹祸。/n兄弟姊妹可能只有一人，不和，不能为您提供助力。
			</content>
			<content id="2">兄弟姊妹中有人是性刚硬烈、暴躁、孤僻、争执惹祸。/n兄弟姊妹可能只有一人，不和，不能为您提供助力。容易因财而反目成仇，另一方面您或会有血光之灾。
			</content>
		</dizhi>
	</dashizhenyan>
	<dashizhenyan id="4" name="天同">
		<dizhi id="0">
			<content id="1">母亲遗传基因好，本人及兄弟姊妹生来有前途。兄弟姊妹谦虚温和，乐观幽默，易相处，能同心协力，但创劲少，发展不大，帮助亦不大。/n兄弟姊妹较多，能和睦相处，互相帮助。
			</content>
			<content id="2">母亲遗传基因好，本人及兄弟姊妹生来有前途。兄弟姊妹谦虚温和，乐观幽默，易相处，能同心协力，但创劲少，发展不大，帮助亦不大。/n兄弟姊妹较多，但关系并不一定和睦，可能有的兄弟姊妹并不聪明，容易受伤。
			</content>
		</dizhi>
		<dizhi id="1">
			<content id="1">母亲遗传基因好，本人及兄弟姊妹生来有前途。兄弟姊妹谦虚温和，乐观幽默，易相处，能同心协力，但创劲少，发展不大，帮助亦不大。/n兄弟姊妹或会有二、三人，兄弟姊妹自私，多口舌是非，关系不和，甚至没有义气。或会有结拜兄弟，始善终恶。
			</content>
			<content id="2">母亲遗传基因好，本人及兄弟姊妹生来有前途。兄弟姊妹谦虚温和，乐观幽默，易相处，能同心协力，但创劲少，发展不大，帮助亦不大。/n兄弟姊妹或会有二、三人，兄弟姊妹自私，多口舌是非，关系不和，甚至没有义气。/n多纠纷，或会为田产反目无情而引发官司词讼。
			</content>
		</dizhi>
		<dizhi id="2">
			<content id="1">母亲遗传基因好，本人及兄弟姊妹生来有前途。兄弟姊妹谦虚温和，乐观幽默，易相处，能同心协力，但创劲少，发展不大，帮助亦不大。/n兄弟姊妹或会二、三人，少见面，但情深互助。缘分厚，兄弟姊妹有职位，和睦相处，互相帮助。
			</content>
			<content id="2">母亲遗传基因好，本人及兄弟姊妹生来有前途。兄弟姊妹谦虚温和，乐观幽默，易相处，能同心协力，但创劲少，发展不大，帮助亦不大。/n兄弟姊妹或会二、三人，少见面，但情深互助。相处可能不会太和谐，出现问题互相推卸责任。
			</content>
		</dizhi>
		<dizhi id="3">
			<content id="1">母亲遗传基因好，本人及兄弟姊妹生来有前途。兄弟姊妹谦虚温和，乐观幽默，易相处，能同心协力，但创劲少，发展不大，帮助亦不大。/n兄弟姊妹较多，能和睦相处，交友广，对您的帮助一般。
			</content>
			<content id="2">母亲遗传基因好，本人及兄弟姊妹生来有前途。兄弟姊妹谦虚温和，乐观幽默，易相处，能同心协力，但创劲少，发展不大，帮助亦不大。/n兄弟姊妹较多，关系不太好，交友广，对您的帮助很少。
			</content>
		</dizhi>
		<dizhi id="4">
			<content id="1">母亲遗传基因好，本人及兄弟姊妹生来有前途。兄弟姊妹谦虚温和，乐观幽默，易相处，能同心协力，但创劲少，发展不大，帮助亦不大。/n兄弟姊妹或会二、三人，兄弟姐妹懦弱怕事，帮助不大，能和睦相处。
			</content>
			<content id="2">母亲遗传基因好，本人及兄弟姊妹生来有前途。兄弟姊妹谦虚温和，乐观幽默，易相处，能同心协力，但创劲少，发展不大，帮助亦不大。/n兄弟姊妹或会二、三人，兄弟姐妹懦弱怕事，帮助不大，多纠纷，可能会受他们拖累。
			</content>
		</dizhi>
		<dizhi id="5">
			<content id="1">母亲遗传基因好，本人及兄弟姊妹生来有前途。兄弟姊妹谦虚温和，乐观幽默，易相处，能同心协力，但创劲少，发展不大，帮助亦不大。/n兄弟姊妹较多，能和睦相处，对您的帮助一般。
			</content>
			<content id="2">母亲遗传基因好，本人及兄弟姊妹生来有前途。兄弟姊妹谦虚温和，乐观幽默，易相处，能同心协力，但创劲少，发展不大，帮助亦不大。/n兄弟姊妹较多，关系不太好，对您的帮助很少。
			</content>
		</dizhi>
		<dizhi id="6">
			<content id="1">母亲遗传基因好，本人及兄弟姊妹生来有前途。兄弟姊妹谦虚温和，乐观幽默，易相处，能同心协力，但创劲少，发展不大，帮助亦不大。/n兄弟姊妹较多，能和睦相处，互相帮助。
			</content>
			<content id="2">母亲遗传基因好，本人及兄弟姊妹生来有前途。兄弟姊妹谦虚温和，乐观幽默，易相处，能同心协力，但创劲少，发展不大，帮助亦不大。/n兄弟姊妹较多，但关系并不一定和睦，可能有的兄弟姊妹并不聪明，容易受伤。
			</content>
		</dizhi>
		<dizhi id="7">
			<content id="1">母亲遗传基因好，本人及兄弟姊妹生来有前途。兄弟姊妹谦虚温和，乐观幽默，易相处，能同心协力，但创劲少，发展不大，帮助亦不大。/n兄弟姊妹或会有二、三人，兄弟姊妹自私，多口舌是非，关系不和，甚至没有义气。或会有结拜兄弟，始善终恶。
			</content>
			<content id="2">母亲遗传基因好，本人及兄弟姊妹生来有前途。兄弟姊妹谦虚温和，乐观幽默，易相处，能同心协力，但创劲少，发展不大，帮助亦不大。/n兄弟姊妹或会有二、三人，兄弟姊妹自私，多口舌是非，关系不和，甚至没有义气。/n多纠纷，或会为田产反目无情而引发官司词讼。
			</content>
		</dizhi>
		<dizhi id="8">
			<content id="1">母亲遗传基因好，本人及兄弟姊妹生来有前途。兄弟姊妹谦虚温和，乐观幽默，易相处，能同心协力，但创劲少，发展不大，帮助亦不大。/n兄弟姊妹或会二、三人，少见面，但情深互助。缘分厚，兄弟姊妹有职位，和睦相处，互相帮助。
			</content>
			<content id="2">母亲遗传基因好，本人及兄弟姊妹生来有前途。兄弟姊妹谦虚温和，乐观幽默，易相处，能同心协力，但创劲少，发展不大，帮助亦不大。/n兄弟姊妹或会二、三人，少见面，但情深互助。相处可能不会太和谐，出现问题互相推卸责任。
			</content>
		</dizhi>
		<dizhi id="9">
			<content id="1">母亲遗传基因好，本人及兄弟姊妹生来有前途。兄弟姊妹谦虚温和，乐观幽默，易相处，能同心协力，但创劲少，发展不大，帮助亦不大。/n兄弟姊妹较多，能和睦相处，交友广，对您的帮助一般。
			</content>
			<content id="2">母亲遗传基因好，本人及兄弟姊妹生来有前途。兄弟姊妹谦虚温和，乐观幽默，易相处，能同心协力，但创劲少，发展不大，帮助亦不大。/n兄弟姊妹较多，关系不太好，交友广，对您的帮助很少。
			</content>
		</dizhi>
		<dizhi id="10">
			<content id="1">母亲遗传基因好，本人及兄弟姊妹生来有前途。兄弟姊妹谦虚温和，乐观幽默，易相处，能同心协力，但创劲少，发展不大，帮助亦不大。/n兄弟姊妹或会二、三人，兄弟姐妹懦弱怕事，帮助不大，能和睦相处。
			</content>
			<content id="2">母亲遗传基因好，本人及兄弟姊妹生来有前途。兄弟姊妹谦虚温和，乐观幽默，易相处，能同心协力，但创劲少，发展不大，帮助亦不大。/n兄弟姊妹或会二、三人，兄弟姐妹懦弱怕事，帮助不大，多纠纷，可能会受他们拖累。
			</content>
		</dizhi>
		<dizhi id="11">
			<content id="1">母亲遗传基因好，本人及兄弟姊妹生来有前途。兄弟姊妹谦虚温和，乐观幽默，易相处，能同心协力，但创劲少，发展不大，帮助亦不大。/n兄弟姊妹较多，能和睦相处，对您的帮助一般。
			</content>
			<content id="2">母亲遗传基因好，本人及兄弟姊妹生来有前途。兄弟姊妹谦虚温和，乐观幽默，易相处，能同心协力，但创劲少，发展不大，帮助亦不大。/n兄弟姊妹较多，关系不太好，对您的帮助很少。
			</content>
		</dizhi>
	</dashizhenyan>
	<dashizhenyan id="5" name="廉贞">
		<dizhi id="0">
			<content id="1">兄弟姊妹个性差异较大，各自工作发展，少往来。/n兄弟姊妹或者只有二人，关系较为平淡，能和睦相处，能为您提供帮助。
			</content>
			<content id="2">兄弟姊妹个性差异较大，各自工作发展，少往来。/n兄弟姊妹或者只有二人，关系较为平淡，相处不融洽，或容易出现意外伤害。
			</content>
		</dizhi>
		<dizhi id="1">
			<content id="1">兄弟姊妹个性差异较大，各自工作发展，少往来。/n兄弟姊妹或只会有一人，关系时好时坏。兄弟姊妹有成就，能和睦相处，为您提供帮助。
			</content>
			<content id="2">兄弟姊妹个性差异较大，各自工作发展，少往来。/n兄弟姊妹或只会有一人，或无兄弟姊妹，关系时好时坏，多灾病、纠纷、夭折、官司、车祸、突发意外灾祸。
			</content>
		</dizhi>
		<dizhi id="2">
			<content id="1">兄弟姊妹个性差异较大，各自工作发展，少往来。/n兄弟姊妹感情和睦，虽然能为您提供助力，但助力不大。
			</content>
			<content id="2">兄弟姊妹个性差异较大，各自工作发展，少往来。/n兄弟姊妹有刑克，不和，容易反目成仇。不适合合伙创业。
			</content>
		</dizhi>
		<dizhi id="3">
			<content id="1">兄弟姊妹个性差异较大，各自工作发展，少往来。/n兄弟姊妹或只有一人，关系不和，兄弟姊妹各走各的路，感情平淡。
			</content>
			<content id="2">兄弟姊妹个性差异较大，各自工作发展，少往来。/n兄弟姊妹或只有一人，或者无兄弟姊妹，有亦多灾病，关系不和，兄弟姊妹各走各的路，不能为您提供帮助。
			</content>
		</dizhi>
		<dizhi id="4">
			<content id="1">兄弟姊妹个性差异较大，各自工作发展，少往来。/n兄弟姊妹或会有三人，交友广，和睦，有助力。
			</content>
			<content id="2">兄弟姊妹个性差异较大，各自工作发展，少往来。/n兄弟姊妹或会有三人，交友广，和兄弟姊妹不和，或会受拖累，兄弟朋友间的配偶也不和。
			</content>
		</dizhi>
		<dizhi id="5">
			<content id="1">兄弟姊妹个性差异较大，各自工作发展，少往来。/n兄弟姊妹或只有一、二人，多酒肉好色之兄弟姊妹朋友，易有纠纷招怨，极少为您提供帮助。
			</content>
			<content id="2">兄弟姊妹个性差异较大，各自工作发展，少往来。/n您没有兄弟姊妹，有也会多灾病、夭折，受拖累，不能为您提供帮助。多酒肉好色朋友，易有纠纷招怨。
			</content>
		</dizhi>
		<dizhi id="6">
			<content id="1">兄弟姊妹个性差异较大，各自工作发展，少往来。/n兄弟姊妹或者只有二人，关系较为平淡，能和睦相处，能为您提供帮助。
			</content>
			<content id="2">兄弟姊妹个性差异较大，各自工作发展，少往来。/n兄弟姊妹或者只有二人，关系较为平淡，相处不融洽，或容易出现意外伤害。
			</content>
		</dizhi>
		<dizhi id="7">
			<content id="1">兄弟姊妹个性差异较大，各自工作发展，少往来。/n兄弟姊妹或只会有一人，关系时好时坏。兄弟姊妹有成就，能和睦相处，为您提供帮助。
			</content>
			<content id="2">兄弟姊妹个性差异较大，各自工作发展，少往来。/n兄弟姊妹或只会有一人，或无兄弟姊妹，关系时好时坏，多灾病、纠纷、夭折、官司、车祸、突发意外灾祸。
			</content>
		</dizhi>
		<dizhi id="8">
			<content id="1">兄弟姊妹个性差异较大，各自工作发展，少往来。/n兄弟姊妹感情和睦，虽然能为您提供助力，但助力不大。
			</content>
			<content id="2">兄弟姊妹个性差异较大，各自工作发展，少往来。/n兄弟姊妹有刑克，不和，容易反目成仇。不适合合伙创业。
			</content>
		</dizhi>
		<dizhi id="9">
			<content id="1">兄弟姊妹个性差异较大，各自工作发展，少往来。/n兄弟姊妹或只有一人，关系不和，兄弟姊妹各走各的路，感情平淡。
			</content>
			<content id="2">兄弟姊妹个性差异较大，各自工作发展，少往来。/n兄弟姊妹或只有一人，或者无兄弟姊妹，有亦多灾病，关系不和，兄弟姊妹各走各的路，不能为您提供帮助。
			</content>
		</dizhi>
		<dizhi id="10">
			<content id="1">兄弟姊妹个性差异较大，各自工作发展，少往来。/n兄弟姊妹或会有三人，交友广，和睦，有助力。
			</content>
			<content id="2">兄弟姊妹个性差异较大，各自工作发展，少往来。/n兄弟姊妹或会有三人，交友广，和兄弟姊妹不和，或会受拖累，兄弟朋友间的配偶也不和。
			</content>
		</dizhi>
		<dizhi id="11">
			<content id="1">兄弟姊妹个性差异较大，各自工作发展，少往来。/n兄弟姊妹或只有一、二人，多酒肉好色之兄弟姊妹朋友，易有纠纷招怨，极少为您提供帮助。
			</content>
			<content id="2">兄弟姊妹个性差异较大，各自工作发展，少往来。/n您没有兄弟姊妹，有也会多灾病、夭折，受拖累，不能为您提供帮助。多酒肉好色朋友，易有纠纷招怨。
			</content>
		</dizhi>
	</dashizhenyan>
	<dashizhenyan id="6" name="天府">
		<dizhi id="0">
			<content id="1">兄弟姊妹感情好，或会有服公职，能为您提供帮助。/n兄弟姊妹众多，而且成就高，对您的帮助较大，但父母稍偏袒兄弟。
			</content>
			<content id="2">兄弟姊妹感情好，或会有服公职。/n兄弟姊妹有刑克，或有异母兄弟，感情差，兄弟姊妹得父母帮助，自己不得父母帮助。兄弟姊妹会有心机计较，您在紧要关头或会被他们出卖。
			</content>
		</dizhi>
		<dizhi id="1">
			<content id="1">兄弟姊妹感情好，或会有服公职，能为您提供帮助。/n兄弟姊妹众多，而且成就高，对您的帮助较大，但父母稍偏袒兄弟。
			</content>
			<content id="2">兄弟姊妹感情好，或会有服公职。/n兄弟姊妹有刑克，或有异母兄弟，感情差，兄弟姊妹得父母帮助，自己不得父母帮助。兄弟姊妹会有心机计较，您在紧要关头或会被他们出卖。
			</content>
		</dizhi>
		<dizhi id="2">
			<content id="1">兄弟姊妹感情好，或会有服公职，能为您提供帮助。/n兄弟姊妹众多，而且成就高，对您的帮助较大，但父母稍偏袒兄弟。
			</content>
			<content id="2">兄弟姊妹感情好，或会有服公职。/n兄弟姊妹有刑克，或有异母兄弟，感情差，兄弟姊妹得父母帮助，自己不得父母帮助。兄弟姊妹会有心机计较，您在紧要关头或会被他们出卖。
			</content>
		</dizhi>
		<dizhi id="3">
			<content id="1">兄弟姊妹感情好，或会有服公职，能为您提供帮助。/n兄弟姊妹众多，而且成就高，对您的帮助较大，但父母稍偏袒兄弟。
			</content>
			<content id="2">兄弟姊妹感情好，或会有服公职。/n兄弟姊妹有刑克，或有异母兄弟，感情差，兄弟姊妹得父母帮助，自己不得父母帮助。兄弟姊妹会有心机计较，您在紧要关头或会被他们出卖。
			</content>
		</dizhi>
		<dizhi id="4">
			<content id="1">兄弟姊妹感情好，或会有服公职，能为您提供帮助。/n兄弟姊妹众多，而且成就高，对您的帮助较大，但父母稍偏袒兄弟。
			</content>
			<content id="2">兄弟姊妹感情好，或会有服公职。/n兄弟姊妹有刑克，或有异母兄弟，感情差，兄弟姊妹得父母帮助，自己不得父母帮助。兄弟姊妹会有心机计较，您在紧要关头或会被他们出卖。
			</content>
		</dizhi>
		<dizhi id="5">
			<content id="1">兄弟姊妹感情好，或会有服公职，能为您提供帮助。/n兄弟姊妹众多，而且成就高，对您的帮助较大，但父母稍偏袒兄弟。
			</content>
			<content id="2">兄弟姊妹感情好，或会有服公职。/n兄弟姊妹有刑克，或有异母兄弟，感情差，兄弟姊妹得父母帮助，自己不得父母帮助。兄弟姊妹会有心机计较，您在紧要关头或会被他们出卖。
			</content>
		</dizhi>
		<dizhi id="6">
			<content id="1">兄弟姊妹感情好，或会有服公职，能为您提供帮助。/n兄弟姊妹众多，而且成就高，对您的帮助较大，但父母稍偏袒兄弟。
			</content>
			<content id="2">兄弟姊妹感情好，或会有服公职。/n兄弟姊妹有刑克，或有异母兄弟，感情差，兄弟姊妹得父母帮助，自己不得父母帮助。兄弟姊妹会有心机计较，您在紧要关头或会被他们出卖。
			</content>
		</dizhi>
		<dizhi id="7">
			<content id="1">兄弟姊妹感情好，或会有服公职，能为您提供帮助。/n兄弟姊妹众多，而且成就高，对您的帮助较大，但父母稍偏袒兄弟。
			</content>
			<content id="2">兄弟姊妹感情好，或会有服公职。/n兄弟姊妹有刑克，或有异母兄弟，感情差，兄弟姊妹得父母帮助，自己不得父母帮助。兄弟姊妹会有心机计较，您在紧要关头或会被他们出卖。
			</content>
		</dizhi>
		<dizhi id="8">
			<content id="1">兄弟姊妹感情好，或会有服公职，能为您提供帮助。/n兄弟姊妹众多，而且成就高，对您的帮助较大，但父母稍偏袒兄弟。
			</content>
			<content id="2">兄弟姊妹感情好，或会有服公职。/n兄弟姊妹有刑克，或有异母兄弟，感情差，兄弟姊妹得父母帮助，自己不得父母帮助。兄弟姊妹会有心机计较，您在紧要关头或会被他们出卖。
			</content>
		</dizhi>
		<dizhi id="9">
			<content id="1">兄弟姊妹感情好，或会有服公职，能为您提供帮助。/n兄弟姊妹众多，而且成就高，对您的帮助较大，但父母稍偏袒兄弟。
			</content>
			<content id="2">兄弟姊妹感情好，或会有服公职。/n兄弟姊妹有刑克，或有异母兄弟，感情差，兄弟姊妹得父母帮助，自己不得父母帮助。兄弟姊妹会有心机计较，您在紧要关头或会被他们出卖。
			</content>
		</dizhi>
		<dizhi id="10">
			<content id="1">兄弟姊妹感情好，或会有服公职，能为您提供帮助。/n兄弟姊妹众多，而且成就高，对您的帮助较大，但父母稍偏袒兄弟。
			</content>
			<content id="2">兄弟姊妹感情好，或会有服公职。/n兄弟姊妹有刑克，或有异母兄弟，感情差，兄弟姊妹得父母帮助，自己不得父母帮助。兄弟姊妹会有心机计较，您在紧要关头或会被他们出卖。
			</content>
		</dizhi>
		<dizhi id="11">
			<content id="1">兄弟姊妹感情好，或会有服公职，能为您提供帮助。/n兄弟姊妹众多，而且成就高，对您的帮助较大，但父母稍偏袒兄弟。
			</content>
			<content id="2">兄弟姊妹感情好，或会有服公职。/n兄弟姊妹有刑克，或有异母兄弟，感情差，兄弟姊妹得父母帮助，自己不得父母帮助。兄弟姊妹会有心机计较，您在紧要关头或会被他们出卖。
			</content>
		</dizhi>
	</dashizhenyan>
	<dashizhenyan id="7" name="太阴">
		<dizhi id="0">
			<content id="1"></content>
			<content id="2"></content>
		</dizhi>
		<dizhi id="1">
			<content id="1"></content>
			<content id="2"></content>
		</dizhi>
		<dizhi id="2">
			<content id="1"></content>
			<content id="2"></content>
		</dizhi>
		<dizhi id="3">
			<content id="1">男性兄弟朋友为感情脆弱的人。母亲及姐妹容易得到助力，兄弟姐妹缘份深厚，其中有才艺和经济能力较好的人才。/兄弟姊妹或会有三人，兄弟软弱孤僻，感情平淡，但相处没有太大冲突，也能为您提供一些帮助。
			</content>
			<content id="2">男性兄弟朋友为感情脆弱的人。母亲及姐妹容易得到助力，兄弟姐妹缘份深厚，其中有才艺和经济能力较好的人才。/兄弟姊妹或会有三人，兄弟软弱孤僻，感情平淡，刑克不和。
			</content>
		</dizhi>
		<dizhi id="4">
			<content id="1">男性兄弟朋友为感情脆弱的人。母亲及姐妹容易得到助力，兄弟姐妹缘份深厚，其中有才艺和经济能力较好的人才。/兄弟姊妹或会有三人，兄弟软弱孤僻，感情平淡，但相处没有太大冲突，也能为您提供一些帮助。
			</content>
			<content id="2">男性兄弟朋友为感情脆弱的人。母亲及姐妹容易得到助力，兄弟姐妹缘份深厚，其中有才艺和经济能力较好的人才。/兄弟姊妹或会有三人，兄弟软弱孤僻，感情平淡，刑克不和。
			</content>
		</dizhi>
		<dizhi id="5">
			<content id="1">男性兄弟朋友为感情脆弱的人。母亲及姐妹容易得到助力，兄弟姐妹缘份深厚，其中有才艺和经济能力较好的人才。/兄弟姊妹或会有三人，兄弟软弱孤僻，感情平淡，但相处没有太大冲突，也能为您提供一些帮助。
			</content>
			<content id="2">男性兄弟朋友为感情脆弱的人。母亲及姐妹容易得到助力，兄弟姐妹缘份深厚，其中有才艺和经济能力较好的人才。/兄弟姊妹或会有三人，兄弟软弱孤僻，感情平淡，刑克不和。
			</content>
		</dizhi>
		<dizhi id="6">
			<content id="1"></content>
			<content id="2"></content>
		</dizhi>
		<dizhi id="7">
			<content id="1"></content>
			<content id="2"></content>
		</dizhi>
		<dizhi id="8">
			<content id="1"></content>
			<content id="2"></content>
		</dizhi>
		<dizhi id="9">
			<content id="1">男性兄弟朋友为感情脆弱的人。母亲及姐妹容易得到助力，兄弟姐妹缘份深厚，其中有才艺和经济能力较好的人才。/兄弟姊妹较多，能为您提供帮助，和睦相处。
			</content>
			<content id="2">男性兄弟朋友为感情脆弱的人。母亲及姐妹容易得到助力，兄弟姐妹缘份深厚，其中有才艺和经济能力较好的人才。/n兄弟姊妹较多，感情平淡，刑克不和，分居会改善关系。
			</content>
		</dizhi>
		<dizhi id="10">
			<content id="1">男性兄弟朋友为感情脆弱的人。母亲及姐妹容易得到助力，兄弟姐妹缘份深厚，其中有才艺和经济能力较好的人才。/兄弟姊妹较多，能为您提供帮助，和睦相处。
			</content>
			<content id="2">男性兄弟朋友为感情脆弱的人。母亲及姐妹容易得到助力，兄弟姐妹缘份深厚，其中有才艺和经济能力较好的人才。/n兄弟姊妹较多，感情平淡，刑克不和，分居会改善关系。
			</content>
		</dizhi>
		<dizhi id="11">
			<content id="1">男性兄弟朋友为感情脆弱的人。母亲及姐妹容易得到助力，兄弟姐妹缘份深厚，其中有才艺和经济能力较好的人才。/兄弟姊妹较多，能为您提供帮助，和睦相处。
			</content>
			<content id="2">男性兄弟朋友为感情脆弱的人。母亲及姐妹容易得到助力，兄弟姐妹缘份深厚，其中有才艺和经济能力较好的人才。/n兄弟姊妹较多，感情平淡，刑克不和，分居会改善关系。
			</content>
		</dizhi>
	</dashizhenyan>
	<dashizhenyan id="8" name="贪狼">
		<dizhi id="0">
			<content id="1">多酒肉朋友，同您一条心的朋友极少，多数是放荡贪欲的人。兄弟适合分居或聚少离多，否则必生纠纷，或者会与父母意见不合而离家者。/n兄弟姊妹或会有三人，能和睦相处。兄弟姊妹好动而性情难明，各自谋生发展、少聚反而会亲情浓厚，否则会不和。
			</content>
			<content id="2">多酒肉朋友，同您一条心的朋友极少，多数是放荡贪欲的人。兄弟适合分居或聚少离多，否则必生纠纷，或者会与父母意见不合而离家者。/n兄弟姊妹或会有三人，与他们关系不和。
			</content>
		</dizhi>
		<dizhi id="1">
			<content id="1"></content>
			<content id="2"></content>
		</dizhi>
		<dizhi id="2">
			<content id="1">多酒肉朋友，同您一条心的朋友极少，多数是放荡贪欲的人。兄弟适合分居或聚少离多，否则必生纠纷，或者会与父母意见不合而离家者。/n兄弟姊妹或会有二人，和睦互助。兄弟在外风光，欲望大、喜吃喝玩乐、好动而聚少离多。
			</content>
			<content id="2">多酒肉朋友，同您一条心的朋友极少，多数是放荡贪欲的人。兄弟适合分居或聚少离多，否则必生纠纷，或者会与父母意见不合而离家者。/n兄弟姊妹或会有二人，多争执是非，刑克容易受伤，适合分居。兄弟在外风光，欲望大、喜吃喝玩乐、好动而聚少离多。
			</content>
		</dizhi>
		<dizhi id="3">
			<content id="1"></content>
			<content id="2"></content>
		</dizhi>
		<dizhi id="4">
			<content id="1">多酒肉朋友，同您一条心的朋友极少，多数是放荡贪欲的人。兄弟适合分居或聚少离多，否则必生纠纷，或者会与父母意见不合而离家者。/n兄弟姊妹或会有三人，能和睦相处。兄弟有才干，勤劳外向，作事犹豫不决，具酒色财气，横发横破。
			</content>
			<content id="2">多酒肉朋友，同您一条心的朋友极少，多数是放荡贪欲的人。兄弟适合分居或聚少离多，否则必生纠纷，或者会与父母意见不合而离家者。/n兄弟姊妹或会有三人，多有争执不和。兄弟有才干，勤劳外向，作事犹豫不决，具酒色财气，横发横破。
			</content>
		</dizhi>
		<dizhi id="5">
			<content id="1">多酒肉朋友，同您一条心的朋友极少，多数是放荡贪欲的人。兄弟适合分居或聚少离多，否则必生纠纷，或者会与父母意见不合而离家者。/n兄弟姊妹或会一、二人，或有同父异母兄弟姊妹。
			</content>
			<content id="2">多酒肉朋友，同您一条心的朋友极少，多数是放荡贪欲的人。兄弟适合分居或聚少离多，否则必生纠纷，或者会与父母意见不合而离家者。/n兄弟姊妹或会一、二人，或有同父异母兄弟姊妹。各怀异心，或生怨恨，兄弟各在一方发展。
			</content>
		</dizhi>
		<dizhi id="6">
			<content id="1">多酒肉朋友，同您一条心的朋友极少，多数是放荡贪欲的人。兄弟适合分居或聚少离多，否则必生纠纷，或者会与父母意见不合而离家者。/n兄弟姊妹或会有三人，能和睦相处。兄弟姊妹好动而性情难明，各自谋生发展、少聚反而会亲情浓厚，否则会不和。
			</content>
			<content id="2"></content>
		</dizhi>
		<dizhi id="7">
			<content id="1"></content>
			<content id="2"></content>
		</dizhi>
		<dizhi id="8">
			<content id="1">多酒肉朋友，同您一条心的朋友极少，多数是放荡贪欲的人。兄弟适合分居或聚少离多，否则必生纠纷，或者会与父母意见不合而离家者。/n兄弟姊妹或会有二人，和睦互助。兄弟在外风光，欲望大、喜吃喝玩乐、好动而聚少离多。
			</content>
			<content id="2">多酒肉朋友，同您一条心的朋友极少，多数是放荡贪欲的人。兄弟适合分居或聚少离多，否则必生纠纷，或者会与父母意见不合而离家者。/n兄弟姊妹或会有二人，多争执是非，刑克容易受伤，适合分居。兄弟在外风光，欲望大、喜吃喝玩乐、好动而聚少离多。
			</content>
		</dizhi>
		<dizhi id="9">
			<content id="1"></content>
			<content id="2"></content>
		</dizhi>
		<dizhi id="10">
			<content id="1">多酒肉朋友，同您一条心的朋友极少，多数是放荡贪欲的人。兄弟适合分居或聚少离多，否则必生纠纷，或者会与父母意见不合而离家者。/n兄弟姊妹或会有三人，能和睦相处。兄弟有才干，勤劳外向，作事犹豫不决，具酒色财气，横发横破。
			</content>
			<content id="2">多酒肉朋友，同您一条心的朋友极少，多数是放荡贪欲的人。兄弟适合分居或聚少离多，否则必生纠纷，或者会与父母意见不合而离家者。/n兄弟姊妹或会有三人，多有争执不和。兄弟有才干，勤劳外向，作事犹豫不决，具酒色财气，横发横破。
			</content>
		</dizhi>
		<dizhi id="11">
			<content id="1">多酒肉朋友，同您一条心的朋友极少，多数是放荡贪欲的人。兄弟适合分居或聚少离多，否则必生纠纷，或者会与父母意见不合而离家者。/n兄弟姊妹或会一、二人，或有同父异母兄弟姊妹。
			</content>
			<content id="2">多酒肉朋友，同您一条心的朋友极少，多数是放荡贪欲的人。兄弟适合分居或聚少离多，否则必生纠纷，或者会与父母意见不合而离家者。/n兄弟姊妹或会一、二人，或有同父异母兄弟姊妹。各怀异心，或生怨恨，兄弟各在一方发展。
			</content>
		</dizhi>
	</dashizhenyan>
	<dashizhenyan id="9" name="巨门">
		<dizhi id="0">
			<content id="1">兄弟姊妹参商，不和睦，多口舌纠纷，多意见分歧，无情义，或暗中捣乱，兄弟中有傲慢和能言善辩的人。/n兄弟姊妹或会有二人，相处不融洽，感情平淡，但也能为您提供帮助。
			</content>
			<content id="2">兄弟姊妹参商，不和睦，多口舌纠纷，多意见分歧，无情义，或暗中捣乱，兄弟中有傲慢和能言善辩的人。/n兄弟姊妹或会有二人，相处不融洽，不同心，多争执是非，或兄弟多病灾、夭折。
			</content>
		</dizhi>
		<dizhi id="1">
			<content id="1"></content>
			<content id="2"></content>
		</dizhi>
		<dizhi id="2">
			<content id="1"></content>
			<content id="2"></content>
		</dizhi>
		<dizhi id="3">
			<content id="1"></content>
			<content id="2"></content>
		</dizhi>
		<dizhi id="4">
			<content id="1">兄弟姊妹参商，不和睦，多口舌纠纷，多意见分歧，无情义，或暗中捣乱，兄弟中有傲慢和能言善辩的人。/n兄弟姊妹或会有一人，不和，兄弟姊妹没义气、多是非纠纷。兄弟姊妹虽然有成就，但感情仍平淡。
			</content>
			<content id="2">兄弟姊妹参商，不和睦，多口舌纠纷，多意见分歧，无情义，或暗中捣乱，兄弟中有傲慢和能言善辩的人。/n兄弟姊妹或会有一人，或无兄弟姊妹，有也是多纷争、夭折。不和，兄弟姊妹没义气、多是非纠纷，适合分居。
			</content>
		</dizhi>
		<dizhi id="5">
			<content id="1">兄弟姊妹参商，不和睦，多口舌纠纷，多意见分歧，无情义，或暗中捣乱，兄弟中有傲慢和能言善辩的人。/n兄弟姊妹或会一、二人，相处不和，不能为您提供助力，感情平淡。
			</content>
			<content id="2">兄弟姊妹参商，不和睦，多口舌纠纷，多意见分歧，无情义，或暗中捣乱，兄弟中有傲慢和能言善辩的人。/n兄弟姊妹或会一、二人，相处不和，不能为您提供助力，多是非、分歧和争执，适合分居，有刑克或纠纷、词讼。
			</content>
		</dizhi>
		<dizhi id="6">
			<content id="1">兄弟姊妹参商，不和睦，多口舌纠纷，多意见分歧，无情义，或暗中捣乱，兄弟中有傲慢和能言善辩的人。/n兄弟姊妹或会有二人，相处不融洽，感情平淡，但也能为您提供帮助。
			</content>
			<content id="2">兄弟姊妹参商，不和睦，多口舌纠纷，多意见分歧，无情义，或暗中捣乱，兄弟中有傲慢和能言善辩的人。/n兄弟姊妹或会有二人，相处不融洽，不同心，多争执是非，或兄弟多病灾、夭折。
			</content>
		</dizhi>
		<dizhi id="7">
			<content id="1"></content>
			<content id="2"></content>
		</dizhi>
		<dizhi id="8">
			<content id="1"></content>
			<content id="2"></content>
		</dizhi>
		<dizhi id="9">
			<content id="1"></content>
			<content id="2"></content>
		</dizhi>
		<dizhi id="10">
			<content id="1">兄弟姊妹参商，不和睦，多口舌纠纷，多意见分歧，无情义，或暗中捣乱，兄弟中有傲慢和能言善辩的人。/n兄弟姊妹或会有一人，不和，兄弟姊妹没义气、多是非纠纷。兄弟姊妹虽然有成就，但感情仍平淡。
			</content>
			<content id="2">兄弟姊妹参商，不和睦，多口舌纠纷，多意见分歧，无情义，或暗中捣乱，兄弟中有傲慢和能言善辩的人。/n兄弟姊妹或会有一人，或无兄弟姊妹，有也是多纷争、夭折。不和，兄弟姊妹没义气、多是非纠纷，适合分居。
			</content>
		</dizhi>
		<dizhi id="11">
			<content id="1">兄弟姊妹参商，不和睦，多口舌纠纷，多意见分歧，无情义，或暗中捣乱，兄弟中有傲慢和能言善辩的人。/n兄弟姊妹或会一、二人，相处不和，不能为您提供助力，感情平淡。
			</content>
			<content id="2">兄弟姊妹参商，不和睦，多口舌纠纷，多意见分歧，无情义，或暗中捣乱，兄弟中有傲慢和能言善辩的人。/n兄弟姊妹或会一、二人，相处不和，不能为您提供助力，多是非、分歧和争执，适合分居，有刑克或纠纷、词讼。
			</content>
		</dizhi>
	</dashizhenyan>
	<dashizhenyan id="10" name="天相">
		<dizhi id="0">
			<content id="1"></content>
			<content id="2"></content>
		</dizhi>
		<dizhi id="1">
			<content id="1">兄弟姊妹不多，但很有情义，温和慈祥，互相关照，可信赖。/n兄弟姊妹或会有三人，能和睦相处，为您提供助力。
			</content>
			<content id="2">兄弟姊妹不多，但很有情义，温和慈祥，互相关照，可信赖。/n兄弟姊妹或会有三人，关系欠和，容易有刑灾。
			</content>
		</dizhi>
		<dizhi id="2">
			<content id="1"></content>
			<content id="2"></content>
		</dizhi>
		<dizhi id="3">
			<content id="1">兄弟姊妹不多，但很有情义，温和慈祥，互相关照，可信赖。/n兄弟姊妹或会有二人，能和睦相处，感情深厚。
			</content>
			<content id="2">兄弟姊妹不多，但很有情义，温和慈祥，互相关照，可信赖。/n兄弟姊妹或会有二人，多纠纷或兄弟有灾病，不和。
			</content>
		</dizhi>
		<dizhi id="4">
			<content id="1"></content>
			<content id="2"></content>
		</dizhi>
		<dizhi id="5">
			<content id="1">兄弟姊妹不多，但很有情义，温和慈祥，互相关照，可信赖。/n兄弟姊妹或会有二人，能和睦相处，感情深厚。
			</content>
			<content id="2">兄弟姊妹不多，但很有情义，温和慈祥，互相关照，可信赖。/n兄弟姊妹或会有二人，多纠纷或兄弟有灾病，不和。
			</content>
		</dizhi>
		<dizhi id="6">
			<content id="1"></content>
			<content id="2"></content>
		</dizhi>
		<dizhi id="7">
			<content id="1">兄弟姊妹不多，但很有情义，温和慈祥，互相关照，可信赖。/n兄弟姊妹或会有三人，能和睦相处，为您提供助力。
			</content>
			<content id="2">兄弟姊妹不多，但很有情义，温和慈祥，互相关照，可信赖。/n兄弟姊妹或会有三人，关系欠和，容易有刑灾。
			</content>
		</dizhi>
		<dizhi id="8">
			<content id="1"></content>
			<content id="2"></content>
		</dizhi>
		<dizhi id="9">
			<content id="1">兄弟姊妹不多，但很有情义，温和慈祥，互相关照，可信赖。/n兄弟姊妹或会有二人，能和睦相处，感情深厚。
			</content>
			<content id="2">兄弟姊妹不多，但很有情义，温和慈祥，互相关照，可信赖。/n兄弟姊妹或会有二人，多纠纷或兄弟有灾病，不和。
			</content>
		</dizhi>
		<dizhi id="10">
			<content id="1"></content>
			<content id="2"></content>
		</dizhi>
		<dizhi id="11">
			<content id="1">兄弟姊妹不多，但很有情义，温和慈祥，互相关照，可信赖。/n兄弟姊妹或会有二人，能和睦相处，感情深厚。
			</content>
			<content id="2">兄弟姊妹不多，但很有情义，温和慈祥，互相关照，可信赖。/n兄弟姊妹或会有二人，多纠纷或兄弟有灾病，不和。
			</content>
		</dizhi>
	</dashizhenyan>
	<dashizhenyan id="11" name="天梁">
		<dizhi id="0">
			<content id="1">兄弟姊妹宽宏大量，温和，不与人计较。天梁主孤，代表兄弟稀少，且不适宜合伙创业。/n兄弟姊妹或会有二人，和谐互助，感情深厚。
			</content>
			<content id="2">兄弟姊妹宽宏大量，温和，不与人计较。天梁主孤，代表兄弟稀少，且不适宜合伙创业。/n兄弟姊妹或会有二人，不和，容易闹矛盾。
			</content>
		</dizhi>
		<dizhi id="1">
			<content id="1">兄弟姊妹宽宏大量，温和，不与人计较。天梁主孤，代表兄弟稀少，且不适宜合伙创业。/n兄弟姊妹或会有二人，和谐互助，感情深厚。
			</content>
			<content id="2">兄弟姊妹宽宏大量，温和，不与人计较。天梁主孤，代表兄弟稀少，且不适宜合伙创业。/n兄弟姊妹或会有二人，和谐互助，感情深厚。
			</content>
		</dizhi>
		<dizhi id="2">
			<content id="1"></content>
			<content id="2"></content>
		</dizhi>
		<dizhi id="3">
			<content id="1"></content>
			<content id="2"></content>
		</dizhi>
		<dizhi id="4">
			<content id="1"></content>
			<content id="2"></content>
		</dizhi>
		<dizhi id="5">
			<content id="1">兄弟姊妹宽宏大量，温和，不与人计较。天梁主孤，代表兄弟稀少，且不适宜合伙创业。/n兄弟姊妹或只有一人，或多为姐妹，如若您是独生子女较好，兄弟姊妹多了反会不和。
			</content>
			<content id="2">兄弟姊妹宽宏大量，温和，不与人计较。天梁主孤，代表兄弟稀少，且不适宜合伙创业。/n兄弟姊妹或只有一人，或多为姐妹，相处不和睦。
			</content>
		</dizhi>
		<dizhi id="6">
			<content id="1">兄弟姊妹宽宏大量，温和，不与人计较。天梁主孤，代表兄弟稀少，且不适宜合伙创业。/n兄弟姊妹或会有二人，和谐互助，感情深厚。
			</content>
			<content id="2">兄弟姊妹宽宏大量，温和，不与人计较。天梁主孤，代表兄弟稀少，且不适宜合伙创业。/n兄弟姊妹或会有二人，不和，容易闹矛盾。
			</content>
		</dizhi>
		<dizhi id="7">
			<content id="1">兄弟姊妹宽宏大量，温和，不与人计较。天梁主孤，代表兄弟稀少，且不适宜合伙创业。/n兄弟姊妹或会有二人，和谐互助，感情深厚。
			</content>
			<content id="2">兄弟姊妹宽宏大量，温和，不与人计较。天梁主孤，代表兄弟稀少，且不适宜合伙创业。/n兄弟姊妹或会有二人，和谐互助，感情深厚。
			</content>
		</dizhi>
		<dizhi id="8">
			<content id="1"></content>
			<content id="2"></content>
		</dizhi>
		<dizhi id="9">
			<content id="1"></content>
			<content id="2"></content>
		</dizhi>
		<dizhi id="10">
			<content id="1"></content>
			<content id="2"></content>
		</dizhi>
		<dizhi id="11">
			<content id="1">兄弟姊妹宽宏大量，温和，不与人计较。天梁主孤，代表兄弟稀少，且不适宜合伙创业。/n兄弟姊妹或只有一人，或多为姐妹，如若您是独生子女较好，兄弟姊妹多了反会不和。
			</content>
			<content id="2">兄弟姊妹宽宏大量，温和，不与人计较。天梁主孤，代表兄弟稀少，且不适宜合伙创业。/n兄弟姊妹或只有一人，或多为姐妹，相处不和睦。
			</content>
		</dizhi>
	</dashizhenyan>
	<dashizhenyan id="12" name="七杀">
		<dizhi id="0">
			<content id="1">骨肉参商，一般兄弟较少，缘份薄，背面不相亲，且各散西东，不常在一起，助力小。兄弟胆大，体弱多病、急躁孤僻。/n兄弟姊妹或会有一至二人，相处还算和睦。
			</content>
			<content id="2">骨肉参商，一般兄弟较少，缘份薄，背面不相亲，且各散西东，不常在一起，助力小。兄弟胆大，体弱多病、急躁孤僻。/n兄弟姊妹或会有一至二人，容易闹矛盾，争执纠纷。
			</content>
		</dizhi>
		<dizhi id="1">
			<content id="1"></content>
			<content id="2"></content>
		</dizhi>
		<dizhi id="2">
			<content id="1">骨肉参商，一般兄弟较少，缘份薄，背面不相亲，且各散西东，不常在一起，助力小。兄弟胆大，体弱多病、急躁孤僻。/n兄弟姊妹或会有一至二人，相处还算和睦，质量优良，彼此友善，但却较疏远，兄弟各一方发展。
			</content>
			<content id="2">骨肉参商，一般兄弟较少，缘份薄，背面不相亲，且各散西东，不常在一起，助力小。兄弟胆大，体弱多病、急躁孤僻。/n兄弟姊妹或会有一至二人，容易闹矛盾，刑克孤单，争执纠纷。
			</content>
		</dizhi>
		<dizhi id="3">
			<content id="1"></content>
			<content id="2"></content>
		</dizhi>
		<dizhi id="4">
			<content id="1">骨肉参商，一般兄弟较少，缘份薄，背面不相亲，且各散西东，不常在一起，助力小。兄弟胆大，体弱多病、急躁孤僻。/n兄弟姊妹或会有一至二人，姐妹较多，兄弟姊妹能富贵，和睦相助。
			</content>
			<content id="2">骨肉参商，一般兄弟较少，缘份薄，背面不相亲，且各散西东，不常在一起，助力小。兄弟胆大，体弱多病、急躁孤僻。/n兄弟姊妹或会有一至二人，较为孤单，相处不和睦，或多病灾。
			</content>
		</dizhi>
		<dizhi id="5">
			<content id="1"></content>
			<content id="2"></content>
		</dizhi>
		<dizhi id="6">
			<content id="1">骨肉参商，一般兄弟较少，缘份薄，背面不相亲，且各散西东，不常在一起，助力小。兄弟胆大，体弱多病、急躁孤僻。/n兄弟姊妹或会有一至二人，相处还算和睦。
			</content>
			<content id="2">骨肉参商，一般兄弟较少，缘份薄，背面不相亲，且各散西东，不常在一起，助力小。兄弟胆大，体弱多病、急躁孤僻。/n兄弟姊妹或会有一至二人，容易闹矛盾，争执纠纷。
			</content>
		</dizhi>
		<dizhi id="7">
			<content id="1"></content>
			<content id="2"></content>
		</dizhi>
		<dizhi id="8">
			<content id="1">骨肉参商，一般兄弟较少，缘份薄，背面不相亲，且各散西东，不常在一起，助力小。兄弟胆大，体弱多病、急躁孤僻。/n兄弟姊妹或会有一至二人，相处还算和睦，质量优良，彼此友善，但却较疏远，兄弟各一方发展。
			</content>
			<content id="2">骨肉参商，一般兄弟较少，缘份薄，背面不相亲，且各散西东，不常在一起，助力小。兄弟胆大，体弱多病、急躁孤僻。/n兄弟姊妹或会有一至二人，容易闹矛盾，刑克孤单，争执纠纷。
			</content>
		</dizhi>
		<dizhi id="9">
			<content id="1"></content>
			<content id="2"></content>
		</dizhi>
		<dizhi id="10">
			<content id="1">骨肉参商，一般兄弟较少，缘份薄，背面不相亲，且各散西东，不常在一起，助力小。兄弟胆大，体弱多病、急躁孤僻。/n兄弟姊妹或会有一至二人，姐妹较多，兄弟姊妹能富贵，和睦相助。
			</content>
			<content id="2">骨肉参商，一般兄弟较少，缘份薄，背面不相亲，且各散西东，不常在一起，助力小。兄弟胆大，体弱多病、急躁孤僻。/n兄弟姊妹或会有一至二人，较为孤单，相处不和睦，或多病灾。
			</content>
		</dizhi>
		<dizhi id="11">
			<content id="1"></content>
			<content id="2"></content>
		</dizhi>
	</dashizhenyan>
	<dashizhenyan id="13" name="破军">
		<dizhi id="0">
			<content id="1">兄弟姊妹各怀己见，互不相容，骨肉参商，手足薄情，有兄弟也分居、远离，不能互相帮助，自己多非居长，不利于兄姐。兄弟性情暴躁，怪僻多变。/n兄弟姊妹少，相处还算和睦。
			</content>
			<content id="2">兄弟姊妹各怀己见，互不相容，骨肉参商，手足薄情，有兄弟也分居、远离，不能互相帮助，自己多非居长，不利于兄姐。兄弟性情暴躁，怪僻多变。/n兄弟姊妹少，或无兄弟姊妹，有则刑克不和，容易闹矛盾。
			</content>
		</dizhi>
		<dizhi id="1">
			<content id="1"></content>
			<content id="2"></content>
		</dizhi>
		<dizhi id="2">
			<content id="1">兄弟姊妹各怀己见，互不相容，骨肉参商，手足薄情，有兄弟也分居、远离，不能互相帮助，自己多非居长，不利于兄姐。兄弟性情暴躁，怪僻多变。/n兄弟姊妹年纪差距很大，自己可能是长子或长女，否则对兄姐有刑克，容易闹矛盾。
			</content>
			<content id="2">兄弟姊妹各怀己见，互不相容，骨肉参商，手足薄情，有兄弟也分居、远离，不能互相帮助，自己多非居长，不利于兄姐。兄弟性情暴躁，怪僻多变。/n兄弟姊妹年纪差距很大，自己可能是长子或长女，否则对兄姐有刑克，容易闹矛盾。
			</content>
		</dizhi>
		<dizhi id="3">
			<content id="1"></content>
			<content id="2"></content>
		</dizhi>
		<dizhi id="4">
			<content id="1">兄弟姊妹各怀己见，互不相容，骨肉参商，手足薄情，有兄弟也分居、远离，不能互相帮助，自己多非居长，不利于兄姐。兄弟性情暴躁，怪僻多变。/n兄弟姊妹或会有三人，自己很可能是长子或长女，能和睦相处。
			</content>
			<content id="2">兄弟姊妹各怀己见，互不相容，骨肉参商，手足薄情，有兄弟也分居、远离，不能互相帮助，自己多非居长，不利于兄姐。兄弟性情暴躁，怪僻多变。/n自己可能是独生子女，有兄弟姊妹会不和。
			</content>
		</dizhi>
		<dizhi id="5">
			<content id="1"></content>
			<content id="2"></content>
		</dizhi>
		<dizhi id="6">
			<content id="1">兄弟姊妹各怀己见，互不相容，骨肉参商，手足薄情，有兄弟也分居、远离，不能互相帮助，自己多非居长，不利于兄姐。兄弟性情暴躁，怪僻多变。/n兄弟姊妹少，相处还算和睦。
			</content>
			<content id="2">兄弟姊妹各怀己见，互不相容，骨肉参商，手足薄情，有兄弟也分居、远离，不能互相帮助，自己多非居长，不利于兄姐。兄弟性情暴躁，怪僻多变。/n兄弟姊妹少，或无兄弟姊妹，有则刑克不和，容易闹矛盾。
			</content>
		</dizhi>
		<dizhi id="7">
			<content id="1"></content>
			<content id="2"></content>
		</dizhi>
		<dizhi id="8">
			<content id="1">兄弟姊妹各怀己见，互不相容，骨肉参商，手足薄情，有兄弟也分居、远离，不能互相帮助，自己多非居长，不利于兄姐。兄弟性情暴躁，怪僻多变。/n兄弟姊妹年纪差距很大，自己可能是长子或长女，否则对兄姐有刑克，容易闹矛盾。
			</content>
			<content id="2">兄弟姊妹各怀己见，互不相容，骨肉参商，手足薄情，有兄弟也分居、远离，不能互相帮助，自己多非居长，不利于兄姐。兄弟性情暴躁，怪僻多变。/n兄弟姊妹年纪差距很大，自己可能是长子或长女，否则对兄姐有刑克，容易闹矛盾。
			</content>
		</dizhi>
		<dizhi id="9">
			<content id="1"></content>
			<content id="2"></content>
		</dizhi>
		<dizhi id="10">
			<content id="1">兄弟姊妹各怀己见，互不相容，骨肉参商，手足薄情，有兄弟也分居、远离，不能互相帮助，自己多非居长，不利于兄姐。兄弟性情暴躁，怪僻多变。/n兄弟姊妹或会有三人，自己很可能是长子或长女，能和睦相处。
			</content>
			<content id="2">兄弟姊妹各怀己见，互不相容，骨肉参商，手足薄情，有兄弟也分居、远离，不能互相帮助，自己多非居长，不利于兄姐。兄弟性情暴躁，怪僻多变。/n自己可能是独生子女，有兄弟姊妹会不和。
			</content>
		</dizhi>
		<dizhi id="11">
			<content id="1"></content>
			<content id="2"></content>
		</dizhi>
	</dashizhenyan>
</root>
