<?xml version="1.0" encoding="UTF-8"?>
<root><xingdi id="0" name="紫微星入命宫"><youdian>稳健自重，富管理能力，反应快</youdian><quedian>主观强、好弄权，容易听信谗言</quedian><fenxi>您的管理理能力不错，只要学有专长，很快能在职场上崭露头角，您也是一位自尊心强、十分自负、爱面子又很容易受到周遭环境所影响的人。
事业心重，有才华，头脑聪敏、反应快，有领导能力，喜欢受人重视，也喜欢掌控人，爱争强好胜，且疑心病重，精神易孤独，抗压能力比较差，一旦受到打击，比较容易气馁。
所以，修心对于您来说非常重要，面对工作压力和环境的影响，需要及时调整心态，勇敢面对挑战。</fenxi></xingdi><xingdi id="1" name="天机星入命宫"><youdian>敏锐、富观察力，善谋而理智</youdian><quedian>喜新厌旧、太爱争辩、好逞强</quedian><fenxi>您是一位心地善良，聪明而有谋略，能够以智取胜的人，企划与组织能力强，好奇心重，富于研究精神，多才多艺且精明能干，反应快，是很好的军师人才。
个性强、善变，而且得理不饶人，喜欢逞口舌之快，所以有时容易得罪人，稍微有些神经质，也容易多愁善感。
所以，神经过敏的您要学会控制自己的情绪，对人对事要注意合理处理，要学会宽容。</fenxi></xingdi><xingdi id="2" name="太阳星入命宫"><youdian>热情慷慨、孝顺顾家</youdian><quedian>个性冲动、缺乏耐性</quedian><fenxi>您是一位慷慨仁慈、自尊心强、事业心重，很有好胜心及不服输的人，个性洒脱、不拘小节，喜欢照顾弱小、体力充沛、热爱运动，是闲不住的劳碌命。
能从工作中得到成就感是您最快意的事，不过，容易急躁冲动，很怕别人唠叨，而且耐性欠佳，难免招非惹是。
所以，您应该要学会控制自己的情绪，切忌心浮气躁，多点耐心将会为您带来更多好处。</fenxi></xingdi><xingdi id="3" name="武曲星入命宫"><youdian>刚毅务实、重诚信、度量大</youdian><quedian>严肃拘谨、急躁易怒、主观</quedian><fenxi>您的个性刚强、有魄力、有正义感，做事明快，企图心强，能吃苦耐劳，而且相当务实，虽然很重视金钱，会为赚钱打拼，但却不是势利眼，也不喜欢虚情假意的敷衍人。
比较急躁，容易冲动，主观强，在陌生人面前比较不善于自我表达，也不太善于跟人打交道，聪明而富学习力，记忆力不错，在职场上灵活机动，情场上却浪漫不足。
所以，您倔强固执的脾气要收敛一下，为人处事过于倔强并一定是件好事，读一些社交礼仪和沟通技巧的书籍将会对您很有帮助。</fenxi></xingdi><xingdi id="4" name="天同星入命宫"><youdian>温和圆融、慷慨仁慈、很有同情心</youdian><quedian>缺乏主见、依赖心重，易感情用事</quedian><fenxi>您是位性情敦厚善良、乐于助人、乐天知命、与世无争的人。思虑周密、谦虚和霭、善解人意、聪明、有艺术天份，很容易跟人打成一片，比较安于现状，个性不够积极，缺乏决断力。
情绪多变、爱面子，感情丰富，不善于拒绝别人，容易为情所困，也容易误交损友。
所以，做惯老好人的您缺乏主见，容易逆来顺受，您需要认真思考自身利益情况，做事要理性果断。</fenxi></xingdi><xingdi id="5" name="廉贞星入命宫"><youdian>聪明幽默、具亲和力、长于公关。</youdian><quedian>多疑善妒、心胸狭隘、钻牛角尖。</quedian><fenxi>您是一位个性执着、爱恨分明、聪明灵活，善于操弄他人感情的人，个性有两极化的趋势。敏感、多情、有亲和力，公关能力一把罩，只要您高兴，以您灵活的交际手腕，让人对您服服贴贴绝非难事，但您有时偏偏就很死心眼，爱钻牛角尖，容易作茧自缚。
您很有管理能力，事情的轻重缓急也拿捏得宜，只是疑心病很重，常常自以为是，而且死要爱子，谁要是得罪您这个整人专家，那就有得受的了。
所以，您需要控制好自己的情绪，修心养性，自己遇到问题可以多与朋友交流，拓展自己的思路。</fenxi></xingdi><xingdi id="6" name="天府星入命宫"><youdian>慎谋能断、老成持重、机灵</youdian><quedian>自负霸道、急躁、太爱逞强</quedian><fenxi>您是位外表稳重，看起来挺有派头的人，很有管理能力，也蛮自负的，爱面子、重形象，也有些咄咄逼人的架式，虽然平时看起来很温和圆融，发起飙来可就让人领教到您的厉害啦！
您的头脑精明、反应快，兴趣广泛，很有上进心，而且做什么像什么，有板有眼的，口福相当不错，常常有机会吃香喝辣，也蛮有危机意识的，是位理财高手，而且在投资理财上很有概念，绝不打没有把握的仗，是个很务实的人。
所以，您其实有点很多，可能问题在于遇到问题会随遇而安，大事化小，也许这并不算什么大问题，只是这样的性格会不会让您失去利益或者争取不到本应该属于您的东西，这就值得您去反思了。</fenxi></xingdi><xingdi id="7" name="太阴星入命宫"><youdian>谦和冷静、细腻重感情</youdian><quedian>魄力稍不足、易情绪化</quedian><fenxi>您是一位心思细腻、温和善良，爱家庭、重感情的人，个性不够积极，观察力很敏锐，颇富创意，喜欢追求浪漫富情趣的生活，很有艺术才华，尤其是诗歌、文学、美术、音乐方面，一切美的事务您都很感兴趣，很爱干净，重视仪表，会有某种程度的洁癖。
您非常小心谨慎，很能体谅别人的处境，并感同身受，仁慈而守信，人缘相当不错，不过，有时却很“斤斤计较、不够爽快”。
所以，您有点多愁善感，遇到问题会逃避现实，多多加强自己的决策能力，其实您是有想法有主见的人，为什么不让自己的想法付诸行动呢？</fenxi></xingdi><xingdi id="8" name="贪狼星入命宫"><youdian>聪明念旧、多才多艺、很有亲和力</youdian><quedian>占有欲强、好高骛远、很容易妒忌</quedian><fenxi>您是个头脑精明、能言善道，很有亲和力，处事能力强，个性主观又强势，善于表现，富有学习力，且兴趣相当广泛之人，喜欢追逐时尚，饶富才艺，只是欠缺恒心，容易半途而废，常常是多学而少精，也会有夸大渲染的习性。
您的感情丰富，对异性体贴、细心，但不容易专情，对婚姻生活有很高的期待，是个标准的醋坛子，喜欢搜集一些有的没的，不过，对于新事物虽有收集的雅好，但也不会抛弃旧有的收藏品，喜新不厌旧，有贪得无厌的倾向，交际手腕圆滑，能面面俱到，聪明多变，有时很难让人理解。
所以，您需要收心养性，加强对于事物的研究力度，懂得的事物多固然是好，但精通事物，对其有深刻的认识和见解更为重要。</fenxi></xingdi><xingdi id="9" name="巨门星入命宫"><youdian>谨慎而冷静、内敛而细腻，处逆境时耐力足</youdian><quedian>个性反覆不定，多疑，言辞尖锐，过于主观</quedian><fenxi>您是个头脑冷静、精明、观察力细腻，自尊心强又主观，而且外表有几分冷漠，让人有不容易亲近的感觉。
生性多疑，常会疑神疑鬼的，加上非常细心敏感，所以经常会独来独往，少有知心的朋友，因为很善于保护自己，自尊心又强，亲和力较不足，平常虽然沉静不多话，但是一旦开口却常语出惊人，过于直接而尖锐，让人难以招架，故而常惹是非，容易遭小人。
所以，您最大问题是不懂交际，建议看看社交技巧和沟通技巧的书，相信对您会有帮助。</fenxi></xingdi><xingdi id="10" name="天相星入命宫"><youdian>聪敏热诚、富亲和力，念旧、重感情</youdian><quedian>爱挑剔、主观强，好管闲事、爱面子</quedian><fenxi>您的个性温柔敦厚、热情善良，不善于拒绝人，坦率忠诚，很有服务精神。头脑聪明，很有创意，相当重视仪表，对于吃、穿都很讲究，重视物质享受，爱面子，很在意别人的批评，喜欢替人排解纠纷，慷慨随和，是闲不住的劳碌命。
相当有牺牲奉献的精神，有时候稍嫌没原则，容易成为滥好人，因为您心肠软又经不起别人的纠缠，而且有时候会热心过头，让人觉得您有些好管闲事。
所以，您需要加强自己的判断能力和心性，学会看人看事，有些时候并不是好人就能让您一切顺利，过于善良有的时候会苦了自己。</fenxi></xingdi><xingdi id="11" name="天梁星入命宫"><youdian>稳重谦和，善分析策划，思虑周详</youdian><quedian>孤傲自负、固执又主观、争权好辩</quedian><fenxi>您是个聪明正直而稳重的人，心地善良、有同情心、分析能力强，而且思虑周密反应快，又善于分析策划，是个很有谋略，十分有亲和力也颇有老人缘的人，虽然外表看起来老成严肃，但是话匣子一开就没完没了，很善于谈天说地的，也是个杠子头。
主观强又固执，如果谁要与您争辩，肯定是要辩到他投降认输，您有些爱耍老大的个性，喜欢照顾人，但只要不犯到您的忌讳，基本上是蛮好相处的，您也很有研究精神，喜欢动脑子，也很喜欢研究宗教哲理。
所以，对您来说固执的牛脾气要改一下，坚持是好的，但过于坚持就不是好事，您分析能力是可以的，知道自己错误的时候要放下您的面子，承认错误需要更大的勇气。</fenxi></xingdi><xingdi id="12" name="七杀星入命宫"><youdian>聪敏理智、慎谋能断、智勇双全。</youdian><quedian>急躁叛逆、反覆无常、霸道强势。</quedian><fenxi>个性刚强好胜，很有谋略与企划能力，头脑冷静，喜欢挑战权威，行事果断、精力充沛、正直坦率，能自我鞭策惕厉，具有爆发力与竞争力，不怕失败与挫折，能再接再励且愈挫愈勇之人。
思想敏锐、独断独行，也很富有学习力，有些爱逞强，脾气反覆无常，让人难以捉摸，双重个性，外冷内热，很主观也很强势。
所以，您在情绪控制上就要下点功夫，克制自己的臭脾气，待人真诚热情一点，这对于您做人做事都会有很大的帮助。</fenxi></xingdi><xingdi id="13" name="破军星入命宫"><youdian>观念先进，具有开创力，慷慨有魄力</youdian><quedian>既多疑、又善变、太情绪化、没口德</quedian><fenxi>非常具有行动力，富好奇心，思想前卫有创意，个性倔强，性格善变，疑心病很重，喜欢求新求变的完美主义者，容易情绪化，急躁、没耐心，头脑聪明，善妒又自负，喜欢挑战权威，善于投机冒险。
刚强、好面子且不服输，不喜欢受拘束，骂人时不留情面，翻脸比翻书还快，感情复杂，敢爱敢恨，具有破坏力及杀伤力。
所以，您需要好好控制自己的情绪，做事需要思前想后，要处理好人际关系，毕竟自己能力再强也需要交友合作。
</fenxi></xingdi><xingdi id="0#13" name="紫微星、破军星入命宫"><youdian>富有创意、勇于创新，有开创及冲劲</youdian><quedian>固执霸道、自负爱现，容易翻脸无情</quedian><fenxi>您是一位个性刚强好胜，爱面子，善于处理人际关系，并且重视外表形象的人，花起钱来面不改色，爱现又爱管闲事，占有欲强，所以难得有知心的朋友。
思想前卫，勇于接受新潮观念，还蛮有创意的，不过，在行事风格上相当特立独行，十分叛逆，又喜欢受人注视，表现欲也蛮强的，做事不墨守成规，感情生活也蛮复杂的，热得快也冷得快，情绪也复杂多变，而且心高气傲，很容易翻脸无情。
所以，对于您来说缺乏交友意识和团队意识。可能你会觉得自己能力够强就不需要朋友和团队合作，但没有知心朋友和团队合作，您将会获得非常累，是时候放低姿态去学习一下如何交朋友了。</fenxi></xingdi><xingdi id="0#6" name="紫微星、天府星入命宫"><youdian>稳重谨慎、聪明，富学习力，管理能力强</youdian><quedian>个性矛盾自负，很爱抓权，常喜欢耍老大</quedian><fenxi>您是一位自我期许颇高，有些孤芳自赏也十分自负的人。外表稳重，学习能力不错，很有企图心，管理能力不错，能掌权，缺点是不够谦虚，常常不能放下身段虚求教。
很喜欢文学、艺术活动，由于有些心高气傲加上眼高于顶，非常爱面子，所以有时候会有高不成低不就的尴尬，也容易有曲高和寡的现象，因为喜欢抓权，有老大心态，也很容易有孤独感，一生中贵人运还不错，能在奔波中求发展，个性急，求好心切，因此，蛮容易得罪人的。
所以，建议您放下您那高高在上的优越感，读一些关于沟通技巧的书，这将会很好地改善您的社交能力，对您工作生活都会有帮助。</fenxi></xingdi><xingdi id="0#8" name="紫微星、贪狼星入命宫"><youdian>多才多艺，善用人际关系，很会去表现自己</youdian><quedian>倔强固执，贪得无餍，眼高于顶，占有欲强</quedian><fenxi>您是位个性刚强好胜，聪明而活跃，善于交际，多才多艺，很有异性缘，也很能跟异性愉快相处的人。
喜欢新鲜刺激，也喜欢留连于风花雪月的场所，懂得营造气氛，长袖善舞，很会突显自己的优点而受到他人的重视，通常都会有一副体面的仪表或不错的长相，加上善于察颜观色又能言善道，很懂得抓住异性心理，一生中也常能受到异性的青睐而平步青云，占有欲强，但是只许自己风流快活，另一半可得要安份守己，会有教信仰，是个耐人寻味，难以理解的人。</fenxi></xingdi><xingdi id="0#10" name="紫微星、天相星入命宫"><youdian>稳健理性、谨慎有原则，有管理能力</youdian><quedian>固执、挑剔、很不知变通，不讲情面</quedian><fenxi>您是个重视仪表，很爱面子的人。热情、急公好义、爱管闲事，有些完美主义，对于穿着还蛮有品味的，平时虽然还算温和，很好相处，但个性中有很多自以为是、根深柢固的原则不容侵犯，要是翻起脸可是固执又不知变动，而且很不给人面子，翻脸比翻书还快，什么人的帐都不卖，也是个不服输的人。
而且也是闲不住的劳碌命，野心很大，不认命，常会觉得自己有志难伸，也不太容易交到知心朋友，朋友之间容易牵扯是非，有尔虞我诈的情形发生。
所以，您需要好好改一下您的脾气，多读一些社交和沟通技巧的书，这将会对您工作和生活都有好处。</fenxi></xingdi><xingdi id="0#12" name="紫微星、七杀星入命宫"><youdian>通权达变，有管理能力，人际关系佳</youdian><quedian>霸道主观、独断独行，喜欢发号施令</quedian><fenxi>您是个主观强，崇尚自由，不喜欢受到拘束，有些我行我素之人，比较会为自己着想，很会精打细算，管理能力不错，也喜欢发号施令，活动力强，权利欲望心也很强，是在家闲不住，喜欢往外跑，也喜欢结交能力强的朋友，人际关系不错，人面很广，各阶层的朋友都有。
如果您是男性，是颇有些大男人主义，茶来伸手，饭来张口，绝不会帮老婆做家事的；如果是女性，也会是个女性主义者，在事业上很有作为力，很会赚钱，耐操耐磨，且精明干练。
所以，您其实能力很强，但是我行我素并不是好事，需要加强社交礼仪方面的知识，这对于您工作和生活都会有帮助。</fenxi></xingdi><xingdi id="1#7" name="天机星、太阴星入命宫"><youdian>精明沉着、心思细腻、足智多谋</youdian><quedian>自私、很爱计较、善变、心机重</quedian><fenxi>您是个心思细密，头脑聪明，富观察力，善解人意，很会出主意的人。
异性缘不错，很会跟人拉关系套交情，能言善道，个性外向，在家闲不住，情绪不安定，缺乏定力，反应快，喜欢聊八卦，也喜欢打破砂锅问到底，很神经质，容易患得患失，缺乏创造力，只能替人在幕后出主意，管理能力欠佳，不适合创业当老板，却是很好的幕僚。
所以，您需要修心养性，调整自己的情绪，如果工作上有什么想法或见解可以勇敢说出来，发挥您思维活跃的优点对您工作上会有帮助。</fenxi></xingdi><xingdi id="1#9" name="天机星、巨门星入命宫"><youdian>聪明冷静、有谋略，具说服力，擅企划</youdian><quedian>主观、多疑、好计较，人际关系欠圆融</quedian><fenxi>您是位聪明且富研究精神，头脑灵活，思虑周延，具有随机应变的急智，比较没有耐性，很在意别人的感受，所以容易患得患失，常会心神不宁。
也是个闲不住的人，很有个性和主见，而且有绝佳的企划能力，缺点是铁齿，而且生性多疑，不容易相信别人，表达力欠佳，个性不够圆融，因亲和力不够，常常容易得罪人。
所以，您需要加强沟通能力，读一些沟通技巧的书，多与人交流，表达能力需要好好锻炼一下，交友要敞开心扉，这样才能交到知心好友。</fenxi></xingdi><xingdi id="1#11" name="天机星、天梁星入命宫"><youdian>心地善良、口才佳，组织企划能力强</youdian><quedian>个性孤僻、较没耐性，善妒、爱计较</quedian><fenxi>知识、见闻广博，很善于谈古说今，大伙儿在一起谈天说地，有您在的话绝不会冷场，脑筋聪明，相当的精明，观察力细腻，能洞悉问题的所在，分析能力强，也很善于组织企划，所谓运筹帷幄之中，决胜千里之外，您便是这种很好的军师人才。
很有学习力，对于宗教、哲理方面也会有所涉猎，只要专心去研究都能有很不错的成就，只不过您并不是很有耐性，常常只有三分钟热度，有时候心机蛮重的，难免让人觉得您有些自私自利。
所以，心机重和耐性不够是您的缺点，心机重其实是因为您看待事物太利益化，不肯吃亏，至于耐性不足您可以尝试坚持做一些您感兴趣的事，提高对事物的专注力。</fenxi></xingdi><xingdi id="2#7" name="太阳星、太阴星入命宫"><youdian>勤俭热心、心思细腻，有耐性、适应力强</youdian><quedian>情绪多变、忽冷忽热、私心较重、爱面子</quedian><fenxi>个性温和体贴，孝顺顾家，能吃苦耐劳，也蛮勤快的，聪明灵活，反应很快，而且能言善辩，好奇心重，很热心，喜欢管闲事，是个在家闲不住的人。
情绪变化起伏很大，对人有忽冷忽热的现象，让人难以捉摸，自己也很容易患得患失，常改变主意，不十分干脆，而且疑心病很重，又爱面子，很在意别人的观感，加上好胜心又强，常希望做得面面俱到，得到别人的赞美，所以会过的蛮累的。
所以，您需要调节您的情绪，对于日常处理的事物要多做总结经验，这对于控制情绪和处理事物都会有帮助。别太在乎别人的看法和自己面子，行动往往是改变别人对您观感的最好办法。</fenxi></xingdi><xingdi id="2#9" name="太阳星、巨门星入命宫"><youdian>忠实诚恳、有谋略应变力强，企图心旺</youdian><quedian>投机心态，多疑，讲话太直接容易伤人</quedian><fenxi>您是位企图心旺盛，待人诚恳，好奇心重，对各种活动都很积极的参与的人。在团体中喜欢居于领导地位，比较不能接受他人指挥，口才不错，但是心性耿直，常常会讲得太直率而得罪人，企划能力不错，观察力细腻，很爱面子，在意别人的观感，容易患得患失，还颇有语言天赋，宜多学习外语。
应变能力不错，可以从事竞争性高的工作，此外，个性刚强，不服输，能因自身的努力而在事业上有成就，缺点是有时候投机心比较重，也很在乎得失，会变得疑心病很重，是必须注意之处，有时候也会耐心不足。
所以，您需要加强沟通能力，多读一些社交礼仪和沟通技巧的书会对您有帮助。做事作为不能只考虑得失，目光要放远一点。</fenxi></xingdi><xingdi id="2#11" name="太阳星、天梁星入命宫"><youdian>喜欢照顾人，企划能力好，人际关系良好</youdian><quedian>个性急躁，喜欢耍大牌，口没遮拦招人怨</quedian><fenxi>个性开朗正直，很有同情心，不会坐视别人的困难，凡事都会很积极热心的参与，在团体活动中相当活跃，头脑不错也很有研究精神，并且口才佳，很有说服力，加上人际关系良好，通常都能在事业上有一番成就而受到肯定，也会有比较高的社会地位。
蛮孝顺顾家的，长辈缘不错，能受到长者的照顾和提拔，缺点是有时得理不饶人，个性有些急切躁进，又不愿受人指挥，让人觉得您喜欢耍老大，所以保持适度的热心就好，不要太爱管闲事。
所以，您的缺点是个性急躁，喜欢耍大牌，需要控制好自己的急躁性格，不让这会对您事业和生活都会造成很大的麻烦。</fenxi></xingdi><xingdi id="3#12" name="武曲星、七杀星入命宫"><youdian>积极进取，能坚持理念，忠于职守</youdian><quedian>主观强，固执不知变通、鲁莽急躁</quedian><fenxi>您是个相当主观、强势，情绪善变，性格有些矛盾的人。相当积极，能坚持自己的信念，有条不紊的处事态度，很能尽忠职守，外表看起来有些严肃，不容易亲近，急躁、讲义气，不向恶势力低头，耐操耐磨，对人的要求也很高，会有些咄咄逼人的态度。
重视钱财，会为了钱财而努力打拼，冲劲十足，不达目的绝不罢休，只要不冲过了头，以您不服输的精神是很容易成功的，只要能在个性上圆融一点，少一些鲁莽急躁，对人多一份信任，相信人际关系是会非常好的。
所以，您的缺点是固执不知变通、鲁莽急躁，需要控制好自己的急躁性格，多事多思前想后，相信您的事业和生活都会变得更加顺利。</fenxi></xingdi><xingdi id="3#10" name="武曲星、天相星入命宫"><youdian>聪明热心、严谨、善理财、自我要求很高</youdian><quedian>好管闲事，过份重视钱财，个性挑剔善变</quedian><fenxi>您是个头脑聪明、待人热心，很有服务精神的人，很有毅力与决心，是不会半途而废，能坚守工作岗位的人，对于金钱游戏很热中，很有理财概念，为了赚钱很有打拼精神的，表面上很温和稳健，其实内心刚强而且情绪多变，也很挑剔。
是完美主义，自我要求很高，也会用高标准来要求别人，很在意外表的形象，相当爱面子，优点是刚柔并济而且很踏实，缺点则是过份爱财，有时过于挑剔和尖锐，容易翻脸。
所以，过份爱财和过于挑剔这些缺点您是需要改的，利益最大化固然重要，但也需要细水长流，这次合作的小让步可能就是下次合作的开始，需要用发展的眼光去看世界。</fenxi></xingdi><xingdi id="3#13" name="武曲星、破军星入命宫"><youdian>勤奋、有企图心，人际关系好</youdian><quedian>固执好争、贪得无厌、爱面子</quedian><fenxi>您的个性坚强、主观强、不服输，人际关系不错，注重生活情趣，有旺盛的企图心，能为事业打拼，爱惜钱财，但未必很吝啬，是能将钱财运用在刀口上的人。
您爱热闹，很喜欢跟三五好友聚在一起吃吃喝喝，还蛮有亲和力的，在家闲不住，老爱往外跑，很念旧且惜缘，也蛮讲义气、爱面子，重视外表，管理能力不错，很有做生意的头脑，脑筋相当好，也很敢于表现自己的才华，但是年轻时比较刚强率性，容易遭受挫折，必须学习专长，多磨练自己的本事，将会受到赏识，只要不过份贪心，或是在理财上投机取巧，中晚年之后方可渐入佳境。
所以，您需要多多磨练自己，遭遇挫折多了自然会提升自己的个人能力，轻松处理各种问题。</fenxi></xingdi><xingdi id="3#6" name="武曲星、天府星入命宫"><youdian>内敛、沉稳、有魄力，有领导及经营能力</youdian><quedian>急躁、短视、固执、鸭霸、易太急功近利</quedian><fenxi>您是个头脑精明，有企图心、管理能力极佳，才华洋溢，允文允武之人，领导能力也不错，相当稳健有气魄，能负责任也很讲义气的人。您有谋略，常能突破困境得以表现，也喜欢自我表现，很有竞争力，兴趣广泛，很有学习精神，通常都能做什么像什么，绝非泛泛之辈。
您也是位工作狂，在家闲不住，没事也喜欢在外趴趴走，缺点是有些任性、固执和霸道，比较没耐性，而且还会咄咄逼人，但却是个很有毅力且锲而不舍的人，只要不过于急功近利，相信绝对是位大将之才，能功成名就的。
所以，您需要改改固执霸道、急功近利的臭脾气，</fenxi></xingdi><xingdi id="3#8" name="武曲星、贪狼星入命宫"><youdian>具有强烈企图心，很能吃苦耐劳</youdian><quedian>情欲物欲强，别人眼中的小儿科</quedian><fenxi>您心善口直，易有出口伤人的无心之过，好胜心强，不喜欢他人的干涉及束缚，所以年轻时的工作历程倍感辛苦，一直会熬到中年以后事业运才会鸿图大展，权力欲望强烈，行事风格务实且现实，中年以后交际手腕灵活。
所以，您需要培养一下说话的技巧，增强团队合作意识，总结失败经验，这将会令您在未来的事业道路总得更远。</fenxi></xingdi><xingdi id="4#9" name="天同星、巨门星入命宫"><youdian>感情丰富、心地善良、对爱很执着</youdian><quedian>情绪多变，倔强任性、缺乏开创力</quedian><fenxi>您的外表温和仁慈，内心却还蛮刚强固执的，心思细腻、感情丰富，是思想开放的人，有时还很任性倔强、急躁没有耐性，也不善于隐藏自己的个性。
您的疑心病很重，又是个醋坛子，情绪起伏不定，一生中常有机会为情所困，感情生活让您很痛苦，您的好奇心也很重，喜欢追根究底，虽然个性上并不服输而且很铁齿，可惜企图心不足，喜欢坐享其成，比较难有大作为，容易受外在环境的影响，缺乏稳定度，幸好您是个能自得其乐的人，也蛮有艺术才华的，适合从事跟吃喝玩乐有关的行业。
所以，您要控制好情绪多变的老毛病，保持清醒的头脑，这对于您来说非常重要。</fenxi></xingdi><xingdi id="4#11" name="天同星、天梁星入命宫"><youdian>敬业乐群、思虑周密、聪明有谋略</youdian><quedian>开创力不足，个性不积极，少冲劲</quedian><fenxi>您温和圆融，心思细腻，非常善解人意，很善欢广结善缘，稳健老成，不容易动怒，是情绪管理相当不错之人。您的头脑非常聪明，善于分析事理，企划能力不错，也很喜欢替人出主意，做起事来不疾不徐，让人觉得您老成可靠，虽然您蛮精明能干，但您不会打头阵去做一些惊天动地的举动，比较安份，是能守成之人。
您的运气通常都还不错，这大概跟您能保持沉稳低调，不与人正面冲突的个性有些关系。您的人缘不错，在外面还颇受欢迎的，吃喝玩乐的朋友不少，所以，您待在家的时间应该不太多。
所以，您开创力不足，缺少冲劲。请给自己人生作完善的规划，设置短期内要实现的目标并努力完成目标，给自己人生加点动力。</fenxi></xingdi><xingdi id="4#7" name="天同星、太阴星入命宫"><youdian>感情丰富、心地善良、有亲和力</youdian><quedian>情绪化，抗压力不足，缺乏冲力</quedian><fenxi>您是个外表稳重、动作慢，内心却蛮急躁、沈不住气的人，相当感性、多才多艺，心地善良仁慈，比较没有主见，很容易在感情上拿不定主义，依赖心很重，异性缘也蛮好的，是能够跟异性愉快而自在的相处。
您的个性温和善良，长相也温文儒雅，很具有亲和力，所以在外面的人缘很不错，您看起来还蛮爱干净的，不过多半只是独善其身，基本上，您是不太爱劳动筋骨的，所以也不算是很勤劳，会积极打拼的人，您喜欢闲适的生活，缺乏冲力，定力也不足，常有机会成为骑墙派，因为您既拿不定主意，又不愿得罪人，虽然您通常都给人脾气很好的印象，其实您还蛮情绪化，而且还有些“斤斤计较、不够爽快”呢！
所以，情绪化又缺乏冲力的您需要控制好自己的情绪，保持清醒的头脑才能更好处理问题。同时请给自己人生作完善的规划，设置短期内要实现的目标并努力完成目标，给自己人生加点动力。</fenxi></xingdi><xingdi id="5#6" name="廉贞星、天府星入命宫"><youdian>精明能干、长于策划，能掌控大局</youdian><quedian>贪婪多疑，强悍、霸道，目中无人</quedian><fenxi>您是个多才多艺、精明干练、进退得宜，能掌握大局的人，讲话能恰如其份，知道事情的轻重缓急，交际手腕高明，能左右逢源的人。您的个性强，行事果断，喜欢占上风，管理能力不错，就是有些爱面子、好逞强，很容易被人用激将法撩拨，加上作风强悍，性子又急，有些心高气傲，朋友虽多，有时候却是建立在利害关系上。
您的言行举止总会带着几分霸气，所以往往在无意中得罪了别人，不过，您宅心仁厚，也很念旧，是理性与感性兼具之人。
所以，您需要保持清醒的头脑去处理问题，多度一些社交礼仪和沟通技巧的书籍，可以提高您的处事能力。</fenxi></xingdi><xingdi id="5#8" name="廉贞星、贪狼星入命宫"><youdian>直觉敏锐、口才佳，富有才艺、善企划</youdian><quedian>争强好胜，善妒、重情欲，缺乏自制力</quedian><fenxi>您的脑筋聪明，反应又快，很有艺术才华，仪表不凡也很注重穿着品味，口才好，讲话能打动人心，是很善于展现自己魅力的人，异性缘奇佳，常常周旋于爱情游戏之中，感情十分复杂，困扰也多。
您才气纵横，但容易沉迷于酒色财气，又容易受到外界五光十色的诱惑，是个不耐静守，有家待不住的人。您的人缘不错，但能长长久久建立深厚交情的并不多，您很喜欢跟人比较，也蛮多贪念的，定力又嫌不足，虽然多才多艺长于企划，却未必能有大发展。
所以，您需要好好增强情绪控制能力和自制力，找个对象安安稳稳过日子吧，沉迷酒色财气伤身体，能少就少吧。</fenxi></xingdi><xingdi id="5#10" name="廉贞星、天相星入命宫"><youdian>风趣又幽默、多才多艺、精于企划</youdian><quedian>好胜多疑，喜欢行巧弄险，不务实</quedian><fenxi>您是个观念开放，作风还算保守的人，很重视形象，头脑聪明、反应快，相当的机灵，鬼主意也蛮多的，虽然很有自己的原则与个性，不过很幽默诙谐，善于自我排遣，所以蛮好相处的，善体人意又细心，因此，异性缘还算不错。您思路灵活，企划能力也不错，也蛮长袖善舞的，有时候还喜欢钻漏洞、走后门，由于好胜心强，您也容易成为机会主义者，能有捷径可走的话，您就会想要一步登天。
您个性强，猜疑心重，喜欢没事找事做，也很喜欢追根究底，占有心蛮强的，在感情上有“只许州官放火，不许百姓点灯”的心态，作为您的另一半可得要小心，还有，您对吃、穿都挺讲究的，品味不错，会是名牌的拥护者。
所以，您生性多疑和喜欢走捷径会对的事业有阻碍，多考虑是好的，但多疑就过了，会给同事朋友带来很大的困扰。走捷径虽然快，但是基础打得不牢固很容易会出无法应付的大问题。您是个聪明人，相信您会懂得如何去改变。</fenxi></xingdi><xingdi id="5#12" name="廉贞星、七杀星入命宫"><youdian>强势能干、可独当一面，善于分析企划</youdian><quedian>反覆无常、固执又多疑、自我保护主义</quedian><fenxi>您是个强悍急躁，不达目的势不罢休的人，精明能干、固执倔强，很节俭，能拼善斗，冲劲十足，这样的个性很容易得罪人，也容易遭致意外，所以您的生命历程中会波涛汹涌、诡谲多变，难以逆料的。
您的外表虽然坚强，内心里其实还颇感性的，但是好强、不服输、死要面子的个性会让您不轻易展现您柔情的一面，其实，您还蛮会照顾人，虽然有些势利眼，喜欢结交能力比您强的朋友，不过您还算够义气。您蛮自我中心的，个性多疑，常常有些反反覆覆，除了自己，您很难相信别人，掌控欲蛮强的。
所以，你需要保持清醒的头脑来处理问题，别用个人主义去批判事物的好坏。好需要多度沟通技巧的书，增强交际能力，这对您生活和工作都会有帮助。</fenxi></xingdi><xingdi id="5#13" name="廉贞星、破军星入命宫"><youdian>创意十足，具竞争心，有主导力</youdian><quedian>缺乏弹性，霸道善变，自我主义</quedian><fenxi>您的个性反覆善变，作风强悍又爱面子，掌控欲强，喜欢居于主导地位。敏感、情绪化，不轻易相信他人，敢爱敢恨，既多情又无情，喜欢一个人或一件事物必然费尽心思弄到手，如果不喜欢了，则翻脸无情，弃之如敝屣。
喜欢追求新鲜刺激，冲劲足，要求完美，任性又自我中心，跟您相处还真如履深渊、如履薄冰呢！不过，很爱管事又有几分爱耍老大的个性，很喜欢充场面，所以人缘还算不错，交游广阔，不过，能推心置腹，帮得上忙的朋友却没有几个。
所以，霸道善变又自我主义的您需要改改自己的臭脾气，用理性的眼光去看待事物，还要多关心呵护伴侣，感情专一很重要。</fenxi></xingdi></root>