<?xml version="1.0" encoding="UTF-8"?>
<root>
	<dashizhenyan id="0" name="紫微">
		<dizhi id="0">
			<content id="1">易有呕吐、消化不良等肠胃病，性生活需要健康合理，不然易有风流病。/n女性还会容易得子宫炎、输卵管炎症类。
			</content>
			<content id="2">易有呕吐、消化不良等肠胃病，性生活需要健康合理，不然易有风流病。/n女性还会容易得子宫炎、输卵管炎症类。
			</content>
		</dizhi>
		<dizhi id="1">
			<content id="1">血气不和，血液循环不畅，土克水代表肾经暗病，如男性的性机能毛病、性病，女性的妇科和暗病，病轻灾少。
			</content>
			<content id="2">血气不和，血液循环不畅，土克水代表肾经暗病，如男性的性机能毛病、性病，女性的妇科和暗病。同时易犯先天性心脏病、常有头痛症、肺病咳喘。
			</content>
		</dizhi>
		<dizhi id="2">
			<content id="1">一生安康少灾疾，但会有精神苦闷和失眠。生病也会是小病痛，一般肠胃病而已，无什大碍。容易患胃溃疡，有患肿瘤癌症的可能，建议定期做身体检查。
			</content>
			<content id="2">一生安康少灾疾，但会有精神苦闷和失眠。生病也会是小病痛，一般肠胃病而已，无什大碍。容易患胃溃疡，有患肿瘤癌症的可能，建议定期做身体检查
			</content>
		</dizhi>
		<dizhi id="3">
			<content id="1">较好色，易得性机能或生殖器疾病及泌尿系统疾病，一般为肾虚、性机能、炎症等，病灾少。
			</content>
			<content id="2">较好色，易得性机能或生殖器疾病及泌尿系统疾病，一般为肾虚、性机能、炎症，肾亏，糖尿病等。性生活不节制，色欲过度，男性易患肾亏阳痿、遗精、早泄、性病；女性容易阴冷、子宫不正等。
			</content>
		</dizhi>
		<dizhi id="4">
			<content id="1">易患泌尿系统病，水肿、膨胀疾，一生平安少灾病。</content>
			<content id="2">易患泌尿系统病，水肿、膨胀疾、患糖尿病、肾结石、风流病、皮肤过敏、湿疹、胃气痛、胸满、打噎。
			</content>
		</dizhi>
		<dizhi id="5">
			<content id="1">因胃纳差而导致呼吸系统或大肠疾患，甚至会患有较严重的肠胃病、外伤骨折、肺病、溃疡病等。
			</content>
			<content id="2">因胃纳差而导致呼吸系统或大肠疾患，甚至会患有较严重的肠胃病、外伤骨折、肺病、溃疡病等。
			</content>
		</dizhi>
		<dizhi id="6">
			<content id="1">易有呕吐、消化不良等肠胃病，性生活需要健康合理，不然易有风流病。/n女性还会容易得子宫炎、输卵管炎症类。
			</content>
			<content id="2">易有呕吐、消化不良等肠胃病，性生活需要健康合理，不然易有风流病。/n女性还会容易得子宫炎、输卵管炎症类。
			</content>
		</dizhi>
		<dizhi id="7">
			<content id="1">血气不和，血液循环不畅，土克水代表肾经暗病，如男性的性机能毛病、性病，女性的妇科和暗病，病轻灾少。
			</content>
			<content id="2">血气不和，血液循环不畅，土克水代表肾经暗病，如男性的性机能毛病、性病，女性的妇科和暗病。同时易犯先天性心脏病、常有头痛症、肺病咳喘。
			</content>
		</dizhi>
		<dizhi id="8">
			<content id="1">一生安康少灾疾，但会有精神苦闷和失眠。生病也会是小病痛，一般肠胃病而已，无什大碍。容易患胃溃疡，有患肿瘤癌症的可能，建议定期做身体检查
			</content>
			<content id="2">一生安康少灾疾，但会有精神苦闷和失眠。生病也会是小病痛，一般肠胃病而已，无什大碍。容易患胃溃疡，有患肿瘤癌症的可能，建议定期做身体检查
			</content>
		</dizhi>
		<dizhi id="9">
			<content id="1">较好色，易得性机能或生殖器疾病及泌尿系统疾病，一般为肾虚、性机能、炎症等，病灾少。
			</content>
			<content id="2">较好色，易得性机能或生殖器疾病及泌尿系统疾病，一般为肾虚、性机能、炎症，肾亏，糖尿病等。性生活不节制，色欲过度，男性易患肾亏阳痿、遗精、早泄、性病；女性容易阴冷、子宫不正等。
			</content>
		</dizhi>
		<dizhi id="10">
			<content id="1">易患泌尿系统病，水肿、膨胀疾，一生平安少灾病。</content>
			<content id="2">易患泌尿系统病，水肿、膨胀疾、患糖尿病、肾结石、风流病、皮肤过敏、湿疹、胃气痛、胸满、打噎。
			</content>
		</dizhi>
		<dizhi id="11">
			<content id="1">因胃纳差而导致呼吸系统或大肠疾患，甚至会患有较严重的肠胃病、外伤骨折、肺病、溃疡病等。
			</content>
			<content id="2">因胃纳差而导致呼吸系统或大肠疾患，甚至会患有较严重的肠胃病、外伤骨折、肺病、溃疡病等。
			</content>
		</dizhi>
	</dashizhenyan>
	<dashizhenyan id="1" name="天机">
		<dizhi id="0">
			<content id="1">易患肝胆毛病，不注意根治会病情加重，还需要预防生殖器毛病、性病。</content>
			<content id="2">易患肝胆毛病，不注意根治会病情加重，还需要预防生殖器毛病、性病。</content>
		</dizhi>
		<dizhi id="1">
			<content id="1">易患肝胆毛病，不注意根治会病情加重，还需要预防生殖器毛病、性病。</content>
			<content id="2">易患肝胆毛病，不注意根治会病情加重，还需要预防生殖器毛病、性病。</content>
		</dizhi>
		<dizhi id="2">
			<content id="1">易患皮肤病，疮疥疾，性机能的虚症，糖尿病，中风，病情不算太严重。</content>
			<content id="2">易患皮肤病，疮疥疾，性机能的虚症，糖尿病，中风，性机能病较重。女性更会妇女经期不调、经血过多，或有病变，严重的可能会子宫下垂。/n幼年疮疾，易得肝胆病，神经衰弱，内分泌失调。
			</content>
		</dizhi>
		<dizhi id="3">
			<content id="1">体力不足，木克土，一般代表会有肝胃不和而引起消化不良、反胃气痛、胸闷腹胀、头晕等症。患肠胃炎的机会更大，病情较轻。
			</content>
			<content id="2">木克土，一般代表会有肝胃不和而引起消化不良、反胃气痛、胸闷腹胀、头晕等症。患肠胃炎的机会更大，病情重，而且容易患胃下垂。
			</content>
		</dizhi>
		<dizhi id="4">
			<content id="1">易患下部疾病，便秘，痔疮，心率失常，肠胃病，病情轻，一生平安无事。</content>
			<content id="2">易患下部疾病，便秘，痔疮，心率失常，肠胃病，病情严重，甚至会有胃穿孔、胃癌。/n女性朋友更要注意，子宫容易出问题，轻则子宫病变，重则子宫癌。
			</content>
		</dizhi>
		<dizhi id="5">
			<content id="1">易患肝胆毛病，不注意根治会病情加重，还需要预防生殖器毛病、性病。</content>
			<content id="2">易患肝胆毛病，不注意根治会病情加重，还需要预防生殖器毛病、性病。</content>
		</dizhi>
		<dizhi id="6">
			<content id="1">易患肝胆毛病，不注意根治会病情加重，还需要预防生殖器毛病、性病。</content>
			<content id="2">易患肝胆毛病，不注意根治会病情加重，还需要预防生殖器毛病、性病。</content>
		</dizhi>
		<dizhi id="7">
			<content id="1">易患肝胆毛病，不注意根治会病情加重，还需要预防生殖器毛病、性病。</content>
			<content id="2">易患肝胆毛病，不注意根治会病情加重，还需要预防生殖器毛病、性病。</content>
		</dizhi>
		<dizhi id="8">
			<content id="1">易患皮肤病，疮疥疾，性机能的虚症，糖尿病，中风，肾水不足以养肝而致神经系统疾病，内分泌失调，病情不重，算是一生平安。
			</content>
			<content id="2">易患皮肤病，疮疥疾，性机能的虚症，糖尿病，中风，性机能病较重。女性更会妇女经期不调、经血过多，或有病变，严重的可能会子宫下垂。/n幼年疮疾，易得肝胆病，神经衰弱，内分泌失调。
			</content>
		</dizhi>
		<dizhi id="9">
			<content id="1">体力不足，木克土，一般代表会有肝胃不和而引起消化不良、反胃气痛、胸闷腹胀、头晕等症。患肠胃炎的机会更大，病情较重。
			</content>
			<content id="2">木克土，一般代表会有肝胃不和而引起消化不良、反胃气痛、胸闷腹胀、头晕等症。患肠胃炎的机会更大，病情重，而且容易患胃下垂。
			</content>
		</dizhi>
		<dizhi id="10">
			<content id="1">易患下部疾病，便秘，痔疮，心率失常，肠胃病，病情轻，一生平安无事。</content>
			<content id="2">易患下部疾病，便秘，痔疮，心率失常，肠胃病，病情严重，甚至会有胃穿孔、胃癌。/n女性朋友更要注意，子宫容易出问题，轻则子宫病变，重则子宫癌。
			</content>
		</dizhi>
		<dizhi id="11">
			<content id="1">易患肝胆毛病，不注意根治会病情加重，还需要预防生殖器毛病、性病。</content>
			<content id="2">易患肝胆毛病，不注意根治会病情加重，还需要预防生殖器毛病、性病。</content>
		</dizhi>
	</dashizhenyan>
	<dashizhenyan id="2" name="太阳">
		<dizhi id="0">
			<content id="1">易有眼疾，近视，生殖器病，头风，偏头痛，神经衰弱，心血管，高血压，中风等至少会有一种疾患，病情并不太严重，但也不能轻视。
			</content>
			<content id="2">易有眼疾，近视，生殖器病，头风，偏头痛，神经衰弱，心血管，高血压，中风等至少会有一种疾患。特别是眼睛疾病，可能会有动手术的风险。
			</content>
		</dizhi>
		<dizhi id="1">
			<content id="1">一般健康，但需要注意易患目疾，因阴阳失调引起头脑、心脏、高血压、精神紧张症、肝火、眼疾、内分泌失调（阴阳失调）。
			</content>
			<content id="2">一般健康，但需要注意易患目疾，因阴阳失调引起头脑、心脏、高血压、精神紧张症、肝火、眼疾、内分泌失调（阴阳失调）。
			</content>
		</dizhi>
		<dizhi id="2">
			<content id="1">容易有口腔及食道疾患，头风目疾，虚火升，心脏病，高血压。还需要注意可能会患有较重的目疾、心血管、胃病、脑溢血，气管炎。
			</content>
			<content id="2">容易有口腔及食道疾患，头风目疾，虚火升，心脏病，高血压。还需要注意可能会患有较重的目疾、心血管、胃病、脑溢血，气管炎。
			</content>
		</dizhi>
		<dizhi id="3">
			<content id="1">易有阳明症，即高血压,症状较轻，一生平平安安，但需要预防患中风、瘫痪。</content>
			<content id="2">最易患内分泌失调，如甲亢、甲瘤，患中风、瘫痪。易有阳明症，即高血压,症状较轻；也易因器官病变引发心血管病，如血管栓塞、高血压、脑血栓等。
			</content>
		</dizhi>
		<dizhi id="4">
			<content id="1">身体好，病症轻，易有阳明症，即高血压，眼疾，心躁和头脑病。</content>
			<content id="2">身体好，病症轻，易有阳明症，即高血压，眼疾，心躁和头脑病。</content>
		</dizhi>
		<dizhi id="5">
			<content id="1">身体好，病症轻，易有阳明症，即高血压，眼疾，心躁和头脑病。</content>
			<content id="2">身体好，病症轻，易有阳明症，即高血压，眼疾，心躁和头脑病。</content>
		</dizhi>
		<dizhi id="6">
			<content id="1">身体好，病症轻，易有阳明症，即高血压，眼疾，心躁和头脑病。</content>
			<content id="2">身体好，病症轻，易有阳明症，即高血压，眼疾，心躁和头脑病。</content>
		</dizhi>
		<dizhi id="7">
			<content id="1">一般健康，但需要注意易患目疾，因阴阳失调引起头脑、心脏、高血压、精神紧张症、肝火、眼疾、内分泌失调（阴阳失调）。
			</content>
			<content id="2">一般健康，但需要注意易患目疾，因阴阳失调引起头脑、心脏、高血压、精神紧张症、肝火、眼疾、内分泌失调（阴阳失调）。
			</content>
		</dizhi>
		<dizhi id="8">
			<content id="1">容易有低血压、低血糖、手足冰冷等诸弱症。还需要注意可能会患有较重的目疾、心血管、胃病、脑溢血，气管炎。
			</content>
			<content id="2">容易有低血压、低血糖、手足冰冷等诸弱症。还需要注意可能会患有较重的目疾、心血管、胃病、脑溢血，气管炎。
			</content>
		</dizhi>
		<dizhi id="9">
			<content id="1">易有眼疾，近视，健康状况平平，需要预防患中风、瘫痪。</content>
			<content id="2">最易患内分泌失调，如甲亢、甲瘤，患中风、瘫痪。易有眼疾，近视，阳明症，即高血压,症状较轻；也易因器官病变引发心血管病，如血管栓塞、高血压、脑血栓等。
			</content>
		</dizhi>
		<dizhi id="10">
			<content id="1">易有眼疾，近视，生殖器病，头风，偏头痛，神经衰弱，心血管，高血压，中风等至少会有一种疾患，病情并不太严重，但也不能轻视。
			</content>
			<content id="2">易有眼疾，近视，生殖器病，头风，偏头痛，神经衰弱，心血管，高血压，中风等至少会有一种疾患。特别是眼睛疾病，可能会有动手术的风险。
			</content>
		</dizhi>
		<dizhi id="11">
			<content id="1">易有眼疾，近视，生殖器病，头风，偏头痛，神经衰弱，心血管，高血压，中风等至少会有一种疾患，病情并不太严重，但也不能轻视。
			</content>
			<content id="2">易有眼疾，近视，生殖器病，头风，偏头痛，神经衰弱，心血管，高血压，中风等至少会有一种疾患。特别是眼睛疾病，可能会有动手术的风险。
			</content>
		</dizhi>
	</dashizhenyan>
	<dashizhenyan id="3" name="武曲">
		<dizhi id="0">
			<content id="1">灾病少，但需要注意易患哮喘和肺气肿等呼吸系统病、鼻病和消化系统、胆病和水厄，需要注意这些部分的保养。
			</content>
			<content id="2">灾病少，但需要注意易患哮喘和肺气肿等呼吸系统病、鼻病和消化系统、胆病和水厄，需要注意这些部分的保养。
			</content>
		</dizhi>
		<dizhi id="1">
			<content id="1">病灾轻，容易有肾机能疾病，病情不算太重，一生平安。</content>
			<content id="2">病灾轻，容易有肾机能疾病、痔疮、疯疾、目疾、神经衰弱、手足创伤及贤亏阳痿、疯狗症等。
			</content>
		</dizhi>
		<dizhi id="2">
			<content id="1">病痛少，或会夜多小便和小肠痛症，病情较轻，一生平安。</content>
			<content id="2">病痛少，或会夜多小便和小肠痛症，多在不显眼处破相损伤，如下巴、舌头破损；易患胆囊、关节神经痛、皮肤病、鼻病、肠胃慢性病；有暗疾，女性或会有妇科病。
			</content>
		</dizhi>
		<dizhi id="3">
			<content id="1">容易有外伤及出血症，如鼻、肠胃出血，或血液循环不畅等，年幼易患小儿麻痹，病情较轻，一生少病。
			</content>
			<content id="2">容易有外伤及出血症，如鼻、肠胃出血，鼻和肠胃慢性病，肺病，或血液循环不畅等，年幼易患小儿麻痹。
			</content>
		</dizhi>
		<dizhi id="4">
			<content id="1">幼年时有伤病灾，年长病痛会减少，病情较轻，一生平安。</content>
			<content id="2">幼年时有伤病灾，年长病痛会减少，但也不免被疾病灾患缠绕，病情较轻。</content>
		</dizhi>
		<dizhi id="5">
			<content id="1">幼年灾疾多，血气不调，骨骼和牙病，病痛少，病情较轻，一生平安。</content>
			<content id="2">容易患血气不调，骨骼和牙病，气喘和肺结核，跌扑骨折损伤，幼年灾疾多。</content>
		</dizhi>
		<dizhi id="6">
			<content id="1">灾病少，但需要注意易患哮喘和肺气肿等呼吸系统病、鼻病和消化系统、胆病和水厄，需要注意这些部分的保养。
			</content>
			<content id="2">灾病少，但需要注意易患哮喘和肺气肿等呼吸系统病、鼻病和消化系统、胆病和水厄，需要注意这些部分的保养。
			</content>
		</dizhi>
		<dizhi id="7">
			<content id="1">病灾轻，容易有肾机能疾病，病情不算太重，一生平安。</content>
			<content id="2">病灾轻，容易有肾机能疾病、痔疮、疯疾、目疾、神经衰弱、手足创伤及贤亏阳痿、疯狗症等。
			</content>
		</dizhi>
		<dizhi id="8">
			<content id="1">病痛少，或会夜多小便和小肠痛症，病情较轻，一生平安。</content>
			<content id="2">病痛少，或会夜多小便和小肠痛症，多在不显眼处破相损伤，如下巴、舌头破损；易患胆囊、关节神经痛、皮肤病、鼻病、肠胃慢性病；有暗疾，女性或会有妇科病。
			</content>
		</dizhi>
		<dizhi id="9">
			<content id="1">容易有外伤及出血症，如鼻、肠胃出血，或血液循环不畅等，年幼易患小儿麻痹，病情较轻，一生少病。
			</content>
			<content id="2">容易有外伤及出血症，如鼻、肠胃出血，鼻和肠胃慢性病，肺病，或血液循环不畅等，年幼易患小儿麻痹。
			</content>
		</dizhi>
		<dizhi id="10">
			<content id="1">幼年时有伤病灾，年长病痛会减少，病情较轻，一生平安。</content>
			<content id="2">幼年时有伤病灾，年长病痛会减少，但也不免被疾病灾患缠绕，病情较轻。</content>
		</dizhi>
		<dizhi id="11">
			<content id="1">幼年灾疾多，血气不调，骨骼和牙病，病痛少，病情较轻，一生平安。</content>
			<content id="2">容易患血气不调，骨骼和牙病，气喘和肺结核，跌扑骨折损伤，幼年灾疾多。</content>
		</dizhi>
	</dashizhenyan>
	<dashizhenyan id="4" name="天同">
		<dizhi id="0">
			<content id="1">容易气虚，湿气重而致头重身倦、水肿、糖尿病、贫血，病情轻，较健康。在午宫常生病。加吉增强健康。
			</content>
			<content id="2">容易气虚，湿气重而致头重身倦、水肿、糖尿病、贫血，病情较重。或会易患耳疾和肝肿大，四肢酸痛。
			</content>
		</dizhi>
		<dizhi id="1">
			<content id="1">容易患肾虚、食道、气管、肠胃、耳疾、神经痛、腰痛、脓疮、心脏病（神经性较多）、甲瘤（逢限年流羊迭之年代表会开刀），疾病少，病情不算重。
			</content>
			<content id="2">容易患肾虚、食道、气管、肠胃、耳疾、神经痛、腰痛、脓疮、心脏病（神经性较多）、甲瘤（逢限年流羊迭之年代表会开刀）。病情较重，或会骨质增生、骨殖变异而致神经痛。
			</content>
		</dizhi>
		<dizhi id="2">
			<content id="1">一般会较为健康，疾病少而且病情较轻，一生平安。</content>
			<content id="2">一般会较为健康，疾病少而且病情较轻，一生平安。但也需要注意容易易患心肝虚弱，心气疾，血行不畅，心率失常，肝胃病。男性会早泄阳痿，女性会生殖系统失调、妇科病。
			</content>
		</dizhi>
		<dizhi id="3">
			<content id="1">一般会较为健康，疾病少而且病情较轻，一生平安。但也需要注意易患耳疾、泌尿系统或生殖机能毛病。
			</content>
			<content id="2">一般会较为健康，疾病少而且病情较轻，一生平安。但也需要注意易患耳疾、泌尿系统或生殖机能毛病。
			</content>
		</dizhi>
		<dizhi id="4">
			<content id="1">容易患排泄系统病，兼消化系统病，易有淋症、疝气、膀胱、尿道、子宫、肾病、肝旺动气、耳病、饮食过度致肥胖等。
			</content>
			<content id="2">容易患排泄系统病，兼消化系统病，易有淋症、疝气、膀胱、尿道、子宫、肾病、肝旺动气、耳病、饮食过度致肥胖等，而且病情不轻。
			</content>
		</dizhi>
		<dizhi id="5">
			<content id="1">一般会较为健康，疾病少而且病情较轻，一生平安。但也需要注意易患耳疾、泌尿系统或生殖机能毛病。
			</content>
			<content id="2">一般会较为健康，疾病少而且病情较轻，一生平安。但也需要注意易患耳疾、泌尿系统或生殖机能毛病。
			</content>
		</dizhi>
		<dizhi id="6">
			<content id="1">容易气虚，湿气重而致头重身倦、水肿、糖尿病、贫血，常生病，打包病情轻，较健康。</content>
			<content id="2">容易气虚，湿气重而致头重身倦、水肿、糖尿病、贫血，病情较重。或会易患耳疾和肝肿大，四肢酸痛。
			</content>
		</dizhi>
		<dizhi id="7">
			<content id="1">容易患肾虚、食道、气管、肠胃、耳疾、神经痛、腰痛、脓疮、心脏病（神经性较多）、甲瘤（逢限年流羊迭之年代表会开刀），疾病少，病情不算重。
			</content>
			<content id="2">容易患肾虚、食道、气管、肠胃、耳疾、神经痛、腰痛、脓疮、心脏病（神经性较多）、甲瘤（逢限年流羊迭之年代表会开刀）。病情较重，或会骨质增生、骨殖变异而致神经痛。
			</content>
		</dizhi>
		<dizhi id="8">
			<content id="1">一般会较为健康，疾病少而且病情较轻，一生平安。</content>
			<content id="2">一般会较为健康，疾病少而且病情较轻，一生平安。但也需要注意容易易患心肝虚弱，心气疾，血行不畅，心率失常，肝胃病。男性会早泄阳痿，女性会生殖系统失调、妇科病。
			</content>
		</dizhi>
		<dizhi id="9">
			<content id="1">容易患排泄系统病，兼消化系统病，易有淋症、疝气、膀胱、尿道、子宫、肾病、肝旺动气、耳病、饮食过度致肥胖等。
			</content>
			<content id="2">容易患排泄系统病，兼消化系统病，易有淋症、疝气、膀胱、尿道、子宫、肾病、肝旺动气、耳病、饮食过度致肥胖等，而且病情不轻。
			</content>
		</dizhi>
		<dizhi id="10">
			<content id="1">容易患排泄系统病，兼消化系统病，易有淋症、疝气、膀胱、尿道、子宫、肾病、肝旺动气、耳病、饮食过度致肥胖等。
			</content>
			<content id="2">容易患排泄系统病，兼消化系统病，易有淋症、疝气、膀胱、尿道、子宫、肾病、肝旺动气、耳病、饮食过度致肥胖等，而且病情不轻。
			</content>
		</dizhi>
		<dizhi id="11">
			<content id="1">一般会较为健康，疾病少而且病情较轻，一生平安。但也需要注意易患耳疾、泌尿系统或生殖机能毛病。
			</content>
			<content id="2">一般会较为健康，疾病少而且病情较轻，一生平安。但也需要注意易患耳疾、泌尿系统或生殖机能毛病。
			</content>
		</dizhi>
	</dashizhenyan>
	<dashizhenyan id="5" name="廉贞">
		<dizhi id="0">
			<content id="1">易有泌尿系统、消化不良症、皮肤病，病情较轻，一生少病灾。</content>
			<content id="2">易有泌尿系统、消化不良症、皮肤病，病情较轻，一生少病灾。需要注意糖尿病、膀胱胆肾结石症、手足伤，牙病，咀唇，肺病等。
			</content>
		</dizhi>
		<dizhi id="1">
			<content id="1">容易有感冒、咳嗽、鼻炎，病灾较轻，一生平安。</content>
			<content id="2">容易有感冒、咳嗽、鼻炎，易患呼吸系统病、肺病、先天性哮喘、支气管炎、口齿、唇舌等病和意外损伤（多为骨折），便血，甚至会有交通或意外受伤。
			</content>
		</dizhi>
		<dizhi id="2">
			<content id="1">易受伤和多疮疾，及腰足目疾，咀唇溃烂，牙病，心肺病，灾病常临，幼年多病灾。</content>
			<content id="2">易受伤和多疮疾，及腰足目疾，咀唇溃烂，牙病，心肺病，灾病常临，幼年多病灾。</content>
		</dizhi>
		<dizhi id="3">
			<content id="1">容易患肾病，膀胱炎，呼吁系统病，手足易受伤，过敏性鼻炎、结石、头面伤损、开刀手术、肤炎症、意外损伤（多为头面）。
			</content>
			<content id="2">容易患肾病，膀胱炎，呼吁系统病，手足易受伤，过敏性鼻炎、结石、头面伤损、开刀手术、肤炎症、意外损伤（多为头面）。
			</content>
		</dizhi>
		<dizhi id="4">
			<content id="1">灾病少，易患湿热、胃热病，病情不算重，一生平安。</content>
			<content id="2">灾病少，易患湿热、胃热病，呼吸系统毛病，咀唇溃烂和牙病，肠胃病，病情不算重，防中晚年伤残。
			</content>
		</dizhi>
		<dizhi id="5">
			<content id="1">眼目疾，容易酒色过度，男性性机能失调，女性妇科病，病情不算重，但需要身体保健。</content>
			<content id="2">眼目疾，容易酒色过度，患风流症，男性性机能失调，女性妇科病，病较重，甚至会有生殖系统或肾脏病变。
			</content>
		</dizhi>
		<dizhi id="6">
			<content id="1">易有泌尿系统、消化不良症、皮肤病，病情较轻，一生少病灾。</content>
			<content id="2">易有泌尿系统、消化不良症、皮肤病，病情较轻，一生少病灾。需要注意糖尿病、膀胱胆肾结石症、手足伤，牙病，咀唇，肺病等。
			</content>
		</dizhi>
		<dizhi id="7">
			<content id="1">容易有感冒、咳嗽、鼻炎，病灾较轻，一生平安。</content>
			<content id="2">容易有感冒、咳嗽、鼻炎，易患呼吸系统病、肺病、先天性哮喘、支气管炎、口齿、唇舌等病和意外损伤（多为骨折），便血，甚至会有交通或意外受伤。
			</content>
		</dizhi>
		<dizhi id="8">
			<content id="1">易受伤和多疮疾，及腰足目疾，咀唇溃烂，牙病，心肺病，灾病常临，幼年多病灾。</content>
			<content id="2">易受伤和多疮疾，及腰足目疾，咀唇溃烂，牙病，心肺病，灾病常临，幼年多病灾。</content>
		</dizhi>
		<dizhi id="9">
			<content id="1">容易患肾病，膀胱炎，呼吁系统病，手足易受伤，过敏性鼻炎、结石、头面伤损、开刀手术、肤炎症、意外损伤（多为头面）。
			</content>
			<content id="2">容易患肾病，膀胱炎，呼吁系统病，手足易受伤，过敏性鼻炎、结石、头面伤损、开刀手术、肤炎症、意外损伤（多为头面）。
			</content>
		</dizhi>
		<dizhi id="10">
			<content id="1">灾病少，易患湿热、胃热病，病情不算重，一生平安。</content>
			<content id="2">灾病少，易患湿热、胃热病，呼吸系统毛病，咀唇溃烂和牙病，肠胃病，病情不算重，防中晚年伤残。
			</content>
		</dizhi>
		<dizhi id="11">
			<content id="1">眼目疾，容易酒色过度，男性性机能失调，女性妇科病，病情不算重，但需要身体保健。</content>
			<content id="2">眼目疾，容易酒色过度，患风流症，男性性机能失调，女性妇科病，病较重，甚至会有生殖系统或肾脏病变。
			</content>
		</dizhi>
	</dashizhenyan>
	<dashizhenyan id="6" name="天府">
		<dizhi id="0">
			<content id="1"></content>
			<content id="2"></content>
		</dizhi>
		<dizhi id="1">
			<content id="1">一生很少灾病，有病亦易治好，逢凶有救，一生平安。但仍然需要注意容易有胃病、肌肉病患，需要注重这方面的保养。
			</content>
			<content id="2">一生很少灾病，有病亦易治好，逢凶有救，一生平安。但仍然需要注意容易患胃病、肌肉病患，需要注重这方面的保养。
			</content>
		</dizhi>
		<dizhi id="2">
			<content id="1"></content>
			<content id="2"></content>
		</dizhi>
		<dizhi id="3">
			<content id="1">一生很少灾病，有病亦易治好，逢凶有救，一生平安。但仍然需要注意容易有胃病、肌肉病患，需要注重这方面的保养。
			</content>
			<content id="2">一生很少灾病，有病亦易治好，逢凶有救，一生平安。但仍然需要注意容易患胃病、肌肉病患，需要注重这方面的保养。
			</content>
		</dizhi>
		<dizhi id="4">
			<content id="1"></content>
			<content id="2"></content>
		</dizhi>
		<dizhi id="5">
			<content id="1">一生很少灾病，有病亦易治好，逢凶有救，一生平安。但仍然需要注意容易有胃病、肌肉病患，需要注重这方面的保养。
			</content>
			<content id="2">一生很少灾病，有病亦易治好，逢凶有救，一生平安。但仍然需要注意容易患胃病、肌肉病患，需要注重这方面的保养。
			</content>
		</dizhi>
		<dizhi id="6">
			<content id="1"></content>
			<content id="2"></content>
		</dizhi>
		<dizhi id="7">
			<content id="1">一生很少灾病，有病亦易治好，逢凶有救，一生平安。但仍然需要注意容易有胃病、肌肉病患，需要注重这方面的保养。
			</content>
			<content id="2">一生很少灾病，有病亦易治好，逢凶有救，一生平安。但仍然需要注意容易患胃病、肌肉病患，需要注重这方面的保养。
			</content>
		</dizhi>
		<dizhi id="8">
			<content id="1"></content>
			<content id="2"></content>
		</dizhi>
		<dizhi id="9">
			<content id="1">一生很少灾病，有病亦易治好，逢凶有救，一生平安。但仍然需要注意容易有胃病、肌肉病患，需要注重这方面的保养。
			</content>
			<content id="2">一生很少灾病，有病亦易治好，逢凶有救，一生平安。但仍然需要注意容易患胃病、肌肉病患，需要注重这方面的保养。
			</content>
		</dizhi>
		<dizhi id="10">
			<content id="1"></content>
			<content id="2"></content>
		</dizhi>
		<dizhi id="11">
			<content id="1">一生很少灾病，有病亦易治好，逢凶有救，一生平安。但仍然需要注意容易有胃病、肌肉病患，需要注重这方面的保养。
			</content>
			<content id="2">一生很少灾病，有病亦易治好，逢凶有救，一生平安。但仍然需要注意容易患胃病、肌肉病患，需要注重这方面的保养。
			</content>
		</dizhi>
	</dashizhenyan>
	<dashizhenyan id="7" name="太阴">
		<dizhi id="0">
			<content id="1"></content>
			<content id="2"></content>
		</dizhi>
		<dizhi id="1">
			<content id="1"></content>
			<content id="2"></content>
		</dizhi>
		<dizhi id="2">
			<content id="1"></content>
			<content id="2"></content>
		</dizhi>
		<dizhi id="3">
			<content id="1">病灾多，容易患肾病、生殖、腰腹、泌尿系统病，男性会因为操劳过度而受伤，女性可能会有生育风险高。
			</content>
			<content id="2">病灾多，容易患肾病、生殖、腰腹、泌尿系统病、肾阴亏虚，目疾，肝病，神经衰弱，男痨伤，女妇科、血气等疾。男性会因为操劳过度而受伤，女性生育风险高。
			</content>
		</dizhi>
		<dizhi id="4">
			<content id="1">病灾多，容易患肾病、生殖、腰腹、泌尿系统病，男性会因为操劳过度而受伤，女性可能会有生育风险高。
			</content>
			<content id="2">病灾多，容易患肾病、生殖、腰腹、泌尿系统病、肾阴亏虚，目疾，肝病，神经衰弱，男痨伤，女妇科、血气等疾。男性会因为操劳过度而受伤，女性生育风险高。
			</content>
		</dizhi>
		<dizhi id="5">
			<content id="1">病灾多，容易患肾病、生殖、腰腹、泌尿系统病，男性会因为操劳过度而受伤，女性可能会有生育风险高。
			</content>
			<content id="2">病灾多，容易患肾病、生殖、腰腹、泌尿系统病、肾阴亏虚，目疾，肝病，神经衰弱，男痨伤，女妇科、血气等疾。男性会因为操劳过度而受伤，女性生育风险高。
			</content>
		</dizhi>
		<dizhi id="6">
			<content id="1"></content>
			<content id="2"></content>
		</dizhi>
		<dizhi id="7">
			<content id="1"></content>
			<content id="2"></content>
		</dizhi>
		<dizhi id="8">
			<content id="1"></content>
			<content id="2"></content>
		</dizhi>
		<dizhi id="9">
			<content id="1">病痛少，一生平安，但仍需注意容易患肾病、生殖、腰腹、泌尿系统病等，需要注重这些方面的保养检查。
			</content>
			<content id="2">病痛少，一生平安，但仍需注意容易患肾病、生殖、腰腹、泌尿系统病、性机能障碍、妇科病、肝病、眼病等，需要注重这些方面的保养检查。
			</content>
		</dizhi>
		<dizhi id="10">
			<content id="1">病痛少，一生平安，但仍需注意容易患肾病、生殖、腰腹、泌尿系统病等，需要注重这些方面的保养检查。
			</content>
			<content id="2">病痛少，一生平安，但仍需注意容易患肾病、生殖、腰腹、泌尿系统病、性机能障碍、妇科病、肝病、眼病等，需要注重这些方面的保养检查。
			</content>
		</dizhi>
		<dizhi id="11">
			<content id="1">病痛少，一生平安，但仍需注意容易患肾病、生殖、腰腹、泌尿系统病等，需要注重这些方面的保养检查。
			</content>
			<content id="2">病痛少，一生平安，但仍需注意容易患肾病、生殖、腰腹、泌尿系统病、性机能障碍、妇科病、肝病、眼病等，需要注重这些方面的保养检查。
			</content>
		</dizhi>
	</dashizhenyan>
	<dashizhenyan id="8" name="贪狼">
		<dizhi id="0">
			<content id="1">病灾少，一生平安，但仍需要注意易患肝胆病和肾病为主的疾病，需要加强这些方面的保养和检查。
			</content>
			<content id="2">需要注意易患肝胆病和肾病为主的疾病，出血症、肝炎；女性还需要注意易患子宫肝旺、输卵管肿瘤，需要加强这些方面的保养和检查。
			</content>
		</dizhi>
		<dizhi id="1">
			<content id="1"></content>
			<content id="2"></content>
		</dizhi>
		<dizhi id="2">
			<content id="1">灾病常伴，易患神经痛或关节炎，肝胆病和肾病为主的疾病，灾病较轻，需要加强这些方面的保养和检查。
			</content>
			<content id="2">灾病常伴，易患神经痛或关节炎，肝胆病和肾病为主的疾病，灾病较重，还易患痔疮、肾亏阳痿、泌尿系统病，需要加强这些方面的保养和检查。
			</content>
		</dizhi>
		<dizhi id="3">
			<content id="1"></content>
			<content id="2"></content>
		</dizhi>
		<dizhi id="4">
			<content id="1">病灾少，一生平安，但仍需要注意易患肝胆病和肾病为主的疾病，肝火旺，需要加强这些方面的保养和检查。
			</content>
			<content id="2">病灾少，一生平安，但仍需要注意易患肝胆病和肾病为主的疾病，肝火旺，肾脏泌尿系统病，神经痛，需要加强这些方面的保养和检查。
			</content>
		</dizhi>
		<dizhi id="5">
			<content id="1"></content>
			<content id="2"></content>
		</dizhi>
		<dizhi id="6">
			<content id="1">病灾少，一生平安，但仍需要注意易患肝胆病和肾病为主的疾病，需要加强这些方面的保养和检查。
			</content>
			<content id="2">需要注意易患肝胆病和肾病为主的疾病，出血症、肝炎；女性还需要注意易患子宫肝旺、输卵管肿瘤，需要加强这些方面的保养和检查。
			</content>
		</dizhi>
		<dizhi id="7">
			<content id="1"></content>
			<content id="2"></content>
		</dizhi>
		<dizhi id="8">
			<content id="1">灾病常伴，易患神经痛或关节炎，肝胆病和肾病为主的疾病，灾病较轻，需要加强这些方面的保养和检查。
			</content>
			<content id="2">灾病常伴，易患神经痛或关节炎，肝胆病和肾病为主的疾病，灾病较重，还易患痔疮、肾亏阳痿、泌尿系统病，需要加强这些方面的保养和检查。
			</content>
		</dizhi>
		<dizhi id="9">
			<content id="1"></content>
			<content id="2"></content>
		</dizhi>
		<dizhi id="10">
			<content id="1">病灾少，一生平安，但仍需要注意易患肝胆病和肾病为主的疾病，肝火旺，需要加强这些方面的保养和检查。
			</content>
			<content id="2">病灾少，一生平安，但仍需要注意易患肝胆病和肾病为主的疾病，肝火旺，肾脏泌尿系统病，神经痛，需要加强这些方面的保养和检查。
			</content>
		</dizhi>
		<dizhi id="11">
			<content id="1"></content>
			<content id="2"></content>
		</dizhi>
	</dashizhenyan>
	<dashizhenyan id="9" name="巨门">
		<dizhi id="0">
			<content id="1">病灾少，病情轻，常见有消化不良，还需要注意消化系统病和呼吸道疾病，因精神抑郁不舒、言语过度或饮酒过度致病。
			</content>
			<content id="2">病灾少，病情轻，常见有消化不良，还需要注意容易患胃病、肾脏病、眼病、视力障碍、皮肤病，注意这些方面的保养和检查。
			</content>
		</dizhi>
		<dizhi id="1">
			<content id="1"></content>
			<content id="2"></content>
		</dizhi>
		<dizhi id="2">
			<content id="1"></content>
			<content id="2"></content>
		</dizhi>
		<dizhi id="3">
			<content id="1"></content>
			<content id="2"></content>
		</dizhi>
		<dizhi id="4">
			<content id="1">容易患少年脓血疾，患肾病，消化不良，病情不算太重，还需要注意消化系统病和呼吸道疾病，因精神抑郁不舒、言语过度或饮酒过度致病。
			</content>
			<content id="2">容易有严重胃病，酒色疾，搔痒症，肺病，耳目疾或伤残，肾脏病、眼病，忧郁症。还需要注意消化系统病和呼吸道疾病，因精神抑郁不舒、言语过度或饮酒过度致病。
			</content>
		</dizhi>
		<dizhi id="5">
			<content id="1">容易患少年脓血疾，患肾病，消化不良，病情不算太重，还需要注意消化系统病和呼吸道疾病，因精神抑郁不舒、言语过度或饮酒过度致病。
			</content>
			<content id="2">容易有严重胃病，酒色疾，搔痒症，肺病，耳目疾或伤残，肾脏病、眼病，忧郁症。还需要注意消化系统病和呼吸道疾病，因精神抑郁不舒、言语过度或饮酒过度致病。
			</content>
		</dizhi>
		<dizhi id="6">
			<content id="1">病灾少，病情轻，常见有消化不良，还需要注意消化系统病和呼吸道疾病，因精神抑郁不舒、言语过度或饮酒过度致病。
			</content>
			<content id="2">病灾少，病情轻，常见有消化不良，还需要注意容易患胃病、肾脏病、眼病、视力障碍、皮肤病，注意这些方面的保养和检查。
			</content>
		</dizhi>
		<dizhi id="7">
			<content id="1"></content>
			<content id="2"></content>
		</dizhi>
		<dizhi id="8">
			<content id="1"></content>
			<content id="2"></content>
		</dizhi>
		<dizhi id="9">
			<content id="1"></content>
			<content id="2"></content>
		</dizhi>
		<dizhi id="10">
			<content id="1">病灾少，病情轻，常见有消化不良，还需要注意消化系统病和呼吸道疾病，因精神抑郁不舒、言语过度或饮酒过度致病。
			</content>
			<content id="2">病灾少，病情轻，常见有消化不良，还需要注意容易患胃病、肾脏病、眼病、视力障碍、皮肤病，注意这些方面的保养和检查。
			</content>
		</dizhi>
		<dizhi id="11">
			<content id="1">病灾少，病情轻，常见有消化不良，还需要注意消化系统病和呼吸道疾病，因精神抑郁不舒、言语过度或饮酒过度致病。
			</content>
			<content id="2">病灾少，病情轻，常见有消化不良，还需要注意容易患胃病、肾脏病、眼病、视力障碍、皮肤病，注意这些方面的保养和检查。
			</content>
		</dizhi>
	</dashizhenyan>
	<dashizhenyan id="10" name="天相">
		<dizhi id="0">
			<content id="1"></content>
			<content id="2"></content>
		</dizhi>
		<dizhi id="1">
			<content id="1">灾病较少，健康平安，但仍然需要注意容易患糖尿病，偏头痛，和膀胱、泌尿系统相关的疾病，注意这些方面的保养和检查。
			</content>
			<content id="2">需要注意容易患糖尿病，偏头痛，消化系统病，和膀胱、泌尿系统相关的疾病，注意这些方面的保养和检查。
			</content>
		</dizhi>
		<dizhi id="2">
			<content id="1"></content>
			<content id="2"></content>
		</dizhi>
		<dizhi id="3">
			<content id="1">需要注意容易患头痛或偏头痛，性病，泌尿系或皮肤疾，面皮黄肿，和膀胱、泌尿系统相关的疾病，注意这些方面的保养和检查。
			</content>
			<content id="2">需要注意容易患皮肤疾，面皮黄肿，头痛或偏头痛，性病，和膀胱、泌尿系统相关的疾病，病重可能较重，甚至会有残疾的风险，注意这些方面的保养和检查。
			</content>
		</dizhi>
		<dizhi id="4">
			<content id="1"></content>
			<content id="2"></content>
		</dizhi>
		<dizhi id="5">
			<content id="1">需要注意容易患风湿，风流性病，泌尿系或皮肤疾，面皮黄肿，和膀胱、泌尿系统相关的疾病，注意这些方面的保养和检查。
			</content>
			<content id="2">需要注意容易患皮肤疾，面皮黄肿，风湿，风流性病，和膀胱、泌尿系统相关的疾病，病重可能较重，甚至会有残疾的风险，注意这些方面的保养和检查。
			</content>
		</dizhi>
		<dizhi id="6">
			<content id="1"></content>
			<content id="2"></content>
		</dizhi>
		<dizhi id="7">
			<content id="1">需要注意容易患糖尿病，偏头痛，泌尿系或皮肤疾，面皮黄肿，和膀胱、泌尿系统相关的疾病，注意这些方面的保养和检查。
			</content>
			<content id="2">需要注意容易患皮肤疾，面皮黄肿，糖尿病，偏头痛，和膀胱、泌尿系统相关的疾病，病重可能较重，甚至会有残疾的风险，注意这些方面的保养和检查。
			</content>
		</dizhi>
		<dizhi id="8">
			<content id="1"></content>
			<content id="2"></content>
		</dizhi>
		<dizhi id="9">
			<content id="1">需要注意容易患头痛或偏头痛，性病，泌尿系或皮肤疾，面皮黄肿，和膀胱、泌尿系统相关的疾病，注意这些方面的保养和检查。
			</content>
			<content id="2">需要注意容易患皮肤疾，面皮黄肿，头痛或偏头痛，性病，和膀胱、泌尿系统相关的疾病，病重可能较重，甚至会有残疾的风险，注意这些方面的保养和检查。
			</content>
		</dizhi>
		<dizhi id="10">
			<content id="1"></content>
			<content id="2"></content>
		</dizhi>
		<dizhi id="11">
			<content id="1">需要注意容易患风湿，风流性病，泌尿系或皮肤疾，面皮黄肿，和膀胱、泌尿系统相关的疾病，注意这些方面的保养和检查。
			</content>
			<content id="2">需要注意容易患皮肤疾，面皮黄肿，风湿，风流性病，和膀胱、泌尿系统相关的疾病，病重可能较重，甚至会有残疾的风险，注意这些方面的保养和检查。
			</content>
		</dizhi>
	</dashizhenyan>
	<dashizhenyan id="11" name="天梁">
		<dizhi id="0">
			<content id="1">病灾少，健康长寿，一生平安。但仍然需要注意易患以脾胃病为主，兼肝、肺、内分泌疾病，注意这些方面的保养和检查。
			</content>
			<content id="2">健康长寿，一生平安，有病患也会很快好，先重后痊，经大病绝症而后死里逃生。仍然需要注意易患以脾胃病为主，兼肝、肺、内分泌疾病，注意这些方面的保养和检查。
			</content>
		</dizhi>
		<dizhi id="1">
			<content id="1">病灾少，健康长寿，一生平安，或会有肝胃不和症，必然经病痛后逢凶化吉，痊愈。同时需要注意易患以脾胃病为主，兼肝、肺、内分泌疾病，注意这些方面的保养和检查。
			</content>
			<content id="2">病灾少，健康长寿，一生平安，或会有肝胃不和症，必然经病痛后逢凶化吉，痊愈。同时需要注意易患以脾胃病为主，兼肝、肺、内分泌疾病，注意这些方面的保养和检查。
			</content>
		</dizhi>
		<dizhi id="2">
			<content id="1"></content>
			<content id="2"></content>
		</dizhi>
		<dizhi id="3">
			<content id="1"></content>
			<content id="2"></content>
		</dizhi>
		<dizhi id="4">
			<content id="1"></content>
			<content id="2"></content>
		</dizhi>
		<dizhi id="5">
			<content id="1">灾病少，病情轻，得病也轻且快好。但仍然需要注意易患以脾胃病为主，兼肝、肺、内分泌疾病，注意这些方面的保养和检查。
			</content>
			<content id="2">或会有血液病，会有重病，一生必经一次灾病而后死里逃生。同时需要注意易患以脾胃病为主，兼肝、肺、内分泌疾病，注意这些方面的保养和检查。
			</content>
		</dizhi>
		<dizhi id="6">
			<content id="1">病灾少，健康长寿，一生平安。但仍然需要注意易患以脾胃病为主，兼肝、肺、内分泌疾病，注意这些方面的保养和检查。
			</content>
			<content id="2">健康长寿，一生平安，有病患也会很快好，先重后痊，经大病绝症而后死里逃生。仍然需要注意易患以脾胃病为主，兼肝、肺、内分泌疾病，注意这些方面的保养和检查。
			</content>
		</dizhi>
		<dizhi id="7">
			<content id="1">病灾少，健康长寿，一生平安，或会有肝胃不和症，必然经病痛后逢凶化吉，痊愈。同时需要注意易患以脾胃病为主，兼肝、肺、内分泌疾病，注意这些方面的保养和检查。
			</content>
			<content id="2">病灾少，健康长寿，一生平安，或会有肝胃不和症，必然经病痛后逢凶化吉，痊愈。同时需要注意易患以脾胃病为主，兼肝、肺、内分泌疾病，注意这些方面的保养和检查。
			</content>
		</dizhi>
		<dizhi id="8">
			<content id="1"></content>
			<content id="2"></content>
		</dizhi>
		<dizhi id="9">
			<content id="1"></content>
			<content id="2"></content>
		</dizhi>
		<dizhi id="10">
			<content id="1"></content>
			<content id="2"></content>
		</dizhi>
		<dizhi id="11">
			<content id="1">灾病少，病情轻，得病也轻且快好。但仍然需要注意易患以脾胃病为主，兼肝、肺、内分泌疾病，注意这些方面的保养和检查。
			</content>
			<content id="2">或会有血液病，会有重病，一生必经一次灾病而后死里逃生。同时需要注意易患以脾胃病为主，兼肝、肺、内分泌疾病，注意这些方面的保养和检查。
			</content>
		</dizhi>
	</dashizhenyan>
	<dashizhenyan id="12" name="七杀">
		<dizhi id="0">
			<content id="1">容易有骨折创伤，病情较轻，还需要注意易患以肺、呼吸系统疾病，注意这些方面的保养和检查。
			</content>
			<content id="2">容易有骨折创伤，病情较重，甚至会演变为伤残，还需要注意易患以肺、呼吸系统疾病，注意这些方面的保养和检查。
			</content>
		</dizhi>
		<dizhi id="1">
			<content id="1">容易有肺结核、肺炎等肺病，病情较轻，还需要注意易患以肺、呼吸系统疾病，注意这些方面的保养和检查。
			</content>
			<content id="2">容易有肺结核、肺炎等肺病，病情较重，还需要注意易患以肺、呼吸系统疾病，注意这些方面的保养和检查。
			</content>
		</dizhi>
		<dizhi id="2">
			<content id="1">健康方面容易患肝、肠胃方面的疾病，如肝炎、便血，痔疮，下部暗疮，传染性肝炎等，一定要注意饮食问题，病从口入，食物建议以清淡为主，避免进食过多的辛辣食物。</content>
			<content id="2">健康方面容易患肝、肠胃方面的疾病，如肝炎、便血，痔疮，下部暗疮，传染性肝炎等，一定要注意饮食问题，病从口入，食物建议以清淡为主，避免进食过多的辛辣食物。</content>
		</dizhi>
		<dizhi id="3">
			<content id="1"></content>
			<content id="2"></content>
		</dizhi>
		<dizhi id="4">
			<content id="1">幼年多病痛，成年后有胸肺疾，病情较轻，还需要注意易患以肺、呼吸系统疾病，注意这些方面的保养和检查。
			</content>
			<content id="2">幼年多病痛，成年后有胸肺疾，病情较重，还需要注意易患以肺、呼吸系统疾病，注意这些方面的保养和检查。
			</content>
		</dizhi>
		<dizhi id="5">
			<content id="1"></content>
			<content id="2"></content>
		</dizhi>
		<dizhi id="6">
			<content id="1">容易有骨折创伤，病情较轻，还需要注意易患以肺、呼吸系统疾病，注意这些方面的保养和检查。
			</content>
			<content id="2">容易有骨折创伤，病情较重，甚至会演变为伤残，还需要注意易患以肺、呼吸系统疾病，注意这些方面的保养和检查。
			</content>
		</dizhi>
		<dizhi id="7">
			<content id="1">容易有肺结核、肺炎等肺病，病情较轻，还需要注意易患以肺、呼吸系统疾病，注意这些方面的保养和检查。
			</content>
			<content id="2">容易有肺结核、肺炎等肺病，病情较重，还需要注意易患以肺、呼吸系统疾病，注意这些方面的保养和检查。
			</content>
		</dizhi>
		<dizhi id="8">
			<content id="1">健康方面容易患肝、肠胃方面的疾病，如肝炎、便血，痔疮，下部暗疮，传染性肝炎等，一定要注意饮食问题，病从口入，食物建议以清淡为主，避免进食过多的辛辣食物。</content>
			<content id="2">健康方面容易患肝、肠胃方面的疾病，如肝炎、便血，痔疮，下部暗疮，传染性肝炎等，一定要注意饮食问题，病从口入，食物建议以清淡为主，避免进食过多的辛辣食物。</content>
		</dizhi>
		<dizhi id="9">
			<content id="1"></content>
			<content id="2"></content>
		</dizhi>
		<dizhi id="10">
			<content id="1">幼年多病痛，成年后有胸肺疾，病情较轻，还需要注意易患以肺、呼吸系统疾病，注意这些方面的保养和检查。
			</content>
			<content id="2">幼年多病痛，成年后有胸肺疾，病情较重，还需要注意易患以肺、呼吸系统疾病，注意这些方面的保养和检查。
			</content>
		</dizhi>
		<dizhi id="11">
			<content id="1"></content>
			<content id="2"></content>
		</dizhi>
	</dashizhenyan>
	<dashizhenyan id="13" name="破军">
		<dizhi id="0">
			<content id="1">幼年体弱，营养不良，疮肿脓血，外伤跌打，病情较轻。同时需要注意易患以肾、泌尿生殖和消耗性等疾病，注意这些方面的保养和检查。
			</content>
			<content id="2">幼年体弱，营养不良，疮肿脓血，外伤跌打，病情较重，且易生疙瘩，面黄肌瘦。同时需要注意易患以肾、泌尿生殖和消耗性等疾病，注意这些方面的保养和检查。
			</content>
		</dizhi>
		<dizhi id="1">
			<content id="1"></content>
			<content id="2"></content>
		</dizhi>
		<dizhi id="2">
			<content id="1">幼年体弱，营养不良，疮肿脓血，外伤跌打，病情较重，且易有先天性心疾病。同时需要注意易患以肾、泌尿生殖和消耗性等疾病，注意这些方面的保养和检查。
			</content>
			<content id="2">幼年体弱，营养不良，疮肿脓血，外伤跌打，病情较重，且易有先天性心疾病。同时需要注意易患以肾、泌尿生殖和消耗性等疾病，注意这些方面的保养和检查。
			</content>
		</dizhi>
		<dizhi id="3">
			<content id="1"></content>
			<content id="2"></content>
		</dizhi>
		<dizhi id="4">
			<content id="1">幼年体弱，营养不良，疮肿脓血，外伤跌打，病情较轻。同时需要注意易患以肾、泌尿生殖和消耗性等疾病，注意这些方面的保养和检查。
			</content>
			<content id="2">幼年体弱，营养不良，疮肿脓血，外伤跌打，病情较重，且易生疙瘩，面黄肌瘦。同时需要注意易患以肾、泌尿生殖和消耗性等疾病，注意这些方面的保养和检查。
			</content>
		</dizhi>
		<dizhi id="5">
			<content id="1"></content>
			<content id="2"></content>
		</dizhi>
		<dizhi id="6">
			<content id="1">幼年体弱，营养不良，疮肿脓血，外伤跌打，病情较轻。同时需要注意易患以肾、泌尿生殖和消耗性等疾病，注意这些方面的保养和检查。
			</content>
			<content id="2">幼年体弱，营养不良，疮肿脓血，外伤跌打，病情较重，且易生疙瘩，面黄肌瘦。同时需要注意易患以肾、泌尿生殖和消耗性等疾病，注意这些方面的保养和检查。
			</content>
		</dizhi>
		<dizhi id="7">
			<content id="1"></content>
			<content id="2"></content>
		</dizhi>
		<dizhi id="8">
			<content id="1">幼年体弱，营养不良，疮肿脓血，外伤跌打，病情较重，且易有先天性心疾病。同时需要注意易患以肾、泌尿生殖和消耗性等疾病，注意这些方面的保养和检查。
			</content>
			<content id="2">幼年体弱，营养不良，疮肿脓血，外伤跌打，病情较重，且易有先天性心疾病。同时需要注意易患以肾、泌尿生殖和消耗性等疾病，注意这些方面的保养和检查。
			</content>
		</dizhi>
		<dizhi id="9">
			<content id="1"></content>
			<content id="2"></content>
		</dizhi>
		<dizhi id="10">
			<content id="1">幼年体弱，营养不良，疮肿脓血，外伤跌打，病情较轻。同时需要注意易患以肾、泌尿生殖和消耗性等疾病，注意这些方面的保养和检查。
			</content>
			<content id="2">幼年体弱，营养不良，疮肿脓血，外伤跌打，病情较重，且易生疙瘩，面黄肌瘦。同时需要注意易患以肾、泌尿生殖和消耗性等疾病，注意这些方面的保养和检查。
			</content>
		</dizhi>
		<dizhi id="11">
			<content id="1"></content>
			<content id="2"></content>
		</dizhi>
	</dashizhenyan>
</root>
