<?xml version="1.0" encoding="UTF-8"?>
<root><xingdi name="子" dizhi="0"><gong><item>主人一生中过着不甚稳定的生活，其在性情上，虽有浮露的一面，但在处事上亦颇具理智。</item><item>您兄弟间的感情真诚而不做作，不是表面的伪装，而是出自内心的连结，也许予人冷淡的感觉，但彼此间的相交却形之于无形。</item><item>夫妻均具现代新观念，双方互重，给予彼此绝对的自由，互不干涉，但相处时仍是甜甜蜜蜜。</item><item>您的儿女非常活泼，使您无法招架。</item><item>金钱对您而言，只是一种生活的工具，惟有在这种认识的前提下，才能多方面的运用它，为您带来更美满的生活</item><item>您在听觉方面不聪，五官方面的病症常生。还有生殖器官例如膀胱、尿道方面的病症。</item><item>您非常喜欢移动，而且在移动之后，能朝向更有利的方向发展。</item><item>您是一个对交友非常慎重的人，最喜欢和机灵的人为伍，可由友人处得到许多工作上的灵感。</item><item>您可能从事流放性的行业，例如艺术家是情绪的流放，政治家是思想的流放等，其次在金融业或旅游业，也可以获得相当的成就。</item><item>主人非常善于经营不动产，在财产的处理上，很能利用机会，因此不动产源源而来。</item><item>拥有细腻、娇嫩而又光彩夺人、艳光四射的人品与相貌，不论是男是女，在社会上都能受到欢迎和重视，是一人缘很好的类型。</item><item>表示着己身拥有一对温文儒雅又具理性的双亲，并且在双亲之中，较特别受到母亲的照顾，宠爱，及恩惠。</item></gong></xingdi><xingdi name="丑" dizhi="1"><gong><item>主人外观给人一种稳重敦厚之感觉，是位反应不甚灵敏，纯朴稳健之人。</item><item>您兄弟间的并没有什么往来，但亲情永远存在彼此心中，一旦有需要，马上会赶来相助。</item><item>你与异性的关系不大正常，多是在社会所不认可的尺度下，结局是悲是喜还要配合双方的福德宫来判定。</item><item>您的子女反应比较缓慢些，没有迅速的动作和敏捷的思路，给人迟钝的感觉。</item><item>守财奴是别人对你的称呼，这种只重视钱财数量的累积，而不求实际上的功能时，钱财的多寡也没有多大的意义。</item><item>您易罹患肺脏方面的病症，例如肺积水、肺炎等，其次是四肢方面的障碍，手或脚的行动不变等可能产生。</item><item>在您移动时，容易受到阻碍，无法顺利进行，转业或迁居都比较困难。</item><item>您喜欢和慢步调的友人为伍，对于那些头脑机灵、行动敏捷的人，您有天生的排斥感，如果真拥有同样步调的朋友，在创业时会给您很多助益。</item><item>您可从事知识专业或技术专业方面的工作，例如：学者、牧师、技术人员等，技术方面可走向金属或机械类的工作。</item><item>您是拥有大批不动产之人，虽然您并不拥有经营的能力，但由于其他因素而可获得一大笔的资产，可惜欠缺灵活运用的能力，没能借这批不动产而加倍您的财富。</item><item>虽然生活上有保守、含蓄的一面，但在精神上却能获得寄托于安定，可说是一精神生活稳固的人。</item><item>表示着双亲与己身的感情深厚、融洽，虽偶尔有不能沟通的"代沟"出现，但却无妨碍彼此间的情感。</item></gong></xingdi><xingdi name="寅" dizhi="2"><gong><item>主人一生多在宽广无阻碍的大道通过，多快乐的人生观。</item><item>您与兄弟间所有的关系都表露在外，将兄友弟恭的情形表露无遗，遵守一切有关兄弟间的礼节。</item><item>最容易和异性一见钟情，恋爱生涯非常顺利，婚姻生活亦以美满者居多。</item><item>您的儿女非常具有同情心，喜欢帮助别人，特别喜欢小动物，心地非常善良，是父母的好帮手。</item><item>您对金钱的态度时可有可无，常是掏钱请客的人。</item><item>您易感染骨骼方面的病症，例如风湿、关节、胫部等的疼痛。</item><item>您的迁移受到很多人的帮助，无论是在任何方面，移动都非常顺利。</item><item>喜欢和乐观、潇洒的人做朋友，能给自己很多的启示，平衡自己的心里状态。</item><item>您可从事保姆、护士、医师、或律师等带有保护他人性质的工作，藉此发挥您的才华。</item><item>暗示着不动产将随着时间而逐渐增加，而且这类不动产与乡村有缘，您可以向村庄进行您的置产计划，必能大有斩获。</item><item>为人大方、洒脱而又不与人计较，是无忧无虑、无牵无挂、集福分于一身的人。</item><item>表示着双亲与自己间的感情极佳，且双亲的性情明朗，对于己身的管教开明，可谓拥有人人所羡慕的亲情。</item></gong></xingdi><xingdi name="卯" dizhi="3"><gong><item>主人经常会遇到令他忧郁、烦闷、不畅的事情。虽然它的生活是在灰色的世界中，但他亦有菊花遇霜雪弥坚的毅力和勇气。</item><item>兄弟间没有什么往来，虽然情感相连却不形于言行。</item><item>无论婚前或婚后，您都是三角恋爱中的一角，和异性的关系非常复杂，常将自己陷入感情的苦海里，还是及早醒悟，脱离这类烦恼之圈吧</item><item>您的子女依赖性很大，一直到成年还依赖在身边。</item><item>您功于心计，对钱财有自己特殊的使用原则。</item><item>您易患神经方面的疾病，例如各部位的神经症状，其次是肝脏的病症，和胆囊上的疾病。</item><item>不论是在那一方面的移动都显得不太顺利，常有突然的意外发生，无法照顾预定的计划去进行。</item><item>您的朋友对您的依赖性很强，若您依命宫显示不是一个很有力量的人的话，将会因友人之事而丧失许多成功的机会，必须小心提防。</item><item>您适合朝影剧圈发展，或是美术方面的工作，可以做一个称职的美术评论家或戏剧工作者。</item><item>对于易于满足的人而言，不动产可以让他满足，但是胃口较大的人可能就无法满足于这少量的不动产。也就是说虽有不动产之赐，但其量并不太多。</item><item>总是在纠缠不清而又躲避不掉的生活中度过。虽然如此，但您的生命富有强烈的冲动与干力可与之对抗，所以没有任何困挠或不悦的情形产生。</item><item>表示着双亲与自己之间，常有不能协调，不能沟通的地方，致使常使己身感到委屈，尽管自己遭到不少的委屈，但仍不会抛弃父母，远离他乡，过自己的生活。</item></gong></xingdi><xingdi name="辰" dizhi="4"><gong><item>主人身体健壮，为人稳重，是一深具安定感的人。</item><item>和兄弟的感情既浓又厚，无视于时间的改变、世事的变迁，仍是相亲相爱，一有难即义无反顾的挺身而出，充分显出彼此间深厚的情感。</item><item>夫妻间没有什么热烈的感情和甜蜜的情爱，只是平平静静稳稳当当的相守在一起。</item><item>您的子女独立性高，也由于这个缘故，办事能力非常强，足以托付。</item><item>您对于钱财的赚得有自己的一套，而得来的钱财能再投资，而获取数倍的利润。</item><item>您的消化系统容易出毛病，因此先天上体质瘦弱，其次是皮肤病方面，容易发炎溃疡，也是非常严重的问题。</item><item>您的来去移动都很有方向感，能朝自己既定的目标去进行，逐渐向预定的目的地迫近。</item><item>您比较喜欢结交成熟，稳重的朋友，可以亦师亦友，互相促进。</item><item>您可从事教育家、宗教家一类的工作，矿业或介绍业亦可进入。</item><item>田宅运极佳，此类型之人得天独厚，拥有经营不动产之鬼才，在其巧妙之运用下，其利可加数倍之多。</item><item>不论是物质生活或是精神生活，都过得非常的美满、安定、可以说是一辈子生活在丰盈的福德之中。</item><item>表示着父母亲可是自己在经济物质上，获得充分满足，是对可依靠的亲人。</item></gong></xingdi><xingdi name="巳" dizhi="5"><gong><item>主人生活范围比较狭小，永远无法跳出自己划定的圈子，以及走出自己既定的生活模式 ，内心比较孤独。</item><item>和兄弟间的关系会沦落到名存实亡的地步，仅在年节时互访罢了。</item><item>恋爱时男方会特别的体贴女方，婚后则女方会特别照顾男方，因此无论男女若夫妻宫在巳宫的话，都会彼此的尊重，夫妻间非常融洽。</item><item>您有非常孝顺的孩子，是您的福气。</item><item>喜欢循正常的途径来赚取钱财，投机性的事业或风险性大的行业决不愿进入。</item><item>您容易感染口腔、喉部及牙齿方面的疾病，也可能是感冒的常客。</item><item>您对自己的行动非常地慎重，绝不会草草行事，对于移动的每一细节都在事先做好安排。</item><item>您很得缘又懂礼貌，在友人中被视为代表人物。</item><item>您适合从事思想著述方面的工作，例如：评论家、作家、思想家等，其次是做终生的军人或当警官。</item><item>您是个典型的守财者，虽然谨慎的保守着您的不动产，但却没有多大的发展性，在物质价值波动如此之巨的社会中，您可能成为首先失利者。</item><item>生活严谨，举止合宜，生活在风仪之中，故而可招致福德，过一安定的生活。</item><item>双亲在言行上或举止上，皆能够合乎礼节，且具谦恭及性情又持重的父母。</item></gong></xingdi><xingdi name="午" dizhi="6"><gong><item>主人一生运气不错，但须好好善加利用，不然容易走向偏激，踏上极端之路。</item><item>您的兄弟多充满活动力，非常爱好交际，自然彼此间的关系能维持一个相当的地步。</item><item>您非常容易与异性坠入爱河，憧憬罗曼蒂克的生活，一旦发觉理想与事实不符时，爱情之火马上冷却下来，即使结了婚也不能挽回您的心。</item><item>您的子女非常可爱，是您工作之外的开心果。</item><item>财运佳，有出亦有入，在钱财方面不会很吝啬往往替他赚回更多的钱。午宫旺，钱财运愈佳。</item><item>您的心脏不好，本来的情况就比常人略逊一筹，千万不能逞能，以免心脏的负荷过重，而加速了发病的时间。</item><item>您的迁移决定的非常迅速，而且颇具戏剧性，常随情绪的高低而作出突发的行动。</item><item>与您相交的朋友多属正直之类型，但并不具备才能，故而可在精神上支援您，但没有具备帮助您的实际力量。</item><item>您适合做政治家、宗教家，其次是医生或护士，再其次是厨师。</item><item>运势之旺犹如中午十二时之太阳光，虽可拥有田宅，但须防热度过高而导致的崩溃。</item><item>主人个性活泼开朗，做事公平公正，坦然相待，故而有甚多福分自然到来，唯一需注意的是要瞻前顾后，不可得意忘形而惹祸上身。</item><item>表示着自己拥有一对个性开朗、豪爽、兼热情如火的"新潮型"父母，尤其是自己深受父亲的影响性，较母亲强而有力。</item></gong></xingdi><xingdi name="未" dizhi="7"><gong><item>主人拥有平坦、顺畅的运势，一生中无任何大风大浪的起伏，永远是活在纯朴、平静而又踏实的生命中。</item><item>和兄弟的交往虽然能持续很长的时间，但总觉得像是酒掺了水似的，有点变质了。</item><item>您的婚姻多半是因为介绍而得，恋爱的过程也是极端的公式化，没有个人突出的色彩，婚姻生活沉闷而呆板。</item><item>您的子女很听话，但缺乏独立性，反应也比较迟钝。</item><item>您应避免钱财的呆滞不用，灵活运用您身边的钱财会带给您更多的发财的机会，这就叫做抛砖引玉。</item><item>您的肝脏情形不佳，因此常有疲倦感。其次是胰脏的问题，可能和晚年糖尿病的来源有关。</item><item>您的动作意向很缓慢，在决定时候移动时，即显得犹豫不决，即使已经下了决心，动作还是显得拖泥带水，不干脆、不爽快。</item><item>您与您的友人之间常有不愉快的事情发生，或则与部属的关系不好，必须自己特别留心注意，不可因此而坏了大事。</item><item>您可从事建筑业，在土木方面会有成就，其次是技师或公务员。</item><item>主人是一个幸运之人，虽然没有刻意去经营，但不动产总在不知不觉中到来。</item><item>为人忠厚老实，反应稍嫌迟钝，所以生活上有点阴影存在，但并不构成威胁，不足为忧。</item><item>表示着父母亲的学识渊博，为人持重，常是生活在自己的天地，而不与外界有所涉足，基于其具严谨封闭性，故常与他的儿女，在情感交流上，显得呆滞不活泼。</item></gong></xingdi><xingdi name="申" dizhi="8"><gong><item>主人行动敏捷、迅速，性情刚毅、果决，是一心口如一，深具恒心而又肯面对现实的人。</item><item>兄弟宫在申宫的人，对待兄弟仍带有一点阶层的眼光，而给予兄弟们各种不同的差别待遇。</item><item>您对爱情所持的是保守派的作风，在婚前绝不踏出错误的第一步，也因此常被认为不解风情。</item><item>您可谓拥有脑筋非常好的孩子而高兴，但是他们的；理智思想往往超越情感的表达，不是撒娇的一型，也欠缺开朗的个性。</item><item>注意您身边各种赚钱的机会，不要在埋头计算自己的钱财时，让更多的钱财从身边流失。</item><item>您的胸部脏器必须特别注意保养，其次是大肠。</item><item>您的意志力非常强烈，一旦决定要搬家或转业，一定会做到，不轻易变更已定的目标。</item><item>您比较难交到知心的朋友，目前您所有的只是泛泛之交，而且是您自己的意愿形成这种情形的。</item><item>您在经商方面会有颇有心得，从事金融业亦可。</item><item>主人一生中不断想以不动产赚取更多的不动产，可惜功夫都下错了地方，最好的途径是重视其现有不动产的管理，在管理上下功夫，就能成功。</item><item>处事一板一眼，讲求“义”字，永远顺着“理”字去做，故而对别人的要求也相当的严厉、苛刻。以是，在福分方面没有那么丰盈，较一般人缺乏。</item><item>表示着自己拥有一段爱之深，责之切，望子成龙的父母亲。</item></gong></xingdi><xingdi name="酉" dizhi="9"><gong><item>主人具有刚毅、柔弱的双重个性，然通常是以柔弱个性行事，故面对周遭所发生的麻烦事能完全的抛开，处于泰然中。</item><item>您和兄弟间的关系经常在变化着，时好时坏，谁都不能保证你们兄弟在下一个时刻会不会翻脸。</item><item>你对于恋爱对象的条件非常苛刻，一旦选择妥当后，多半就一次定终身，是采现实主义者。</item><item>您与子女相处得不会很愉快，因为子女具有很强烈的叛逆性，而导致父母、子女间的感情很冷淡。</item><item>钱财得来多属不易，比较能体会金钱的价值而惜用。</item><item>您的消化系统有障碍，平常有痢血、吐血的症状时，就应该加强看护，注意征兆，以免悔之已晚。</item><item>经常性的变动是您的特性，常常变化您所在的环境，例如转业、迁居等，不会固定在某个途径上。</item><item>您所拥有的朋友多是性格易变、情绪变化很大的人，不论做任何事，独力要比众力来得容易成功。</item><item>您适合从事学术方面的工作，例如：学术研究者、教育家、编辑、作家、文学评论者等。</item><item>主人一生在路上奔忙，运程上下动荡难安，即使费劲辛劳换取不动产的所有权，也将在转眼间拱手让人。</item><item>个性不稳，反复无常，所以福分也随着动荡而消失殆尽。</item><item>表示着自己的父亲与母亲间，常因小意见，而发生口角，并且，自己与双亲间，常有意见不合之处。</item></gong></xingdi><xingdi name="戌" dizhi="10"><gong><item>主人本性开朗、活波，个性强韧、踏实，做事坚毅、果断。相同的，也拥有一开朗、坚韧而又平实的运势。惟美中不足的是具有性情缓慢，凡事借故拖延，有点令人讨厌</item><item>您与兄弟间手足情深，无论多困难的事都愿替兄弟去承担，好比古人的刎颈之交，有过之而无不及。</item><item>您的婚姻美满，夫妻间相敬如宾，以礼相待，家庭中充满了和乐的气氛。</item><item>您的子女可以托付重任，长大后会成为您得力的左右手。</item><item>赚钱有道，用钱有法，将钱财作为适当手段的运用。</item><item>您易感染下腹部的疾病，例如子宫、膀胱等，其次是痔疮，脚踝也可能发生障碍。</item><item>您可能远离本乡去外地谋职或定居，但多属一次的变动，即移动之后不会再做类似性的移动。</item><item>您所交往的人多负有责任感，可助您一臂之力，您可与其共同成事，稳健而有能力。</item><item>您适合做诗人、音乐家等，比较有感性的职业对您比较合适。</item><item>您是一个善于治理不动产之人，在您巧妙的治理下，田宅的累积就好像在堆砂金一样，最后变成一座金山。</item><item>个性稳固持重而又善解人意，很能被一般人接受，是一富深厚人情味而又人缘尚佳的人。</item><item>表示着己身的双亲，个性较稳重，经济较富足，致使自己在物质上的享受甚充分。</item></gong></xingdi><xingdi name="亥" dizhi="11"><gong><item>主人性情有如月亮的光芒柔和而又温驯，行事又多无为而治、与世无争，故而其一生运势是平实而又顺遂。</item><item>您对兄弟冷淡得如同陌生人一般，您也不期待他们对您的帮助，只顾自己成事而不愿和别人发生互助。</item><item>恋爱或婚姻都以爱、恨交织而成，情感过于强烈的话，就会作茧自缚，不可不慎，对肉体的欲望必须想办法转移，否则对身体不利。</item><item>您的子女欠活泼，个性不够开朗，非常的阴沉，有时会和父母格格不入。</item><item>财运不佳，虽然投下巨资，但收获的并不多，就像夏天撒种又遇到台风一样，全军覆没。</item><item>您的肾脏比较不同于常人，功能上不及一般人，所以毒素无法完全排出体外，而埋下以后严重的病因。其次是膀胱和尿道方面的困扰。</item><item>您对迁移的方向没有把握，只是随波逐流，受环境的改变而改变。</item><item>您的友人对您没有什么帮助，因为他本身就是一个随波逐流、见利忘义之人。</item><item>您适合做外科或妇科方面的医师，或经营贵重金属，录入珠宝等的买卖。</item><item>主人一生易为田宅之事而劳烦，但结果多半事与愿违！</item><item>为人深沉，心机又重，虽拥有懦弱，不堪一击的生活面，然福分并不因此而复失。</item><item>表示着自己的双亲，在个性上甚沉闷，并不开朗，有动不动就会发脾气嘀咕的倾向。</item></gong></xingdi></root>