<?xml version="1.0" encoding="UTF-8"?>
<root><xingdi id="0" name="紫微星"><caibo>你的财运宽厚，会有很多赚钱的机会，懂得如何才能把自身利益更大化，不喜欢投机碰运气，喜欢稳稳妥妥地经营事业。花钱也是较为有王者气派，会注重体面。
不擅理财，财运不算旺，吉者仅主财源充裕，财运稳定，因享受他人资助，或因商誉信用进财，一生钱财不缺，但不一定很富裕。如果生于富裕之家，喜管钱财。</caibo><tianzai>您或生于富贵之家，有祖业，亦能自置家产，但会出现财来财去的现象，需要有左辅右弼星会照才能避免破败。</tianzai><mingong>紫微星守命宫，您取财的手段和方法很多，而且较为稳定，有头脑，事业心强，喜欢创业。</mingong></xingdi><xingdi id="1" name="天机星"><caibo>天机星进入财帛宫却是不祥之星，主变动。您可以会出现财来财去，不聚财，常有是非争执。财运很差，与金钱缘薄，虽收入不错，但为过路财神，钱财支出很大，若不注意节俭，很难有钱积聚。白手成家，求财很积极，无固定工作或求财方式，多以投机取巧、智谋和劳心费力赚钱，如代理、中介生意，亦可以手艺赚钱，无横财运。</caibo><tianzai>您可自置产业，但产业少，常为产业而争执计较，家道有枯痿败退的趋势，时常把不动产变动，时买时卖，而没有固定的不动产。</tianzai><mingong>您取财的手段和方法取决于您的头脑想法，所以您能获取财富的多少存在变动性，财来财去的现象很常见。</mingong></xingdi><xingdi id="2" name="太阳星"><caibo>太阳不是财星，重名轻利，但有经营才能，善为他人经营，取财有道，不重己财，白手成家，宜先求名誉地位而后得利，多是薪水、著作、竞赛、赠予之财。太阳主钱财多耗散，开销大，乐善好施，出手大方，会因爱面子、图虚荣、过于阔绰而花费多，会空星更是无经济观念而浪费。
一生中财运还是不错的，擅于理财，但可能不太重视身边的钱财，可能为了面子问题而花冤枉钱。由于太阳有贡献的特性，可能因为帮助别人而导致手上掌握资金并不会太多。</caibo><tianzai>您的不动产运很旺盛，但多浮动，不能永久维持，有逐渐衰退的倾向，可以得祖业，但难守，多变动。</tianzai><mingong>您的取财方法源于自己的辛勤努力和管理财富能力，财运并不算好，而且开销很大，不好好想办法理财，钱财消耗会非常快。</mingong></xingdi><xingdi id="3" name="武曲星"><caibo>武曲为正财星，入财宫为得地，您一生财运好，求财积极主动，生财有方，偏重于实质性的行动，忙碌生财，擅长投资赚钱，最宜投资搞金属加工和经商金属生意，金融财税亦宜。不靠祖业，白手兴家，先有事业再有财富。</caibo><tianzai>财星入库为得宜，得祖业，并能继承，能自置，容易富裕。</tianzai><mingong>您取财在于自己的辛勤努力，对于事业、人生规划都有自己的见解，容易通过努力赚取财富，但事业心较为重，可能不太会处理人际关系。</mingong></xingdi><xingdi id="4" name="天同星"><caibo>天同主福不主财，您重享受，轻钱财，不知进取，知足常乐，较怠惰，但有不劳而获的财运，或有稳定的收入，求财有方，能白手成家或者以薄资起家，对钱看得开，不会有守财奴的心态，能安于现状，钱之多寡不是重点。年轻时不能剩钱，中年后才能逐渐积存钱财。为服务性质之财，喜文墨和收集古董，并因此而发财，亦宜玩乐享受性质的服务行业。</caibo><tianzai>您能白手兴家，可积财，财产先少后多，不利购置田产,少祖业，自置先难后易。</tianzai><mingong>您较为有福气，赚钱不会太多，但不会考虑通过辛勤工作去获取，会选择压力相对少一点的工作，早年收入不太顺畅，中晚年会较为顺利。</mingong></xingdi><xingdi id="5" name="廉贞星"><caibo>廉贞为次财星，但流动性大，带有偏财运的性质。您财运方面投机性竞争性大，易得易失，会因交际应酬而花钱，若横发之财及不正之财则更多问题，多破耗，容易官有司纠纷，或被人侵呑盗窃，得财后宜见好就收，不宜再次投资或搏击。任公职、进正当之财则可减少波动性和纠纷。求财路上会有很多竞争对手，要获得财富较为辛苦，而且不擅于理财，钱财在手中会流失得很快，难以积存。</caibo><tianzai>廉贞入田宅为不宜，您很容易破祖败业，有祖业亦难有份，自置纠纷多。</tianzai><mingong>您财源足，有很多赚钱的机会，但是财富带有偏财性质，流动性较大，易得易失，会因交际应酬而花钱。</mingong></xingdi><xingdi id="6" name="天府星"><caibo>天府星为财帛主，为禄库，入财宫为得位。您财产丰足，擅于管理财富，理财保守谨慎，会有储蓄的好习惯，可以轻松做到收支平衡，容易积财成富。在现成局面下发展，能掌财权，财源稳定，一生必有积蓄，见禄存化禄才能生财而大富。独守主用钱计划性很强，保守吝啬，自私小气，有钱舍不得花，喜欢把钱储存屯积或置产。</caibo><tianzai>天府入田宅为得地，您能守能创。祖业较丰，自己也能在现成基业上发展，不动产稳步增多，晚年财产丰厚。</tianzai><mingong>您的命中带贵气，容易成为人上人，财富收入丰厚，财源稳定，容易有财富积蓄。</mingong></xingdi><xingdi id="7" name="太阴星"><caibo>太阴为正财星，入财宫为得位，偏重于计划性理财。您擅长运用钱财，中介、代理、理财酬金之类，进暗财，外乡之财，财源平稳久远，不愁没有钱用，富贵天成，属晚发，下半生才能发富，但富裕程度随旺衰的差别很大。财运极佳，擅于累积财富，富足多财，对赚钱敏感，可以利用经商贸易聚财。</caibo><tianzai>太阴财星入田宅为得宜，您会有一定祖业，或可聚财自置产业，不动产不断增多。 </tianzai><mingong>您能凭着一技之长收获财富，或计划性理财来令自己的财富稳定增长，财源平稳久远，一般不会缺钱，中晚年才能发家致富。</mingong></xingdi><xingdi id="8" name="贪狼星"><caibo>贪狼入财宫，可为饿狼扑食，贪得无厌。您在求财路上会不择手段地巧取豪夺，生性浪费，多破耗，早年有成败，时好时坏，中晚年才能平稳，但无禄及火铃不能大富。擅长理财和运用钱财，以财生财，多为生意人，适合炒股、投机、娱乐性生意，多起伏和竞争，易得异性之助或发异性财（加左右更验）；易因交际应酬而花费，但本质仍极为贪财爱财。你求财欲望极强，行动作为较为积极，视财如命，可以为了求财而是用一切手段。有偏财运，喜欢通过投机方式去赚钱。</caibo><tianzai>您一般无祖业，亦不靠祖业，多能自我创业而晚发。为求得财产，会不择手段，也会拼命干，总有不满足之心，不能安静守家，喜往外跑，劳碌奔波。</tianzai><mingong>您财富需要自己努力争取，如饿狼扑食，贪得无厌，财富的收入并不算少，但生性浪费，花钱无度，早年有成败，时好时坏，中晚年才能平稳。</mingong></xingdi><xingdi id="9" name="巨门星"><caibo>巨门，口才好，您可以靠一张咀巴和脑力挣钱，须经劳心费神、竞争才能获财。不靠祖业，靠自己劳中取财，但太高傲或太贪心，易受同事亲友排挤算计而成败不一，易横破，求谋艰辛，略有积存。需要劳神费力及凭脑力口才收获财富，能白手创业。但一旦富有后，容易有暴发户心态，喜欢炫耀，穿金戴银，钱财外露。</caibo><tianzai>您的破祖败业，需要自己努力积聚置产，过普通的生活，或会家居不宁，多吵杂。</tianzai><mingong>您的财富收入突破点在于口才方面，对人对事观察入微，推动者您谨慎去理财消费。但是经劳心费神、竞争才能获财。</mingong></xingdi><xingdi id="10" name="天相星"><caibo>有理财观念，用钱有度，适合于按部就班，脚踏实地的手法赚钱，不能急功近利。另外偏财运不好，不适合投身于投机类行业。善于理财用财，保守谨慎，财路较多，来路正当，财运不太稳定，有起伏。</caibo><tianzai>您会有祖产可继承，但财富的积聚须经拼搏而来，或会聚财自置不动产。</tianzai><mingong>您命中带贵气，财富收入较好，而且在理财方面能力很强，即使收入出现波动也能通过调控花销去保持理财计划顺利进行。</mingong></xingdi><xingdi id="11" name="天梁星"><caibo>天梁为荫星，您可得遗产或长辈助力发财。天梁是清高之星，钱财方面不是你最看重的，但财运较好，多为领薪阶级，或经朋友帮助而间接得外来的收入，可积蓄钱财，即使失陷也不会为钱财所困。先得地位然后得利，得来很轻松，不费力，亦常会为照顾亲友而耗财。不宜直接经商和强求财，经商和强求财必败或易遭非议。抱着够用就好的良好心态，会为您带来更多财富，你也不是势利的人，也许会对你财富收入并不能起到最大化的作用，但是唯利是图本不是你想要的，平常心对待财富收入即可。</caibo><tianzai>天梁为荫星，您会有祖产父业，也能通过自己努力聚财置业，增添个人不动产。</tianzai><mingong>您命中福气很足，会得到很多长辈帮助而收获更多的财富，但需要靠自我奋发而至富，生性多忧虑。</mingong></xingdi><xingdi id="12" name="七杀星"><caibo>人生中不缺财运，但是破财也是时常出现，钱财得失波动大，而且你也并不擅于守财的人，需要加强财富的管理能力。另一方面你可能因为求财会有冒险的举动，或需认真衡量失败的严重性。注意一生会出现一、两次经济困难，周转无方或至倾家破产。财运方面带偏财横财性质，成败变化很大，暴发暴败，可以一举成为巨富，也可以一夜之间破产潦倒，有吉亦必经过一次破败后东山再起。</caibo><tianzai>您可能会有祖业，但很难守住，喜欢把不动产倒来倒去，但不利置业，更不利从事房地产买卖。</tianzai><mingong>您有较好的财运，善于争取财富，在辛勤工作中生财，但生性浪费，喜欢投机冒险，可能会使您的财富出入变化大，容易暴发暴败。</mingong></xingdi><xingdi id="13" name="破军星"><caibo>破军不善理财，进出无计划，也无收支记录。您生性浪费，得财后则必破耗，来得快去得也快，横发横破，不论钱进多少，最终还是破完耗尽。唯有与紫微同宫才能制其凶，后半生将会有小财积蓄。您擅于开创财源，从开创灵感中获取，可以说你是个靠头脑吃饭的人，用智慧去获取财富。具策划的能力，有与众不同的进财方式，多种方式或职业赚钱，多为投机冒险或频频转变行业而后赚钱，一般是先挫折破损，然后再东山再起而发财。财运波动较大，财富得失无常，如果想投资就要慎重考虑才下决定。</caibo><tianzai>您一般无祖业，有亦会破荡耗费掉，需要靠自己打拼置业，生活中容易挥霍，先败后成。</tianzai><mingong>您做事动力很足，机智胆大，善于争取财富，赚钱能力强。但生性浪费，得财后则必破耗，来得快去得也快，很难有积蓄。</mingong></xingdi><xingdi id="0#13" name="紫微星+破军星"><caibo>您的财运有起有落，有成有败，早年贫困或操劳艰辛，晚发，一生必有一次意外之财发，得财后容易出现严重的财产损失，多为得财后增加投入所致，故宜见好就收。</caibo><tianzai>您会有一定祖业，但较难保住，破荡耗费掉，需要靠自己打拼置业，生活中容易挥霍，先败后成。</tianzai><mingong></mingong></xingdi><xingdi id="0#6" name="紫微星+天府星"><caibo>您的财产丰足，财运还算不错，一生钱财不缺，能聚财，您财源充裕，财运稳定，擅理财、积财，不擅生财，主要会在现成局面下发展，能掌财权，财源稳定，一生必有积蓄。</caibo><tianzai>您的祖业丰厚并能继承，自置亦吉，自己也能在现成基业上发展，不动产稳步增多，晚年财产丰厚。</tianzai><mingong></mingong></xingdi><xingdi id="0#8" name="紫微星+贪狼星"><caibo>您能守现成家业，且有独特技能，求财先难后易，三十岁前有成有败，三十岁后发达，中晚年富有，有横发机运，但横发后会挥霍致败。</caibo><tianzai>您较难继承和保住祖业，容易破耗损失掉，但自置较吉，置业迁动较频。</tianzai><mingong></mingong></xingdi><xingdi id="0#10" name="紫微星+天相星"><caibo>您善积储致富，财运亦好，有暴发机遇，财源充裕，财运稳定，能够合理理财用财，保守谨慎，财路较多，来路正当，但是财运不太稳定，有起伏。
</caibo><tianzai>您的祖业丰厚并能继承，自置亦吉，自己也能在现成基业上发展，不动产稳步增多，晚年财产丰厚。</tianzai><mingong></mingong></xingdi><xingdi id="0#12" name="紫微星+七杀星"><caibo>您一般喜投资经营，不喜储财，但财运不稳定，先难后易，一生必经一次破产（见六煞更验），原因多为环境改变所致，故经营投资宜掌握流年吉凶。</caibo><tianzai>您与祖业无缘，就算有祖业可继承也会破败损失掉，适合通过自己努力去创造产业，财产波动大，会出现反复得失的现象。</tianzai><mingong></mingong></xingdi><xingdi id="1#7" name="天机星+太阴星"><caibo>您的财运有成有败，白手起家，先难后易，经奋斗可富。与金钱缘薄，虽收入不错，但为过路财神，钱财支出很大，幸好您擅长运用钱财，这个减少财富损失，可能下半生才能发富。</caibo><tianzai>您可能有一定的祖业，也可聚财自置产业，不动产不断增多，但时常迁居，财产反复得失。</tianzai><mingong></mingong></xingdi><xingdi id="1#9" name="天机星+巨门星"><caibo>您的财路多变化不定，有成有败，工作较热门，每件事一开展就多竞争对手，明争暗斗，奔波劳碌，破费唇舌，但经努力可有积蓄。</caibo><tianzai>您可自置产业，但产业少，常为产业而争执计较，家居不宁，多吵杂，破祖败业，易有家族或产业纷争，需要自己努力积聚置产。</tianzai><mingong></mingong></xingdi><xingdi id="1#11" name="天机星+天梁星"><caibo>您衣食无忧，多用智谋巧取或学问技艺谋财，无吉则平常。容易得到遗产或长辈助力发财，或经朋友帮助而间接得外来的收入，但财运变动较大，容易出现财来财去，较难聚财。</caibo><tianzai>您可自置产业，但产业少，常为产业而争执计较，能通过自己努力聚财置业，增添个人不动产，中晚年较为富贵。</tianzai><mingong></mingong></xingdi><xingdi id="2#7" name="太阳星+太阴星"><caibo>早年财运不济，钱财多会耗散，开销大，中年后运渐入佳境，财源平稳久远，不愁没有钱用，富贵天成，属晚发，下半生才能发富。可多种经营和兼多职，无吉星生活只能算是衣食无忧。</caibo><tianzai>您的不动产运很旺盛，但多浮动，不能永久维持，有逐渐衰退的倾向，或可聚财自置产业，不动产不断增多。 </tianzai><mingong></mingong></xingdi><xingdi id="2#9" name="太阳星+巨门星"><caibo>您会以口舌求财，多竞争，要拼搏才能赚钱聚财，财利多来自异乡，早年成败不定，中晚年可富。</caibo><tianzai>您的不动产运很旺盛，但多浮动，不能永久维持，有逐渐衰退的倾向，产业易有明争暗斗之事，需要自己努力积聚置产，不宜投资房地产。</tianzai><mingong></mingong></xingdi><xingdi id="2#11" name="太阳星+天梁星"><caibo>您可有祖荫，容易得到遗产或长辈助力发财，或经朋友帮助而间接得外来的收入，早年财运不佳，多劳心费力，钱财多会耗散，开销大，较难积累财富。经努力后可富裕，多为薪金或专业技术之财。</caibo><tianzai>您的不动产运很旺盛，会有祖产父业，但多浮动，不能永久维持，有逐渐衰退的倾向，较为适合通过自己努力聚财置业，增添个人不动产。</tianzai><mingong></mingong></xingdi><xingdi id="3#12" name="武曲星+七杀星"><caibo>您一生财运很好，财运方面较为偏重于实质性的行动，工作越忙碌越能为您带来财富。但生性浪费，财来财去，白手起家，辛劳生财。成败变化很大，暴发暴败。</caibo><tianzai>您的祖业较少，或因转手出去而逐渐退尽，常搬家，中晚年可自置。</tianzai><mingong></mingong></xingdi><xingdi id="3#10" name="武曲星+天相星"><caibo>您不擅投资经营，但有计划地支出，出生豪门世家，易得上流政界相助，多为任职发财，财帛丰足。</caibo><tianzai>您的祖业较少，可以继承发展的产业也少，或先破后置，较为适合通过自己努力去增加产业，可以有多处住宅。</tianzai><mingong></mingong></xingdi><xingdi id="3#13" name="武曲星+破军星"><caibo>您生性浪费，财运虽好，但破耗亦大，为过路财神，钱财东来西去，财到手而成空，难成富有，年轻时贫苦，晚年可有稍积蓄。</caibo><tianzai>您的祖业对您助力较少，相反您可能会破祖败业，需要先破败后再积聚财富购置产业才能容易守住产业。</tianzai><mingong></mingong></xingdi><xingdi id="3#6" name="武曲星+天府星"><caibo>生财入库，您擅理财也擅生财，不加吉亦主积财富裕，在现成局面下发展，能掌财权，财源稳定，工作越忙碌越能为您带来财富，一生必有积蓄。</caibo><tianzai>您会有祖业或现成事业，会有越做越好，不断兴旺，可富裕。</tianzai><mingong></mingong></xingdi><xingdi id="3#8" name="武曲星+贪狼星"><caibo>为交际之财，您早年较平常，擅长理财和运用钱财，以财生财，工作越忙碌越能为您带来财富。但求财心切，贪得无厌，生性浪费，多破耗，一般三十五岁后才发达。</caibo><tianzai>您并不看重祖业，喜欢自己努力拼搏获取产业，有横发机遇，到中晚年后才会购置不动产。</tianzai><mingong></mingong></xingdi><xingdi id="4#9" name="天同星+巨门星"><caibo>您财运多阻，经劳心费神、竞争才能获财，较为重享受，轻钱财，贫富不定，白手成家，早年较为艰辛，中年后才较顺，九流人吉利，但不能富。</caibo><tianzai>您的居家多会带带点阴湿，无祖业，有亦破败，不动产少，家事纠纷多，置业易生纠纷而招损失，中年后转好。</tianzai><mingong></mingong></xingdi><xingdi id="4#11" name="天同星+天梁星"><caibo>两星均不重钱财，您不会努力争钱，又不靠祖业，白手起家，但均为福星，可得贵人帮助，以薪金学问技艺得财，财运稳定，先贫后富。</caibo><tianzai>您会有祖产父业，但会有祖业破败的迹象，需要经历先破祖业再通过自己努力聚财置业，增添个人不动产才能较为安稳。</tianzai><mingong></mingong></xingdi><xingdi id="4#7" name="天同星+太阴星"><caibo>您能发家致富，得外族外乡之财，赚大钱的机会多，有意外的好运，宜技艺或为女性服务的行业。</caibo><tianzai>您可继承的祖业较少，或没有祖业，可以白手起家，但初期较为艰辛，经历失败后会越发顺畅，可聚财自置产业，不动产不断增多。 </tianzai><mingong></mingong></xingdi><xingdi id="5#6" name="廉贞星+天府星"><caibo>您善理财也善聚财，欲望大，视财如命，易有财务纠纷。有很多收获财富的机会，当财富流动性大，在现成局面下发展，能掌财权，财源稳定，一生必有积蓄。</caibo><tianzai>您有一定的祖产祖业，并能继承发展，也能通过自己努力打拼积累财富自置产业。</tianzai><mingong></mingong></xingdi><xingdi id="5#8" name="廉贞星+贪狼星"><caibo>您能干，欲望大，喜自营，财运反复起落，外华内虚，横发横破，无吉终败，辛劳贫困。</caibo><tianzai>您没有祖业，有亦无份继承或破败损失掉，家中不安宁，或常搬家。</tianzai><mingong></mingong></xingdi><xingdi id="5#10" name="廉贞星+天相星"><caibo>您财运较好，有很多收获财富的机会，财路较多，但是财运不太稳定，有起伏。够合理理财用财，但财富流动性大，易得易失。若生于富裕之家，为商贾生财之命，善交际应酬，可富足。</caibo><tianzai>您自身并不适合继承祖业，祖业会凋零，早年艰难，到手的产业会突然失去，通过辛苦拼搏，晚年才有积蓄和置业。</tianzai><mingong></mingong></xingdi><xingdi id="5#12" name="廉贞星+七杀星"><caibo>您会劳中进财，不善理财，善技艺积财致富，有很多收获财富的机会，财富流动性大，且带偏财横财性质，成败变化很大，多起伏，晚年较为富足。</caibo><tianzai>您没有祖业可继承，有亦会破败损失掉，常有搬家，白手成家，经辛勤努力积蓄，晚年可置产，或分期付款置产。</tianzai><mingong></mingong></xingdi><xingdi id="5#13" name="廉贞星+破军星"><caibo>您欲望大，胆大佞为，有欺诈而得之财，为钱财东奔西跑，财运大起大落，横发横破，宜见好就收，宜热闹区求谋。</caibo><tianzai>您没有祖业，或者继承的祖业会凋零，早年艰难，到手的产业会损失掉，通过辛苦拼搏，晚年才能自置产业。</tianzai><mingong></mingong></xingdi><xingdi id="14" name="禄存"><caibo>有财运，赚钱的机会多，能有积存财富。</caibo><tianzai>您的祖上有家业可以给你继承，祖上有一定财富，能继承并发展，为你提供助力，为人勤俭致富。</tianzai><mingong>不愁吃穿，有赚钱的机会和能力，同时也代表可以存财成富，为人很勤俭节约，喜存储收藏钱财，但需要辛勤劳动才能有一定积蓄。</mingong></xingdi><xingdi id="15" name="天马"><caibo>在奔波劳累中收获财富，金钱的进出流动波动大，来的急，去的也快，需要好好预防破财。</caibo><tianzai>利于开店做生意，将能容易成功吸引人潮光临。同时也适合担任不动产中介，另一方面可能自己拥有的不动产更迭频率较为频繁。</tianzai><mingong>做事积极主动，有冲劲，讲求效率，身体力行，能吃苦耐劳，同时变动也大，容易在动中取财。</mingong></xingdi><xingdi id="16" name="文曲"><caibo>对财富敏感，头脑灵活，有财富管理能力，特别对于从事文学职业的人能增加财富收入。</caibo><tianzai>有机会继承祖业，或者能购买属于自己的田宅物业，但是要到中晚年才会有这样的机会。</tianzai><mingong>有优异的文艺天份，学习能力强，也有助于在学术上取得好成绩，提升自身能力，从而使自己的取财能力更强。</mingong></xingdi><xingdi id="17" name="文昌"><caibo>对财富敏感，头脑灵活，有财富管理能力，特别对于从事文学职业的人能增加财富收入。</caibo><tianzai>有机会继承祖业，或者能购买属于自己的田宅物业，但是要到中晚年才会有这样的机会。</tianzai><mingong>有优异的文艺天份，学习能力强，也有助于在学术上取得好成绩，提升自身能力，从而使自己的取财能力更强。</mingong></xingdi><xingdi id="18" name="左辅"><caibo>有赚钱的能力，同时也有很多赚钱的途径，懂得管理财富，可以存钱累积财富。</caibo><tianzai>有祖业可以继承，可以不断发展壮大祖业，或者得到长辈帮助，获得属于自己的田宅。</tianzai><mingong>能得贵人相助，使得工作、事业进展顺利，能有突出的表现，生活富足。</mingong></xingdi><xingdi id="19" name="右弼"><caibo>有赚钱的能力，同时也有很多赚钱的途径，懂得管理财富，可以存钱累积财富。</caibo><tianzai>有祖业可以继承，可以不断发展壮大祖业，或者得到长辈帮助，获得属于自己的田宅。</tianzai><mingong>能得贵人相助，使得工作、事业进展顺利，能有突出的表现，生活富足。</mingong></xingdi><xingdi id="20" name="天魁"><caibo>求财会遇到贵人相助，推进事业发展，有更好的财富收益。</caibo><tianzai>祖业方面可能会有楼房可以继承，也能不断发展祖业，长辈对于自己的发展会有帮助，可以得公司、单位、政策给予的机会。</tianzai><mingong>能获得贵人的赏识提拔，或进一步发展，一生中有很多赚钱的机会，好好把握将会赚得不少的财富。</mingong></xingdi><xingdi id="21" name="天钺"><caibo>求财会遇到贵人相助，推进事业发展，有更好的财富收益。</caibo><tianzai>祖业方面可能会有楼房可以继承，也能不断发展祖业，长辈对于自己的发展会有帮助，可以得公司、单位、政策给予的机会。</tianzai><mingong>能获得贵人的赏识提拔，或进一步发展，一生中有很多赚钱的机会，好好把握将会赚得不少的财富。</mingong></xingdi><xingdi id="22" name="擎羊"><caibo>钱财会有损耗，就是很小心经营，还是会遇到突发变故导致钱财流失。求财会是劳心劳碌，而且很容易错失发财的机会。</caibo><tianzai>继承祖业会遇到困难，可能会遇到困难资金周转不灵，甚至会有破财卖田宅的风险，破祖败业，一生辛劳。</tianzai><mingong>会有不同的麻烦不顺出现在您的生活中，工作上也会遇到阻力，生活并不会很顺利，还需注意意外伤害。</mingong></xingdi><xingdi id="23" name="陀罗"><caibo>钱财会有损耗，就是很小心经营，还是会遇到突发变故导致钱财流失。求财会是劳心劳碌，而且很容易错失发财的机会。</caibo><tianzai>继承祖业会遇到困难，可能会遇到困难资金周转不灵，甚至会有破财卖田宅的风险，破祖败业，一生辛劳。</tianzai><mingong>会有不同的麻烦不顺出现在您的生活中，工作上也会遇到阻力，生活并不会很顺利，还需注意意外伤害。</mingong></xingdi><xingdi id="24" name="火星"><caibo>有偏财运，可能会得到意外之财，同时也可能会遇到突发的变故而意外失财，或可能会因为金钱问题与人闹矛盾。</caibo><tianzai>有机会继承祖业，但是继承来的祖业波动较大，难以留住，可能会变卖掉，也可以破败损失掉。</tianzai><mingong>一生中波折较多，麻烦不断，或人事上的斗争，或奔波劳碌，需要加强解决麻烦的能力。</mingong></xingdi><xingdi id="25" name="铃星"><caibo>有偏财运，可能会得到意外之财，同时也可能会遇到突发的变故而意外失财，或可能会因为金钱问题与人闹矛盾。</caibo><tianzai>有机会继承祖业，但是继承来的祖业波动较大，难以留住，可能会变卖掉，也可以破败损失掉。</tianzai><mingong>一生中波折较多，麻烦不断，或人事上的斗争，或奔波劳碌，需要加强解决麻烦的能力。</mingong></xingdi><xingdi id="26" name="地空"><caibo>不会理财，用钱无度，往往会出现超支的情况，或者用未来钱，先借钱然后出薪水时再还钱，无法积存财富。</caibo><tianzai>可以继承的祖业不多，田宅可能不利于登记于自己名下，不会留太久，会破祖败业、不聚财、产业多变动。</tianzai><mingong>财运欠佳，理财能力不足，钱财较无法聚集。情绪较不稳定，容易情绪化，精神上会感觉空虚寂寞。</mingong></xingdi><xingdi id="27" name="地劫"><caibo>不会理财，用钱无度，往往会出现超支的情况，或者用未来钱，先借钱然后出薪水时再还钱，无法积存财富。</caibo><tianzai>可以继承的祖业不多，田宅可能不利于登记于自己名下，不会留太久，会破祖败业、不聚财、产业多变动。</tianzai><mingong>财运欠佳，理财能力不足，钱财较无法聚集。情绪较不稳定，容易情绪化，精神上会感觉空虚寂寞。</mingong></xingdi><xingdi id="28" name="化禄"><caibo></caibo><tianzai></tianzai><mingong></mingong></xingdi><xingdi id="29" name="化权"><caibo></caibo><tianzai></tianzai><mingong></mingong></xingdi><xingdi id="30" name="化科"><caibo></caibo><tianzai></tianzai><mingong></mingong></xingdi><xingdi id="31" name="化忌"><caibo></caibo><tianzai></tianzai><mingong></mingong></xingdi></root>