<?xml version="1.0" encoding="UTF-8"?>
<root>
	<dashizhenyan id="0" name="紫微">
		<dizhi id="0">
			<content id="1">衣食丰足，财运好,财运亨通，财源不断。</content>
			<content id="2">为孤君者求财艰辛，挥霍浪费，财来财去，但衣食不缺。</content>
		</dizhi>
		<dizhi id="1">
			<content id="1">财运有起有落，有成有败，早年贫困或操劳艰辛，晚年发达，一生必有一次意外之发财机遇，得财后逢丑或未年会大破耗，多是得财后增加投入所致，所以适合见好就收。/n财运旺，能暴发，亦且能守财。
			</content>
			<content id="2">财运有起有落，有成有败，早年贫困或操劳艰辛，晚年发达，一生必有一次意外之发财机遇，得财后逢丑或未年会大破耗，多是得财后增加投入所致，所以适合见好就收。/n风险很大，横发横破，破败后较得财前更加贫困。
			</content>
		</dizhi>
		<dizhi id="2">
			<content id="1">一生钱财不缺，能聚财，赚大钱，财运亨通，财源不断，高官厚禄。</content>
			<content id="2">一生钱财不缺，能聚财，甚至会赚大钱。/n但财运不佳，求财辛苦，或会财来财去，求财反生破败。
			</content>
		</dizhi>
		<dizhi id="3">
			<content id="1">能守现成家业，且有独特技能，求财先难后易，三十岁前有成有败，三十岁后发达，中晚年富有，财运佳，有横发机运，但横发后会挥霍致败，得化禄星才可化解。
			</content>
			<content id="2">能守现成家业，且有独特技能，求财先难后易，三十岁前有成有败，三十岁后发达，中晚年富有，有横发机运，但横发后会挥霍致败，得化禄星才可化解。/n财运不好，求财会不择手段，容易横发后横破。
			</content>
		</dizhi>
		<dizhi id="4">
			<content id="1">善积储致富，财运亦好，有暴发机遇，财帛丰足，领薪稳定，或助他人理财，做代理会相当顺利。
			</content>
			<content id="2">善积储致富，财运亦好，有暴发机遇，财帛丰足，领薪稳定，或助他人理财，做代理会相当顺利。/n但会多波折，先易后难，暴容易发暴败而变贫困。一生亦必先有一次挫折，然后始开运发达。
			</content>
		</dizhi>
		<dizhi id="5">
			<content id="1">一般喜投资经营，不喜储财，但财运不稳定，先难后易，一生必经一次破产，原因多为环境改变所致，所以经营投资需要查看流年吉凶情况。/n会有横财运，能保留下一定的财富，破败后也能东山再起，晚年或会有破财。
			</content>
			<content id="2">一般喜投资经营，不喜储财，但财运不稳定，先难后易，一生必经一次破产，原因多为环境改变所致，所以经营投资需要查看流年吉凶情况。/n会有横财运，但也可能会因偶然的事故而倾家荡产，且难以东山再起。
			</content>
		</dizhi>
		<dizhi id="6">
			<content id="1">衣食丰足，财运好,财运亨通，财源不断。</content>
			<content id="2">为孤君者求财艰辛，挥霍浪费，财来财去，但衣食不缺。</content>
		</dizhi>
		<dizhi id="7">
			<content id="1">财运有起有落，有成有败，早年贫困或操劳艰辛，晚年发达，一生必有一次意外之发财机遇，得财后逢丑或未年会大破耗，多是得财后增加投入所致，所以适合见好就收。/n财运旺，能暴发，亦且能守财。
			</content>
			<content id="2">财运有起有落，有成有败，早年贫困或操劳艰辛，晚年发达，一生必有一次意外之发财机遇，得财后逢丑或未年会大破耗，多是得财后增加投入所致，所以适合见好就收。/n风险很大，横发横破，破败后较得财前更加贫困。
			</content>
		</dizhi>
		<dizhi id="8">
			<content id="1">一生钱财不缺，能聚财，赚大钱，财运亨通，财源不断，高官厚禄。</content>
			<content id="2">一生钱财不缺，能聚财，甚至会赚大钱。/n但财运不佳，求财辛苦，或会财来财去，求财反生破败。
			</content>
		</dizhi>
		<dizhi id="9">
			<content id="1">能守现成家业，且有独特技能，求财先难后易，三十岁前有成有败，三十岁后发达，中晚年富有，财运佳，有横发机运，但横发后会挥霍致败，得化禄星才可化解。
			</content>
			<content id="2">能守现成家业，且有独特技能，求财先难后易，三十岁前有成有败，三十岁后发达，中晚年富有，有横发机运，但横发后会挥霍致败，得化禄星才可化解。/n财运不好，求财会不择手段，容易横发后横破。
			</content>
		</dizhi>
		<dizhi id="10">
			<content id="1">善积储致富，财运亦好，有暴发机遇，财帛丰足，领薪稳定，或助他人理财，做代理会相当顺利。
			</content>
			<content id="2">善积储致富，财运亦好，有暴发机遇，财帛丰足，领薪稳定，或助他人理财，做代理会相当顺利。/n但会多波折，先易后难，暴容易发暴败而变贫困。一生亦必先有一次挫折，然后始开运发达。
			</content>
		</dizhi>
		<dizhi id="11">
			<content id="1">一般喜投资经营，不喜储财，但财运不稳定，先难后易，一生必经一次破产，原因多为环境改变所致，所以经营投资需要查看流年吉凶情况。/n会有横财运，能保留下一定的财富，破败后也能东山再起，晚年或会有破财。
			</content>
			<content id="2">一般喜投资经营，不喜储财，但财运不稳定，先难后易，一生必经一次破产，原因多为环境改变所致，所以经营投资需要查看流年吉凶情况。/n会有横财运，但也可能会因偶然的事故而倾家荡产，且难以东山再起。
			</content>
		</dizhi>
	</dashizhenyan>
	<dashizhenyan id="1" name="天机">
		<dizhi id="0">
			<content id="1">钱财不缺，但难聚财，赚钱需要劳心而费唇舌。当然财运会有好转，可以减少辛劳，经过艰苦奋斗后晚年才有积蓄。
			</content>
			<content id="2">钱财不缺，但难聚财，赚钱需要劳心而费唇舌，经过艰苦奋斗后晚年才有积蓄。/n多竞争，有成败，或会因为计谋失误导致破财。
			</content>
		</dizhi>
		<dizhi id="1">
			<content id="1">通过投机取巧的方式有助于求财，财运有起有落。财运会有所好转，而且可以减少辛苦劳动。
			</content>
			<content id="2">通过投机取巧的方式有助于求财，财运有起有落，需要奔波劳碌去求财，但取得的利益并不令您满意。
			</content>
		</dizhi>
		<dizhi id="2">
			<content id="1">有成有败，能白手起家，先难后易，经努力奋斗可以致富，可以身兼二职。/n求财有助力机遇，减少辛劳，但总是对钱财感到不满足。/n需要劳心做计划，较适合金融财经税务机关等工作，不适合投资经商。
			</content>
			<content id="2">有成有败，能白手起家，先难后易，需要经努力奋斗才可以致富，可以身兼二职。/n受到不好的影响，或会成少败多，很辛劳，财来财去，不聚财。/n需要劳心做计划，较适合金融财经税务机关等工作，不适合投资经商。
			</content>
		</dizhi>
		<dizhi id="3">
			<content id="1">财路多变化不定，有成有败，工作较热门，每件事一开展就多竞争对手，明争暗斗，奔波劳碌，破费唇舌，但经努力可有积蓄。竞争会得利，先贫后富。
			</content>
			<content id="2">财路多变化不定，有成有败，工作较热门，每件事一开展就多竞争对手，明争暗斗，奔波劳碌，破费唇舌，但经努力可有积蓄。/n败多成少，财富难以积聚，甚至会劳而无功，破财败业。
			</content>
		</dizhi>
		<dizhi id="4">
			<content id="1">算是衣食无忧，多用智谋巧取或学问技艺谋财会得利，可以得祖荫或长辈的助力发财。</content>
			<content id="2">算是衣食无忧，多用智谋巧取或学问技艺谋财会得利。/n但会遇到阻碍，成少败多，甚至会导致贫困潦倒。
			</content>
		</dizhi>
		<dizhi id="5">
			<content id="1">难以聚财，多兼行兼职，但欠缺经商的经验和魄力，不适合自主经营。财源变化大，经商容易遇到挫折。/n经营能力和助力会得到加强，进财较为顺利。
			</content>
			<content id="2">难以聚财，多兼行兼职，但欠缺经商的经验和魄力，不适合自主经营。财源变化大，经商容易遇到挫折。/n求财艰辛，财源变动更大，或会破财败业。
			</content>
		</dizhi>
		<dizhi id="6">
			<content id="1">钱财不缺，但难聚财，赚钱需要劳心而费唇舌。当然财运会有好转，可以减少辛劳，经过艰苦奋斗后晚年才有积蓄。
			</content>
			<content id="2">钱财不缺，但难聚财，赚钱需要劳心而费唇舌，经过艰苦奋斗后晚年才有积蓄。/n多竞争，有成败，或会因为计谋失误导致破财。
			</content>
		</dizhi>
		<dizhi id="7">
			<content id="1">通过投机取巧的方式有助于求财，财运有起有落。财运会有所好转，而且可以减少辛苦劳动。
			</content>
			<content id="2">通过投机取巧的方式有助于求财，财运有起有落，需要奔波劳碌去求财，但取得的利益并不令您满意。
			</content>
		</dizhi>
		<dizhi id="8">
			<content id="1">有成有败，能白手起家，先难后易，经努力奋斗可以致富，可以身兼二职。/n求财有助力机遇，减少辛劳，但总是对钱财感到不满足。/n需要劳心做计划，较适合金融财经税务机关等工作，不适合投资经商。
			</content>
			<content id="2">有成有败，能白手起家，先难后易，需要经努力奋斗才可以致富，可以身兼二职。/n受到不好的影响，或会成少败多，很辛劳，财来财去，不聚财。/n需要劳心做计划，较适合金融财经税务机关等工作，不适合投资经商。
			</content>
		</dizhi>
		<dizhi id="9">
			<content id="1">财路多变化不定，有成有败，工作较热门，每件事一开展就多竞争对手，明争暗斗，奔波劳碌，破费唇舌，但经努力可有积蓄。竞争会得利，先贫后富。
			</content>
			<content id="2">财路多变化不定，有成有败，工作较热门，每件事一开展就多竞争对手，明争暗斗，奔波劳碌，破费唇舌，但经努力可有积蓄。/n败多成少，财富难以积聚，甚至会劳而无功，破财败业。
			</content>
		</dizhi>
		<dizhi id="10">
			<content id="1">算是衣食无忧，多用智谋巧取或学问技艺谋财会得利，可以得祖荫或长辈的助力发财。</content>
			<content id="2">算是衣食无忧，多用智谋巧取或学问技艺谋财会得利。/n但会遇到阻碍，成少败多，甚至会导致贫困潦倒。
			</content>
		</dizhi>
		<dizhi id="11">
			<content id="1">难以聚财，多兼行兼职，但欠缺经商的经验和魄力，不适合自主经营。财源变化大，经商容易遇到挫折。/n经营能力和助力会得到加强，进财较为顺利。
			</content>
			<content id="2">难以聚财，多兼行兼职，但欠缺经商的经验和魄力，不适合自主经营。财源变化大，经商容易遇到挫折。/n求财艰辛，财源变动更大，或会破财败业。
			</content>
		</dizhi>
	</dashizhenyan>
	<dashizhenyan id="2" name="太阳">
		<dizhi id="0">
			<content id="1">求财多竞争，劳碌难顺利，一生为金钱而奔波，财来财去，支出大，但仍不愁缺钱用，辛劳可以致富。
			</content>
			<content id="2">求财多竞争，劳碌难顺利，一生为金钱而奔波，财来财去，纷争是非多，财利容易被别人侵夺，收入少支出多，容易变得贫困潦倒。
			</content>
		</dizhi>
		<dizhi id="1">
			<content id="1">求财多竞争，劳碌难顺利，一生为金钱而奔波，财来财去，支出大，但仍不愁缺钱用。早年财运不济，中年后运渐入佳境，可以有多种经营事业和兼多职。
			</content>
			<content id="2">求财多竞争，劳碌难顺利，一生为金钱而奔波，财来财去，支出大，辛劳少成，钱财聚散无常，甚至会有财务纠纷，但仍不愁缺钱用。/n早年财运不济，中年后运渐入佳境，可以有多种经营事业和兼多职。
			</content>
		</dizhi>
		<dizhi id="2">
			<content id="1">能白手成家，以口舌求财，多竞争，要拼搏才能赚钱聚财，财利多来自异乡，早年成败不定，中晚年可富足。
			</content>
			<content id="2">能白手成家，以口舌求财，多竞争，成少败多，纷争多，要拼搏才能赚钱聚财，财利多来自异乡，早年成败不定，中晚年可富足。
			</content>
		</dizhi>
		<dizhi id="3">
			<content id="1">会有祖荫，早年财运或会不佳，需要多劳心费力，经努力后可富裕起来，多会靠薪金或专业技术来获取财富。
			</content>
			<content id="2">会有祖荫，早年财运或会不佳，非常辛劳浪费，且有纷争，财富利益有被别人侵夺的可能，支出很大，但仍不缺钱用，经努力后可富裕起来，多会靠薪金或专业技术来获取财富。
			</content>
		</dizhi>
		<dizhi id="4">
			<content id="1">年轻时就有好财运，容易富贵，地位高，但名大于利，财富丰足，事业成功且少辛劳，或会得贵人相助而富贵。
			</content>
			<content id="2">年轻时就有好财运，容易富贵，地位高，名大于利。/n但是求财会非常辛劳浪费，而且会有纷争，财富利益有被别人侵夺的可能，支出很大，但仍不缺钱用。
			</content>
		</dizhi>
		<dizhi id="5">
			<content id="1">年轻时就有好财运，容易富贵，地位高，但名大于利，财富丰足，事业成功且少辛劳，或会得贵人相助而富贵。
			</content>
			<content id="2">年轻时就有好财运，容易富贵，地位高，名大于利。/n但是求财会非常辛劳浪费，而且会有纷争，财富利益有被别人侵夺的可能，支出很大，但仍不缺钱用。
			</content>
		</dizhi>
		<dizhi id="6">
			<content id="1">年轻时就有好财运，容易富贵，地位高，但名大于利，财富丰足，事业成功且少辛劳，或会得贵人相助而富贵。
			</content>
			<content id="2">年轻时就有好财运，容易富贵，地位高，名大于利。/n但是求财会非常辛劳浪费，而且会有纷争，财富利益有被别人侵夺的可能，支出很大，但仍不缺钱用。
			</content>
		</dizhi>
		<dizhi id="7">
			<content id="1">求财多竞争，劳碌难顺利，一生为金钱而奔波，财来财去，支出大，但仍不愁缺钱用。早年财运不济，中年后运渐入佳境，可以有多种经营事业和兼多职。
			</content>
			<content id="2">求财多竞争，劳碌难顺利，一生为金钱而奔波，财来财去，支出大，辛劳少成，钱财聚散无常，甚至会有财务纠纷，但仍不愁缺钱用。/n早年财运不济，中年后运渐入佳境，可以有多种经营事业和兼多职。
			</content>
		</dizhi>
		<dizhi id="8">
			<content id="1">能白手成家，以口舌求财，多竞争，要拼搏才能赚钱聚财，财利多来自异乡，早年成败不定，中晚年可富足。
			</content>
			<content id="2">能白手成家，以口舌求财，多竞争，成少败多，纷争多，要拼搏才能赚钱聚财，财利多来自异乡，早年成败不定，中晚年可富足。
			</content>
		</dizhi>
		<dizhi id="9">
			<content id="1">会有祖荫，早年财运或会不佳，需要多劳心费力，求财多竞争，劳碌难顺利，一生为金钱而奔波，财来财去，支出大，但仍不愁缺钱用。
			</content>
			<content id="2">会有祖荫，早年财运或会不佳，需要多劳心费力，求财多竞争，劳碌难顺利，一生为金钱而奔波，财来财去，支出大，但仍不愁缺钱用。
			</content>
		</dizhi>
		<dizhi id="10">
			<content id="1">求财多竞争，劳碌难顺利，一生为金钱而奔波，财来财去，支出大，但仍不愁缺钱用，辛劳可以致富。
			</content>
			<content id="2">求财多竞争，劳碌难顺利，一生为金钱而奔波，财来财去，纷争是非多，财利容易被别人侵夺，收入少支出多，容易变得贫困潦倒。
			</content>
		</dizhi>
		<dizhi id="11">
			<content id="1">求财多竞争，劳碌难顺利，一生为金钱而奔波，财来财去，支出大，但仍不愁缺钱用，辛劳可以致富。
			</content>
			<content id="2">求财多竞争，劳碌难顺利，一生为金钱而奔波，财来财去，纷争是非多，财利容易被别人侵夺，收入少支出多，容易变得贫困潦倒。
			</content>
		</dizhi>
	</dashizhenyan>
	<dashizhenyan id="3" name="武曲">
		<dizhi id="0">
			<content id="1">生财入库，擅理财也擅生财，可以积财成富，有成为富翁的潜质，但在钱财方面可能会有点自私。
			</content>
			<content id="2">生财入库，擅理财也擅生财，努力把握机会可以积财成富，有成为富翁的潜质。/n但是财运有起伏，很难积财，甚至会有破财的风险，当然衣食方面还是会有的。
			</content>
		</dizhi>
		<dizhi id="1">
			<content id="1">财富方面多是交际之财，早年较平常，三十五岁后开始发达，钱财滚滚来，而且能保全袭来，有成为富翁的潜质。
			</content>
			<content id="2">财富方面多是交际之财，早年较平常，三十五岁后开始发达，钱财滚滚来，而且能保全袭来，有成为富翁的潜质。/n但须注意会有横发横破，财运波动大，过于激进冒险或会破产、贫困。
			</content>
		</dizhi>
		<dizhi id="2">
			<content id="1">不擅投资经营，但会有计划地控制支出，或会出生豪门世家，容易得到上流政界相助，可以通过任职发财，财帛丰足，有成为富翁的潜力。
			</content>
			<content id="2">不擅投资经营，但会有计划地控制支出，或会出生豪门世家，容易得到上流政界相助，可以通过任职发财，财帛丰足。/n但通过经商求财会较为艰辛，财来财去，适合任职或百工技艺谋生。
			</content>
		</dizhi>
		<dizhi id="3">
			<content id="1">生性浪费，金钱流动性大，财来财去是常见现象，能白手起家，但需要辛劳生财，不建议投机事业，企业资产性质的财富会有所增加。
			</content>
			<content id="2">生性浪费，金钱流动性大，财来财去是常见现象，能白手起家，但需要辛劳生财。/n需要注意不要挥霍无度，发达后也会有破败风险，或因争财而招惹灾祸刑讼。
			</content>
		</dizhi>
		<dizhi id="4">
			<content id="1">财运佳，擅理财，工作取财多竞争，需要经历辛劳才能致富，可能会有爆发的机会，钱财滚滚来，而且能够积存下来，有成为富翁的潜质。
			</content>
			<content id="2">财运佳，擅理财，工作取财多竞争，需要经历辛劳才能致富。/n求财辛劳或有损耗，财来财去，或因财惹祸，但仍有财运。
			</content>
		</dizhi>
		<dizhi id="5">
			<content id="1">生性浪费，财运虽好，但破耗也大，多会是过路财神，钱财东来西去，财到手而成空，难成富有。年轻时贫苦，之后会减少辛劳，中年后可积富。
			</content>
			<content id="2">生性浪费，财运虽好，但破耗也大，多会是过路财神，钱财东来西去，财到手而成空，难成富有。年轻时贫苦，劳碌贫困，晚年才可有积蓄。
			</content>
		</dizhi>
		<dizhi id="6">
			<content id="1">生财入库，擅理财也擅生财，可以积财成富，有成为富翁的潜质，但在钱财方面可能会有点自私。
			</content>
			<content id="2">生财入库，擅理财也擅生财，努力把握机会可以积财成富，有成为富翁的潜质。/n但是财运有起伏，很难积财，甚至会有破财的风险，当然衣食方面还是会有的。
			</content>
		</dizhi>
		<dizhi id="7">
			<content id="1">财富方面多是交际之财，早年较平常，三十五岁后开始发达，钱财滚滚来，而且能保全袭来，有成为富翁的潜质。
			</content>
			<content id="2">财富方面多是交际之财，早年较平常，三十五岁后开始发达，钱财滚滚来，而且能保全袭来，有成为富翁的潜质。/n但须注意会有横发横破，财运波动大，过于激进冒险或会破产、贫困。
			</content>
		</dizhi>
		<dizhi id="8">
			<content id="1">不擅投资经营，但会有计划地控制支出，或会出生豪门世家，容易得到上流政界相助，可以通过任职发财，财帛丰足，有成为富翁的潜力。
			</content>
			<content id="2">不擅投资经营，但会有计划地控制支出，或会出生豪门世家，容易得到上流政界相助，可以通过任职发财，财帛丰足。/n但通过经商求财会较为艰辛，财来财去，适合任职或百工技艺谋生。
			</content>
		</dizhi>
		<dizhi id="9">
			<content id="1">生性浪费，金钱流动性大，财来财去是常见现象，能白手起家，但需要辛劳生财，不建议投机事业，企业资产性质的财富会有所增加。
			</content>
			<content id="2">生性浪费，金钱流动性大，财来财去是常见现象，能白手起家，但需要辛劳生财。/n需要注意不要挥霍无度，发达后也会有破败风险，或因争财而招惹灾祸刑讼。
			</content>
		</dizhi>
		<dizhi id="10">
			<content id="1">财运佳，擅理财，工作取财多竞争，需要经历辛劳才能致富，可能会有爆发的机会，钱财滚滚来，而且能够积存下来，有成为富翁的潜质。
			</content>
			<content id="2">财运佳，擅理财，工作取财多竞争，需要经历辛劳才能致富。/n求财辛劳或有损耗，财来财去，或因财惹祸，但仍有财运。
			</content>
		</dizhi>
		<dizhi id="11">
			<content id="1">生性浪费，财运虽好，但破耗也大，多会是过路财神，钱财东来西去，财到手而成空，难成富有。年轻时贫苦，之后会减少辛劳，中年后可积富。
			</content>
			<content id="2">生性浪费，财运虽好，但破耗也大，多会是过路财神，钱财东来西去，财到手而成空，难成富有。年轻时贫苦，劳碌贫困，晚年才可有积蓄。
			</content>
		</dizhi>
	</dashizhenyan>
	<dashizhenyan id="4" name="天同">
		<dizhi id="0">
			<content id="1">较为容易得到外族外乡的财富，赚大钱的机会多，有意外的好运，如果从事技艺或为女性服务的行业就会更吉利。
			</content>
			<content id="2">较为容易得到外族外乡的财富，赚大钱的机会多，有意外的好运，如果从事技艺或为女性服务的行业就会更吉利。/n赚钱较为辛劳劳碌，但不会贫穷。
			</content>
		</dizhi>
		<dizhi id="1">
			<content id="1">财运多有阻碍，贫富变化不定，可以白手成家，中年后才会较顺利，但不会很富有，稍能聚财致富。
			</content>
			<content id="2">财运多有阻碍，贫富变化不定，可以白手成家，中年后才会较顺利，但不会很富有，稍能聚财致富。求财需要劳心，容易招惹是非纷争，从事口舌或技艺的行业会有所改善。
			</content>
		</dizhi>
		<dizhi id="2">
			<content id="1">不看重钱财，不会努力争钱，又不靠祖业，但可以白手起家，可得贵人帮助，以薪金学问技艺等方式来收获财富，财运稳定，先贫后富。财源丰足，外乡容易发财，可以成富翁。
			</content>
			<content id="2">不看重钱财，不会努力争钱，又不靠祖业，但可以白手起家，可得贵人帮助，以薪金学问技艺等方式来收获财富，财运稳定，先贫后富，经努力后，晚年稍有积蓄，如果从事医生、艺术、五术等事业，仍可以衣食无忧。
			</content>
		</dizhi>
		<dizhi id="3">
			<content id="1">有不劳而获的财运，或有稳定的收入，白手起家，或以小变大，早年较艰辛（相对而言，一般还是衣食无忧的），晚年后才顺利。一生钱财较平稳，但仍要晚年才能富有。
			</content>
			<content id="2">有不劳而获的财运，或有稳定的收入，白手起家，或以小变大，早年较艰辛（相对而言，一般还是衣食无忧的），晚年后才顺利。一生钱财较平稳，但仍要晚年才能富有。
			</content>
		</dizhi>
		<dizhi id="4">
			<content id="1">少年贫困，经努力可有小康水平，若不努力则到老无积蓄。早年较艰辛（相对而言，一般还是衣食无忧的），晚年后才顺利，收入稍平稳，有积蓄。
			</content>
			<content id="2">少年贫困，经努力可有小康水平，若不努力则到老无积蓄。早年较艰辛（相对而言，一般还是衣食无忧的），晚年后才顺利。/n能积极进取，但会多阻力和辛劳，或会以百工技艺或三教九流等谋生。
			</content>
		</dizhi>
		<dizhi id="5">
			<content id="1">有不劳而获的财运，或有稳定的收入，白手起家，或以小变大，早年较艰辛（相对而言，一般还是衣食无忧的），晚年后才顺利。一生钱财较平稳，但仍要晚年才能富有。
			</content>
			<content id="2">有不劳而获的财运，或有稳定的收入，白手起家，或以小变大，早年较艰辛（相对而言，一般还是衣食无忧的），晚年后才顺利。一生钱财较平稳，但仍要晚年才能富有。
			</content>
		</dizhi>
		<dizhi id="6">
			<content id="1">少年贫困，经努力可有小康水平，若不努力则到老无积蓄。收入稍平稳，可以有积蓄。</content>
			<content id="2">少年贫困，经努力可有小康水平，若不努力则到老无积蓄。收入稍平稳，较难有积蓄，甚至会穷困潦倒。
			</content>
		</dizhi>
		<dizhi id="7">
			<content id="1">财运多有阻碍，贫富变化不定，可以白手成家，中年后才会较顺利，但不会很富有，稍能聚财致富。
			</content>
			<content id="2">财运多有阻碍，贫富变化不定，可以白手成家，中年后才会较顺利，但不会很富有，稍能聚财致富。求财需要劳心，容易招惹是非纷争，从事口舌或技艺的行业会有所改善。
			</content>
		</dizhi>
		<dizhi id="8">
			<content id="1">不看重钱财，不会努力争钱，又不靠祖业，但可以白手起家，可得贵人帮助，以薪金学问技艺等方式来收获财富，财运稳定，先贫后富。财源丰足，外乡容易发财，可以成富翁。
			</content>
			<content id="2">不看重钱财，不会努力争钱，又不靠祖业，但可以白手起家，可得贵人帮助，以薪金学问技艺等方式来收获财富，财运稳定，先贫后富，经努力后，晚年稍有积蓄，如果从事医生、艺术、五术等事业，仍可以衣食无忧。
			</content>
		</dizhi>
		<dizhi id="9">
			<content id="1">少年贫困，经努力可有小康水平，若不努力则到老无积蓄。早年较艰辛（相对而言，一般还是衣食无忧的），晚年后才顺利，收入稍平稳，有积蓄。
			</content>
			<content id="2">少年贫困，经努力可有小康水平，若不努力则到老无积蓄。早年较艰辛（相对而言，一般还是衣食无忧的），晚年后才顺利。/n能积极进取，但会多阻力和辛劳，或会以百工技艺或三教九流等谋生。
			</content>
		</dizhi>
		<dizhi id="10">
			<content id="1">少年贫困，经努力可有小康水平，若不努力则到老无积蓄。早年较艰辛（相对而言，一般还是衣食无忧的），晚年后才顺利，收入稍平稳，有积蓄。
			</content>
			<content id="2">少年贫困，经努力可有小康水平，若不努力则到老无积蓄。早年较艰辛（相对而言，一般还是衣食无忧的），晚年后才顺利。/n能积极进取，但会多阻力和辛劳，或会以百工技艺或三教九流等谋生。
			</content>
		</dizhi>
		<dizhi id="11">
			<content id="1">有不劳而获的财运，或有稳定的收入，白手起家，或以小变大，早年较艰辛（相对而言，一般还是衣食无忧的），晚年后才顺利。一生钱财较平稳，但仍要晚年才能富有。
			</content>
			<content id="2">有不劳而获的财运，或有稳定的收入，白手起家，或以小变大，早年较艰辛（相对而言，一般还是衣食无忧的），晚年后才顺利。一生钱财较平稳，但仍要晚年才能富有。
			</content>
		</dizhi>
	</dashizhenyan>
	<dashizhenyan id="5" name="廉贞">
		<dizhi id="0">
			<content id="1">您可能会生于富裕之家，此命为商贾生财之命，善交际应酬，可以发家致富，甚至会大富，为巨商。
			</content>
			<content id="2">您可能会生于富裕之家，此命为商贾生财之命，善交际应酬，可以发家致富。/n求财路上多艰辛纠纷，破败，或需经艰苦努力后致富，会有横发横破的变故，建议见好就收。
			</content>
		</dizhi>
		<dizhi id="1">
			<content id="1">劳中进财，往往需要经艰苦努力后才能收获财富，不善理财，可以从技艺方面入手积财致富，人生多起伏，但多贵人助力，劳而有获，晚年会发达。
			</content>
			<content id="2">劳中进财，往往需要经艰苦努力后才能收获财富，不善理财，可以从技艺方面入手积财致富，人生多起伏，财来财去，晚年会发达。
			</content>
		</dizhi>
		<dizhi id="2">
			<content id="1">财运变化大，财来财去，辛劳生财，于竞争中得到利益，善于理财，勤劳致富。</content>
			<content id="2">财运变化大，财来财去，辛劳生财，求财艰苦且多波折，多竞争纠纷，但可以从竞争中得到利益，成败不定。/n幸好你善于理财，请相信勤劳可以致富。
			</content>
		</dizhi>
		<dizhi id="3">
			<content id="1">欲望大，胆大佞为，会有欺诈骗取钱财，为钱财东奔西跑，财运大起大落，横发横破，建议见好就收，容易在热闹区域赚钱，可以积蓄成小富人。
			</content>
			<content id="2">欲望大，胆大佞为，会有欺诈骗取钱财，为钱财东奔西跑，财运大起大落，横发横破，难聚财，有成有败，建议见好就收，容易在热闹区域赚钱，可以积蓄成小富人。
			</content>
		</dizhi>
		<dizhi id="4">
			<content id="1">善于理财，也善于聚财，欲望大，视财如命，容易有财务方面的纠纷，算是可以衣食无忧，有成为富翁的潜质。
			</content>
			<content id="2">善于理财，也善于聚财，欲望大，视财如命，容易有财务方面的纠纷，算是可以衣食无忧，有成为富翁的潜质。/n但求财艰辛，时有破财，但让然是不缺钱用。
			</content>
		</dizhi>
		<dizhi id="5">
			<content id="1">聪明能干，欲望大，喜欢自己经营事业，财运反复起落，外表风光，内里拮据，会有横发横破的际遇，不能冒险投资。
			</content>
			<content id="2">聪明能干，欲望大，喜欢自己经营事业，财运反复起落，外表风光，内里拮据，会有横发横破的际遇，多是意外之财或投机而得财，风险与机遇并存，需要小心谨慎。
			</content>
		</dizhi>
		<dizhi id="6">
			<content id="1">您可能会生于富裕之家，此命为商贾生财之命，善交际应酬，可以发家致富，甚至会大富，为巨商。
			</content>
			<content id="2">您可能会生于富裕之家，此命为商贾生财之命，善交际应酬，可以发家致富。/n求财路上多艰辛纠纷，破败，或需经艰苦努力后致富，会有横发横破的变故，建议见好就收。
			</content>
		</dizhi>
		<dizhi id="7">
			<content id="1">劳中进财，往往需要经艰苦努力后才能收获财富，不善理财，可以从技艺方面入手积财致富，人生多起伏，但多贵人助力，劳而有获，晚年会发达。
			</content>
			<content id="2">劳中进财，往往需要经艰苦努力后才能收获财富，不善理财，可以从技艺方面入手积财致富，人生多起伏，财来财去，晚年会发达。
			</content>
		</dizhi>
		<dizhi id="8">
			<content id="1">财运变化大，财来财去，辛劳生财，于竞争中得到利益，善于理财，勤劳致富。</content>
			<content id="2">财运变化大，财来财去，辛劳生财，求财艰苦且多波折，多竞争纠纷，但可以从竞争中得到利益，成败不定。/n幸好你善于理财，请相信勤劳可以致富。
			</content>
		</dizhi>
		<dizhi id="9">
			<content id="1">欲望大，胆大佞为，会有欺诈骗取钱财，为钱财东奔西跑，财运大起大落，横发横破，建议见好就收，容易在热闹区域赚钱，可以积蓄成小富人。
			</content>
			<content id="2">欲望大，胆大佞为，会有欺诈骗取钱财，为钱财东奔西跑，财运大起大落，横发横破，难聚财，有成有败，建议见好就收，容易在热闹区域赚钱，可以积蓄成小富人。
			</content>
		</dizhi>
		<dizhi id="10">
			<content id="1">善于理财，也善于聚财，欲望大，视财如命，容易有财务方面的纠纷，算是可以衣食无忧，有成为富翁的潜质。
			</content>
			<content id="2">善于理财，也善于聚财，欲望大，视财如命，容易有财务方面的纠纷，算是可以衣食无忧，有成为富翁的潜质。/n但求财艰辛，时有破财，但让然是不缺钱用。
			</content>
		</dizhi>
		<dizhi id="11">
			<content id="1">聪明能干，欲望大，喜欢自己经营事业，财运反复起落，外表风光，内里拮据，会有横发横破的际遇，不能冒险投资。
			</content>
			<content id="2">聪明能干，欲望大，喜欢自己经营事业，财运反复起落，外表风光，内里拮据，会有横发横破的际遇，多是意外之财或投机而得财，风险与机遇并存，需要小心谨慎。
			</content>
		</dizhi>
	</dashizhenyan>
	<dashizhenyan id="6" name="天府">
		<dizhi id="0">
			<content id="1"></content>
			<content id="2"></content>
		</dizhi>
		<dizhi id="1">
			<content id="1">用钱计划性很强，保守吝啬，自私小气，有钱舍不得花，喜欢把钱储存屯积或置产。可以凭借储财和开创进财能力而致富，名利双收。/n需要注意或会遇到挫折，来财不正而出事。
			</content>
			<content id="2">用钱计划性很强，保守吝啬，自私小气，有钱舍不得花，喜欢把钱储存屯积或置产。可以凭借储财和开创进财能力而致富，名利双收。/n需要注意或会遇到挫折，来财不正而出事。
			</content>
		</dizhi>
		<dizhi id="2">
			<content id="1"></content>
			<content id="2"></content>
		</dizhi>
		<dizhi id="3">
			<content id="1">用钱计划性很强，保守吝啬，自私小气，有钱舍不得花，喜欢把钱储存屯积或置产。可以凭借储财和开创进财能力而致富，名利双收。/n较有创劲，理财能力强，能掌控财权。
			</content>
			<content id="2">用钱计划性很强，保守吝啬，自私小气，有钱舍不得花，喜欢把钱储存屯积或置产。可以凭借储财和开创进财能力而致富，名利双收。/n较有创劲，理财能力强，能掌控财权。
			</content>
		</dizhi>
		<dizhi id="4">
			<content id="1"></content>
			<content id="2"></content>
		</dizhi>
		<dizhi id="5">
			<content id="1">用钱计划性很强，保守吝啬，自私小气，有钱舍不得花，喜欢把钱储存屯积或置产。可以凭借储财和开创进财能力而致富，名利双收。/n理财能力佳，容易成为富裕之人，但会有先苦后甜的经历。
			</content>
			<content id="2">用钱计划性很强，保守吝啬，自私小气，有钱舍不得花，喜欢把钱储存屯积或置产。可以凭借储财和开创进财能力而致富，名利双收。/n理财能力佳，容易成为富裕之人，但会有先苦后甜的经历。
			</content>
		</dizhi>
		<dizhi id="6">
			<content id="1"></content>
			<content id="2"></content>
		</dizhi>
		<dizhi id="7">
			<content id="1">用钱计划性很强，保守吝啬，自私小气，有钱舍不得花，喜欢把钱储存屯积或置产。可以凭借储财和开创进财能力而致富，名利双收。/n需要注意或会遇到挫折，来财不正而出事。
			</content>
			<content id="2">用钱计划性很强，保守吝啬，自私小气，有钱舍不得花，喜欢把钱储存屯积或置产。可以凭借储财和开创进财能力而致富，名利双收。/n需要注意或会遇到挫折，来财不正而出事。
			</content>
		</dizhi>
		<dizhi id="8">
			<content id="1"></content>
			<content id="2"></content>
		</dizhi>
		<dizhi id="9">
			<content id="1">用钱计划性很强，保守吝啬，自私小气，有钱舍不得花，喜欢把钱储存屯积或置产。可以凭借储财和开创进财能力而致富，名利双收。/n较有创劲，理财能力强，能掌控财权。
			</content>
			<content id="2">用钱计划性很强，保守吝啬，自私小气，有钱舍不得花，喜欢把钱储存屯积或置产。可以凭借储财和开创进财能力而致富，名利双收。/n较有创劲，理财能力强，能掌控财权。
			</content>
		</dizhi>
		<dizhi id="10">
			<content id="1"></content>
			<content id="2"></content>
		</dizhi>
		<dizhi id="11">
			<content id="1">用钱计划性很强，保守吝啬，自私小气，有钱舍不得花，喜欢把钱储存屯积或置产。可以凭借储财和开创进财能力而致富，名利双收。/n理财能力佳，容易成为富裕之人，但会有先苦后甜的经历。
			</content>
			<content id="2">用钱计划性很强，保守吝啬，自私小气，有钱舍不得花，喜欢把钱储存屯积或置产。可以凭借储财和开创进财能力而致富，名利双收。/n理财能力佳，容易成为富裕之人，但会有先苦后甜的经历。
			</content>
		</dizhi>
	</dashizhenyan>
	<dashizhenyan id="7" name="太阴">
		<dizhi id="0">
			<content id="1"></content>
			<content id="2"></content>
		</dizhi>
		<dizhi id="1">
			<content id="1"></content>
			<content id="2"></content>
		</dizhi>
		<dizhi id="2">
			<content id="1"></content>
			<content id="2"></content>
		</dizhi>
		<dizhi id="3">
			<content id="1">财运薄，进财艰难，聚财也难，多成多败，白手兴家，辛勤可以收获财富，晚年会顺利，财富收入往往得自异性，但又为异性而损耗。
			</content>
			<content id="2">财运薄，进财艰难，聚财也难，多成多败，白手兴家，辛勤可以收获财富，晚年会顺利，财富收入往往得自异性，但又为异性而损耗。
			</content>
		</dizhi>
		<dizhi id="4">
			<content id="1">财运薄，进财艰难，聚财也难，多成多败，能白手兴家，辛勤可以收获财富，晚年会顺利，财富收入往往得自异性，但又为异性而损耗。
			</content>
			<content id="2">财运薄，进财艰难，聚财也难，多成多败，能白手兴家，辛勤可以收获财富，晚年会顺利，财富收入往往得自异性，但又为异性而损耗。
			</content>
		</dizhi>
		<dizhi id="5">
			<content id="1">财运薄，进财艰难，聚财也难，多成多败，先得名誉地位后致富，不是经商之命，变动大。能白手兴家，辛勤可以收获财富，晚年会顺利，财富收入往往得自异性，但又为异性而损耗。
			</content>
			<content id="2">财运薄，进财艰难，聚财也难，多成多败，先得名誉地位后致富，不是经商之命，不聚财或工作流动性大。能白手兴家，辛勤可以收获财富，晚年会顺利，财富收入往往得自异性，但又为异性而损耗。
			</content>
		</dizhi>
		<dizhi id="6">
			<content id="1"></content>
			<content id="2"></content>
		</dizhi>
		<dizhi id="7">
			<content id="1"></content>
			<content id="2"></content>
		</dizhi>
		<dizhi id="8">
			<content id="1"></content>
			<content id="2"></content>
		</dizhi>
		<dizhi id="9">
			<content id="1">富足多财，能白手兴家，辛勤得财，早年开始顺利，钱财积蓄而来，喜欢购置田宅，不动产较多。
			</content>
			<content id="2">富足多财，能白手兴家，辛勤得财，辛劳致富或多破耗，钱财依靠慢慢积蓄而来，喜欢购置田宅，不动产较多。
			</content>
		</dizhi>
		<dizhi id="10">
			<content id="1">富足多财，能白手兴家，辛勤得财，早年开始顺利，钱财积蓄而来，喜欢购置田宅，不动产较多。
			</content>
			<content id="2">富足多财，能白手兴家，辛勤得财，辛劳致富或多破耗，钱财依靠慢慢积蓄而来，喜欢购置田宅，不动产较多。
			</content>
		</dizhi>
		<dizhi id="11">
			<content id="1">富足多财，先得名誉地位后致富，不是经商之命，变动大。能白手兴家，辛勤得财，早年开始顺利，钱财积蓄而来，喜欢购置田宅，不动产较多。
			</content>
			<content id="2">富足多财，先得名誉地位后致富，不是经商之命，变动大。能白手兴家，辛勤得财，早年开始顺利，钱财积蓄而来，喜欢购置田宅，不动产较多。
			</content>
		</dizhi>
	</dashizhenyan>
	<dashizhenyan id="8" name="贪狼">
		<dizhi id="0">
			<content id="1">一生较动荡，多应酬，易得到交际事业方面的财富，财源较稳定。或会有横发的机会，财运亨通，求财少辛劳而且会有成就。
			</content>
			<content id="2">一生较动荡，多应酬，易得到交际事业方面的财富，财源较稳定。但需要注意容易遇到破败波折，因为桃色事件而破财。
			</content>
		</dizhi>
		<dizhi id="1">
			<content id="1"></content>
			<content id="2"></content>
		</dizhi>
		<dizhi id="2">
			<content id="1">财运平常，有谋略，可以靠技术赚钱，但成败不定，虚多实少，容易突然破败。建议还是不要过多投资投机事业，正途事业可以聚财。
			</content>
			<content id="2">财运平常，有谋略，可以靠技术赚钱，但成败不定，虚多实少，有暴发的机会，也容易突然破败。建议还是不要过多投资投机事业，正途事业可以聚财。
			</content>
		</dizhi>
		<dizhi id="3">
			<content id="1"></content>
			<content id="2"></content>
		</dizhi>
		<dizhi id="4">
			<content id="1">善用钱却不善储钱，用钱会精打细算，用钱能力强。财运好，会有意想不到的横财，但也需要注意会遇到意想不到的破财。
			</content>
			<content id="2">善用钱却不善储钱，用钱会精打细算，用钱能力强。财运好，会有意想不到的横财，投机赌博容易有收获，但也需要注意可以会暴败，见好就收。
			</content>
		</dizhi>
		<dizhi id="5">
			<content id="1"></content>
			<content id="2"></content>
		</dizhi>
		<dizhi id="6">
			<content id="1">一生较动荡，多应酬，易得到交际事业方面的财富，财源较稳定。或会有横发的机会，财运亨通，求财少辛劳而且会有成就。
			</content>
			<content id="2">一生较动荡，多应酬，易得到交际事业方面的财富，财源较稳定。但需要注意容易遇到破败波折，因为桃色事件而破财。
			</content>
		</dizhi>
		<dizhi id="7">
			<content id="1"></content>
			<content id="2"></content>
		</dizhi>
		<dizhi id="8">
			<content id="1">财运平常，有谋略，可以靠技术赚钱，但成败不定，虚多实少，容易突然破败。建议还是不要过多投资投机事业，正途事业可以聚财。
			</content>
			<content id="2">财运平常，有谋略，可以靠技术赚钱，但成败不定，虚多实少，有暴发的机会，也容易突然破败。建议还是不要过多投资投机事业，正途事业可以聚财。
			</content>
		</dizhi>
		<dizhi id="9">
			<content id="1"></content>
			<content id="2"></content>
		</dizhi>
		<dizhi id="10">
			<content id="1">善用钱却不善储钱，用钱会精打细算，用钱能力强。财运好，会有意想不到的横财，但也需要注意会遇到意想不到的破财。
			</content>
			<content id="2">善用钱却不善储钱，用钱会精打细算，用钱能力强。财运好，会有意想不到的横财，投机赌博容易有收获，但也需要注意可以会暴败，见好就收。
			</content>
		</dizhi>
		<dizhi id="11">
			<content id="1"></content>
			<content id="2"></content>
		</dizhi>
	</dashizhenyan>
	<dashizhenyan id="9" name="巨门">
		<dizhi id="0">
			<content id="1">口才好，您可以靠一张咀巴和脑力挣钱，须经劳心费神、竞争才能获财。早年艰辛，晚年较顺。
			</content>
			<content id="2">口才好，您可以靠一张咀巴和脑力挣钱，须经劳心费神、竞争才能获财。早年艰辛，晚年较顺。
			</content>
		</dizhi>
		<dizhi id="1">
			<content id="1"></content>
			<content id="2"></content>
		</dizhi>
		<dizhi id="2">
			<content id="1"></content>
			<content id="2"></content>
		</dizhi>
		<dizhi id="3">
			<content id="1"></content>
			<content id="2"></content>
		</dizhi>
		<dizhi id="4">
			<content id="1">口才好，您可以靠一张咀巴和脑力挣钱，须经劳心费神、竞争才能获财，奔波劳碌，能白手兴家。
			</content>
			<content id="2">口才好，您可以靠一张咀巴和脑力挣钱，须经劳心费神、竞争才能获财，奔波劳碌，能白手兴家。
			</content>
		</dizhi>
		<dizhi id="5">
			<content id="1">口才好，您可以靠一张咀巴和脑力挣钱，须经劳心费神、竞争才能获财，得外地人信赖而发财。
			</content>
			<content id="2">口才好，您可以靠一张咀巴和脑力挣钱，须经劳心费神、竞争才能获财，得外地人信赖而发财。
			</content>
		</dizhi>
		<dizhi id="6">
			<content id="1">口才好，您可以靠一张咀巴和脑力挣钱，须经劳心费神、竞争才能获财。早年艰辛，晚年较顺。
			</content>
			<content id="2">口才好，您可以靠一张咀巴和脑力挣钱，须经劳心费神、竞争才能获财。早年艰辛，晚年较顺。
			</content>
		</dizhi>
		<dizhi id="7">
			<content id="1"></content>
			<content id="2"></content>
		</dizhi>
		<dizhi id="8">
			<content id="1"></content>
			<content id="2"></content>
		</dizhi>
		<dizhi id="9">
			<content id="1"></content>
			<content id="2"></content>
		</dizhi>
		<dizhi id="10">
			<content id="1">口才好，您可以靠一张咀巴和脑力挣钱，须经劳心费神、竞争才能获财，奔波劳碌，能白手兴家。
			</content>
			<content id="2">口才好，您可以靠一张咀巴和脑力挣钱，须经劳心费神、竞争才能获财，奔波劳碌，能白手兴家。
			</content>
		</dizhi>
		<dizhi id="11">
			<content id="1">口才好，您可以靠一张咀巴和脑力挣钱，须经劳心费神、竞争才能获财，得外地人信赖而发财。
			</content>
			<content id="2">口才好，您可以靠一张咀巴和脑力挣钱，须经劳心费神、竞争才能获财，得外地人信赖而发财。
			</content>
		</dizhi>
	</dashizhenyan>
	<dashizhenyan id="10" name="天相">
		<dizhi id="0">
			<content id="1"></content>
			<content id="2"></content>
		</dizhi>
		<dizhi id="1">
			<content id="1">会有高收入，钱财平稳，可以接触一些贵人来提升自身的身份地位，或得到好的职位而发财，富裕。会一段艰辛然后财运突然暴发，发后平稳。
			</content>
			<content id="2">会有高收入，钱财平稳，可以接触一些贵人来提升自身的身份地位，或得到好的职位而发财，富裕。/n求财辛劳而有成，有成败，会一段艰辛然后财运突然暴发，之后会遇到波折。
			</content>
		</dizhi>
		<dizhi id="2">
			<content id="1"></content>
			<content id="2"></content>
		</dizhi>
		<dizhi id="3">
			<content id="1">辛劳中取财，财运不佳，反复起伏，事业也会多变化，需要一段艰辛然后财运突然暴发，之后趋于平稳，能白手成家，衣食丰足，中晚年可富贵。
			</content>
			<content id="2">辛劳中取财，财运不佳，反复起伏，事业也会多变化，需要一段艰辛然后财运突然暴发，之后趋于平稳，能白手成家。/n成败多变，而且会因文书麻烦而破财。
			</content>
		</dizhi>
		<dizhi id="4">
			<content id="1"></content>
			<content id="2"></content>
		</dizhi>
		<dizhi id="5">
			<content id="1">辛劳中取财，财运大起大落，需要一段艰辛然后财运突然暴发，之后趋于平稳，能白手成家，衣食丰足，中晚年可富贵。
			</content>
			<content id="2">辛劳中取财，财运大起大落，需要一段艰辛然后财运突然暴发，之后趋于平稳，能白手成家。/n成败多变，而且会因文书麻烦而破财。
			</content>
		</dizhi>
		<dizhi id="6">
			<content id="1"></content>
			<content id="2"></content>
		</dizhi>
		<dizhi id="7">
			<content id="1">辛劳中取财，财运反复起伏，需要一段艰辛然后财运突然暴发，之后趋于平稳，能白手成家，衣食丰足，中晚年可富贵。
			</content>
			<content id="2">辛劳中取财，财运反复起伏，需要一段艰辛然后财运突然暴发，之后趋于平稳，能白手成家，衣食丰足，中晚年可富贵。
			</content>
		</dizhi>
		<dizhi id="8">
			<content id="1"></content>
			<content id="2"></content>
		</dizhi>
		<dizhi id="9">
			<content id="1">辛劳中取财，财运不佳，反复起伏，事业也会多变化，需要一段艰辛然后财运突然暴发，之后趋于平稳，能白手成家，衣食丰足，中晚年可富贵。
			</content>
			<content id="2">辛劳中取财，财运不佳，反复起伏，事业也会多变化，需要一段艰辛然后财运突然暴发，之后趋于平稳，能白手成家。/n成败多变，而且会因文书麻烦而破财。
			</content>
		</dizhi>
		<dizhi id="10">
			<content id="1"></content>
			<content id="2"></content>
		</dizhi>
		<dizhi id="11">
			<content id="1">辛劳中取财，财运大起大落，需要一段艰辛然后财运突然暴发，之后趋于平稳，能白手成家，衣食丰足，中晚年可富贵。
			</content>
			<content id="2">辛劳中取财，财运大起大落，需要一段艰辛然后财运突然暴发，之后趋于平稳，能白手成家。/n成败多变，而且会因文书麻烦而破财。
			</content>
		</dizhi>
	</dashizhenyan>
	<dashizhenyan id="11" name="天梁">
		<dizhi id="0">
			<content id="1">财运好，富贵命，祖产丰厚，或得他人馈赠，财帛丰足，有大富大贵的潜力。</content>
			<content id="2">祖产丰厚，或得他人馈赠，财帛丰足，有大富大贵的潜力。/n财运平常，求财多竞争，早年劳苦，中晚年后可有积聚。
			</content>
		</dizhi>
		<dizhi id="1">
			<content id="1">财运稳定而聚财，富贵命，祖产丰厚，或得他人馈赠，财帛丰足，有大富大贵的潜力。</content>
			<content id="2">祖产丰厚，或得他人馈赠，财帛丰足，有大富大贵的潜力。/n财运有起伏，求财多竞争，早年劳苦，中晚年后可有积聚。
			</content>
		</dizhi>
		<dizhi id="2">
			<content id="1"></content>
			<content id="2"></content>
		</dizhi>
		<dizhi id="3">
			<content id="1"></content>
			<content id="2"></content>
		</dizhi>
		<dizhi id="4">
			<content id="1"></content>
			<content id="2"></content>
		</dizhi>
		<dizhi id="5">
			<content id="1">求财辛劳，先难后易，经奋斗后会积累财富，可以达到小康水平。白手起家，早年艰辛，晚年有好转。
			</content>
			<content id="2">求财辛劳多竞争，先难后易，经奋斗后会积累财富。白手起家，早年艰辛，晚年有好转。</content>
		</dizhi>
		<dizhi id="6">
			<content id="1">财运并不算好，但也算是富贵的命，祖产丰厚，或得他人馈赠，财帛丰足，承祖荫、贵人朋友帮助而富贵。
			</content>
			<content id="2">财运平常，求财多竞争，早年劳苦，中晚年后可有积聚。/n但也算是富贵的命，祖产丰厚，或得他人馈赠，财帛丰足，承祖荫、贵人朋友帮助而富贵。
			</content>
		</dizhi>
		<dizhi id="7">
			<content id="1">财运并不算好，会有是非损耗，但也算是富贵的命，祖产丰厚，或得他人馈赠，财帛丰足，承祖荫、贵人朋友帮助而富贵。
			</content>
			<content id="2">财运起伏，会有是非损耗，求财多竞争，早年劳苦，中晚年后可有积聚。/n但也算是富贵的命，祖产丰厚，或得他人馈赠，财帛丰足，承祖荫、贵人朋友帮助而富贵。
			</content>
		</dizhi>
		<dizhi id="8">
			<content id="1"></content>
			<content id="2"></content>
		</dizhi>
		<dizhi id="9">
			<content id="1"></content>
			<content id="2"></content>
		</dizhi>
		<dizhi id="10">
			<content id="1"></content>
			<content id="2"></content>
		</dizhi>
		<dizhi id="11">
			<content id="1">求财辛劳，先难后易，经奋斗后会积累财富，可以达到小康水平。白手起家，早年艰辛，晚年有好转。
			</content>
			<content id="2">求财辛劳多竞争，先难后易，经奋斗后会积累财富。白手起家，早年艰辛，晚年有好转。</content>
		</dizhi>
	</dashizhenyan>
	<dashizhenyan id="12" name="七杀">
		<dizhi id="0">
			<content id="1">以魄力创财富，会有发达的机遇，横发，但要经历大艰辛或大破败后才可成功，破败后能卷土重来再次发达，财运起伏不定。
			</content>
			<content id="2">以魄力创财富，会有发达的机遇，横发，但要经历大艰辛或大破败后才可成功，破败后能卷土重来再次发达，财运起伏不定。
			</content>
		</dizhi>
		<dizhi id="1">
			<content id="1"></content>
			<content id="2"></content>
		</dizhi>
		<dizhi id="2">
			<content id="1">财运好，有横发机遇，财运较稳定，需要经艰苦后能得财。成败变化大，可以一举成为巨富，也可以一夜之间破产潦倒，但大破败后能卷土重来而大发。
			</content>
			<content id="2">有横发机遇，财运较稳定，需要经艰苦后能得财。/n求财更辛苦，浪费严重，一般可过普通生活，破耗多变，投机倾败后很难东山再起，破败潦倒，不适合经商。
			</content>
		</dizhi>
		<dizhi id="3">
			<content id="1"></content>
			<content id="2"></content>
		</dizhi>
		<dizhi id="4">
			<content id="1">擅长以财生财，投资经营，发达前需要经历千辛万苦。事业有惊无险，求财有助力，还可以会有意外的偏财收获。
			</content>
			<content id="2">擅长以财生财，喜欢投资经营，求财辛苦，浪费严重，一般只能过普通生活，可以发达，但前需要经历千辛万苦。不适合投机赌博和经商，否则会破败多变，无法翻身。
			</content>
		</dizhi>
		<dizhi id="5">
			<content id="1"></content>
			<content id="2"></content>
		</dizhi>
		<dizhi id="6">
			<content id="1">以魄力创财富，会有发达的机遇，横发，但要经历大艰辛或大破败后才可成功，破败后能卷土重来再次发达，财运起伏不定。
			</content>
			<content id="2">以魄力创财富，会有发达的机遇，横发，但要经历大艰辛或大破败后才可成功，破败后能卷土重来再次发达，财运起伏不定。
			</content>
		</dizhi>
		<dizhi id="7">
			<content id="1"></content>
			<content id="2"></content>
		</dizhi>
		<dizhi id="8">
			<content id="1">财运好，有横发机遇，财运较稳定，需要经艰苦后能得财。成败变化大，可以一举成为巨富，也可以一夜之间破产潦倒，但大破败后能卷土重来而大发。
			</content>
			<content id="2">有横发机遇，财运较稳定，需要经艰苦后能得财。/n求财更辛苦，浪费严重，一般可过普通生活，破耗多变，投机倾败后很难东山再起，破败潦倒，不适合经商。
			</content>
		</dizhi>
		<dizhi id="9">
			<content id="1"></content>
			<content id="2"></content>
		</dizhi>
		<dizhi id="10">
			<content id="1">擅长以财生财，投资经营，发达前需要经历千辛万苦。事业有惊无险，求财有助力，还可以会有意外的偏财收获。
			</content>
			<content id="2">擅长以财生财，喜欢投资经营，求财辛苦，浪费严重，一般只能过普通生活，可以发达，但前需要经历千辛万苦。不适合投机赌博和经商，否则会破败多变，无法翻身。
			</content>
		</dizhi>
		<dizhi id="11">
			<content id="1"></content>
			<content id="2"></content>
		</dizhi>
	</dashizhenyan>
	<dashizhenyan id="13" name="破军">
		<dizhi id="0">
			<content id="1">有创劲，多进财机会，或会先损后成，经历波折困境。运气好会一发如雷，成为富翁，若运行不济，亦会一败途地。
			</content>
			<content id="2">有创劲，多进财机会，或会先损后成，经历波折困境。运气好会一发如雷，成为富翁，若运行不济，亦会一败途地，破败后难东山再起，穷困潦倒。
			</content>
		</dizhi>
		<dizhi id="1">
			<content id="1"></content>
			<content id="2"></content>
		</dizhi>
		<dizhi id="2">
			<content id="1">会先破祖业，然后自己辛劳兴家，在经济上缺乏家庭支持，虽会有财富收入，但难以积蓄聚财，财来财去，晚年才有积聚。
			</content>
			<content id="2">会先破祖业，然后自己辛劳兴家，在经济上缺乏家庭支持，虽会有财富收入，但难以积蓄聚财，财来财去，晚年才有积聚。
			</content>
		</dizhi>
		<dizhi id="3">
			<content id="1"></content>
			<content id="2"></content>
		</dizhi>
		<dizhi id="4">
			<content id="1">财运变化大，先损后成，求财艰辛，财运可有突破性的发展，但需要经历突然破败后才会有体现出来，在正当途径上可以致富。
			</content>
			<content id="2">财运变化大，先损后成，求财艰辛，在正当途径上可以致富，不适合投机事业，容易遭遇破败，而且破败后难东山再起，贫困。
			</content>
		</dizhi>
		<dizhi id="5">
			<content id="1"></content>
			<content id="2"></content>
		</dizhi>
		<dizhi id="6">
			<content id="1">有创劲，多进财机会，或会先损后成，经历波折困境。运气好会一发如雷，成为富翁，若运行不济，亦会一败途地。
			</content>
			<content id="2">有创劲，多进财机会，或会先损后成，经历波折困境。运气好会一发如雷，成为富翁，若运行不济，亦会一败途地，破败后难东山再起，穷困潦倒。
			</content>
		</dizhi>
		<dizhi id="7">
			<content id="1"></content>
			<content id="2"></content>
		</dizhi>
		<dizhi id="8">
			<content id="1">会先破祖业，然后自己辛劳兴家，在经济上缺乏家庭支持，虽会有财富收入，但难以积蓄聚财，财来财去，晚年才有积聚。
			</content>
			<content id="2">会先破祖业，然后自己辛劳兴家，在经济上缺乏家庭支持，虽会有财富收入，但难以积蓄聚财，财来财去，晚年才有积聚。
			</content>
		</dizhi>
		<dizhi id="9">
			<content id="1"></content>
			<content id="2"></content>
		</dizhi>
		<dizhi id="10">
			<content id="1">财运变化大，先损后成，求财艰辛，财运可有突破性的发展，但需要经历突然破败后才会有体现出来，在正当途径上可以致富。
			</content>
			<content id="2">财运变化大，先损后成，求财艰辛，在正当途径上可以致富，不适合投机事业，容易遭遇破败，而且破败后难东山再起，贫困。
			</content>
		</dizhi>
		<dizhi id="11">
			<content id="1"></content>
			<content id="2"></content>
		</dizhi>
	</dashizhenyan>
</root>
