<?xml version="1.0" encoding="UTF-8"?>
<root><xingfu><xingdi id="0" name="紫微星"><zhishu>60%</zhishu><nan>夫妻生活彼此都很想要去驾驭对方，谁也不服谁，都想当老大，因此很容易出问题，疑心病很重，婚姻往往都败在自己的不信任感，容易和另一半在沟通上出问题，即使双方感情很好，但是还是会猜忌对方。</nan><nu>夫妻生活彼此都很想要去驾驭对方，谁也不服谁，都想当老大，因此很容易出问题，疑心病很重，婚姻往往都败在自己的不信任感，容易和另一半在沟通上出问题，即使双方感情很好，但是还是会猜忌对方。</nu></xingdi><xingdi id="1" name="天机星"><zhishu>40%</zhishu><nan>大致上夫妻相处没有问题，可是另外一半个性容易朝令夕改，常常让对方不知道该如何应对，在感情方面会有所多变，很容易交往到年纪比较大的异性，因为本身较为容易对年纪大的异性产生好感，要注意婚后跟另一半感情的问题，因为异性缘很好，如果稍有不慎很容易影响婚姻。</nan><nu>大致上夫妻相处没有问题，可是另外一半个性容易朝令夕改，常常让对方不知道该如何应对，在感情方面会有所多变，很容易交往到年纪比较大的异性，因为本身较为容易对年纪大的异性产生好感，要注意婚后跟另一半感情的问题，因为异性缘很好，如果稍有不慎很容易影响婚姻。</nu></xingdi><xingdi id="2" name="太阳星"><zhishu>40%</zhishu><nan>大致上夫妻相处没有问题，可是另外一半个性容易朝令夕改，常常让对方不知道该如何应对，在感情方面会有所多变，很容易交往到年纪比较大的异性，因为本身较为容易对年纪大的异性产生好感，要注意婚后跟另一半感情的问题，因为异性缘很好，如果稍有不慎很容易影响婚姻。</nan><nu>大致上夫妻相处没有问题，丈夫家境比较好或能力较强，可是另外一半个性容易朝令夕改，常常让对方不知道该如何应对，在感情方面会有所多变，很容易交往到年纪比较大的异性，因为本身较为容易对年纪大的异性产生好感，要注意婚后跟另一半感情的问题，因为异性缘很好，如果稍有不慎很容易影响婚姻。</nu></xingdi><xingdi id="3" name="武曲星"><zhishu>90%</zhishu><nan>感情路会走的跌跌撞撞，夫妻彼此之间的相处是非常刚烈的，武曲本来就是一颗孤寡之星，容易与伴侣产生矛盾，夫妻关系可能会不和谐，严重的可能会导致离婚分离。</nan><nu>感情路会走的跌跌撞撞，夫妻彼此之间的相处是非常刚烈的，武曲本来就是一颗孤寡之星，容易与伴侣产生矛盾，夫妻关系可能会不和谐，严重的可能会导致离婚分离。</nu></xingdi><xingdi id="4" name="天同星"><zhishu>40%</zhishu><nan>大致上夫妻相处没有问题，可是另外一半个性容易朝令夕改，常常让对方不知道该如何应对，在感情方面会有所多变，很容易交往到年纪比较大的异性，因为本身较为容易对年纪大的异性产生好感，要注意婚后跟另一半感情的问题，因为异性缘很好，如果稍有不慎很容易影响婚姻。</nan><nu>大致上夫妻相处没有问题，可是另外一半个性容易朝令夕改，常常让对方不知道该如何应对，在感情方面会有所多变，很容易交往到年纪比较大的异性，因为本身较为容易对年纪大的异性产生好感，要注意婚后跟另一半感情的问题，因为异性缘很好，如果稍有不慎很容易影响婚姻。</nu></xingdi><xingdi id="5" name="廉贞星"><zhishu>80%</zhishu><nan>感情路会走的跌跌撞撞，容易受其它星影响，没有吉星扶持，夫妻彼此之间的相处是非常刚烈的，容易出现关系不和，不融洽，进而发生吵闹，易生矛盾。</nan><nu>感情路会走的跌跌撞撞，容易受其它星影响，没有吉星扶持，夫妻彼此之间的相处是非常刚烈的，容易出现关系不和，不融洽，进而发生吵闹，易生矛盾。</nu></xingdi><xingdi id="6" name="天府星"><zhishu>60%</zhishu><nan>夫妻生活彼此都很想要去驾驭对方，谁也不服谁，都想当老大，因此很容易出问题，疑心病很重，婚姻往往都败在自己的不信任感，容易和另一半在沟通上出问题，即使双方感情很好，但是还是会猜忌对方。</nan><nu>夫妻生活彼此都很想要去驾驭对方，谁也不服谁，都想当老大，因此很容易出问题，疑心病很重，婚姻往往都败在自己的不信任感，容易和另一半在沟通上出问题，即使双方感情很好，但是还是会猜忌对方。</nu></xingdi><xingdi id="7" name="太阴星"><zhishu>40%</zhishu><nan>大致上夫妻相处没有问题，可是另外一半个性容易朝令夕改，常常让对方不知道该如何应对，在感情方面会有所多变，很容易交往到年纪比较大的异性，因为本身较为容易对年纪大的异性产生好感，要注意婚后跟另一半感情的问题，因为异性缘很好，如果稍有不慎很容易影响婚姻。</nan><nu>大致上夫妻相处没有问题，可是另外一半个性容易朝令夕改，常常让对方不知道该如何应对，在感情方面会有所多变，很容易交往到年纪比较大的异性，因为本身较为容易对年纪大的异性产生好感，要注意婚后跟另一半感情的问题，因为异性缘很好，如果稍有不慎很容易影响婚姻。</nu></xingdi><xingdi id="8" name="贪狼星"><zhishu>70%</zhishu><nan>您的感情世界容易出现三人行情况，家里有一个外面也有一个，思想上可能出现多多益善，来者不拒的想法，也就是即使结婚后还有恋爱的机会，需要多约束好自己才能维系家庭幸福。</nan><nu>您的感情世界容易出现三人行情况，家里有一个外面也有一个，思想上可能出现多多益善，来者不拒的想法，也就是即使结婚后还有恋爱的机会，需要多约束好自己才能维系家庭幸福。</nu></xingdi><xingdi id="9" name="巨门星"><zhishu>60%</zhishu><nan>夫妻生活彼此都很想要去驾驭对方，谁也不服谁，都想当老大，因此很容易出问题，疑心病很重，婚姻往往都败在自己的不信任感，容易和另一半在沟通上出问题，即使双方感情很好，但是还是会猜忌对方。</nan><nu>夫妻生活彼此都很想要去驾驭对方，谁也不服谁，都想当老大，因此很容易出问题，疑心病很重，婚姻往往都败在自己的不信任感，容易和另一半在沟通上出问题，即使双方感情很好，但是还是会猜忌对方。</nu></xingdi><xingdi id="10" name="天相星"><zhishu>20%</zhishu><nan>在恋爱的过程中可以和伴侣互相扶持，彼此都很好沟通，男人有天相的人可以娶好老婆，在事业上有所帮助。</nan><nu>在恋爱的过程中可以和伴侣互相扶持，彼此都很好沟通，女人有天相的老公会是一个好好先生，善体人意，而且天相是一颗很柔的星，双方相处会很融洽。</nu></xingdi><xingdi id="11" name="天梁星"><zhishu>40%</zhishu><nan>大致上夫妻相处没有问题，可是另外一半个性容易朝令夕改，常常让对方不知道该如何应对，在感情方面会有所多变，很容易交往到年纪比较大的异性，因为本身较为容易对年纪大的异性产生好感，要注意婚后跟另一半感情的问题，因为异性缘很好，如果稍有不慎很容易影响婚姻。</nan><nu>大致上夫妻相处没有问题，可是另外一半个性容易朝令夕改，常常让对方不知道该如何应对，在感情方面会有所多变，很容易交往到年纪比较大的异性，因为本身较为容易对年纪大的异性产生好感，要注意婚后跟另一半感情的问题，因为异性缘很好，如果稍有不慎很容易影响婚姻。</nu></xingdi><xingdi id="12" name="七杀星"><zhishu>90%</zhishu><nan>感情路会走的跌跌撞撞，夫妻彼此之间的相处波折甚多。结婚前会多阻碍波折或多争吵，婚后也并不平静，易生矛盾或家庭问题。若想家庭幸福，对女性要求较高或需迟婚等特别的方法。</nan><nu>感情路会走的跌跌撞撞，夫妻彼此之间的相处波折甚多。结婚前会多阻碍波折或多争吵，婚后也并不平静，易生矛盾或家庭问题。若想家庭幸福，对女性要求较高或需迟婚等特别的方法。</nu></xingdi><xingdi id="13" name="破军星"><zhishu>90%</zhishu><nan>感情路会走的跌跌撞撞，夫妻彼此之间的相处是非常刚烈的，婚姻生活难以和谐，可能会夫妻分离或徒有夫妻之名而无夫妻之实的情况，容易会有一次破碎的婚姻。</nan><nu>感情路会走的跌跌撞撞，夫妻彼此之间的相处是非常刚烈的，婚姻生活难以和谐，可能会夫妻分离或徒有夫妻之名而无夫妻之实的情况，容易会有一次破碎的婚姻。</nu></xingdi><xingdi id="2#7" name="太阳星+太阴星"><zhishu>70%</zhishu><nan>您的感情世界容易出现三人行情况，家里有一个外面也有一个，思想上可能出现多多益善，来者不拒的想法，也就是即使结婚后还有恋爱的机会，需要多约束好自己才能维系家庭幸福。</nan><nu>您的感情世界容易出现三人行情况，家里有一个外面也有一个，思想上可能出现多多益善，来者不拒的想法，也就是即使结婚后还有恋爱的机会，需要多约束好自己才能维系家庭幸福。</nu></xingdi><xingdi id="0#13" name="紫微星+破军星"><zhishu>74%</zhishu><nan>夫妻生活彼此都很想要去驾驭对方，谁也不服谁，都想当老大，因此很容易出问题，疑心病很重，婚姻往往都败在自己的不信任感，容易和另一半在沟通上出问题，即使双方感情很好，但是还是会猜忌对方。
与此同时可能出现，感情路会走的跌跌撞撞，夫妻彼此之间的相处是非常刚烈的，婚姻生活难以和谐，可能会夫妻分离或徒有夫妻之名而无夫妻之实的情况，容易会有一次破碎的婚姻。</nan><nu>夫妻生活彼此都很想要去驾驭对方，谁也不服谁，都想当老大，因此很容易出问题，疑心病很重，婚姻往往都败在自己的不信任感，容易和另一半在沟通上出问题，即使双方感情很好，但是还是会猜忌对方。
与此同时可能出现，感情路会走的跌跌撞撞，夫妻彼此之间的相处是非常刚烈的，婚姻生活难以和谐，可能会夫妻分离或徒有夫妻之名而无夫妻之实的情况，容易会有一次破碎的婚姻。</nu></xingdi><xingdi id="0#6" name="紫微星+天府星"><zhishu>64%</zhishu><nan>夫妻生活彼此都很想要去驾驭对方，谁也不服谁，都想当老大，因此很容易出问题，疑心病很重，婚姻往往都败在自己的不信任感，容易和另一半在沟通上出问题，即使双方感情很好，但是还是会猜忌对方。</nan><nu>夫妻生活彼此都很想要去驾驭对方，谁也不服谁，都想当老大，因此很容易出问题，疑心病很重，婚姻往往都败在自己的不信任感，容易和另一半在沟通上出问题，即使双方感情很好，但是还是会猜忌对方。</nu></xingdi><xingdi id="0#8" name="紫微星+贪狼星"><zhishu>68%</zhishu><nan>夫妻生活彼此都很想要去驾驭对方，谁也不服谁，都想当老大，因此很容易出问题，疑心病很重，婚姻往往都败在自己的不信任感，容易和另一半在沟通上出问题，即使双方感情很好，但是还是会猜忌对方。
与此同时，您的感情世界容易出现三人行情况，家里有一个外面也有一个，思想上可能出现多多益善，来者不拒的想法，也就是即使结婚后还有恋爱的机会，需要多约束好自己才能维系家庭幸福。</nan><nu>夫妻生活彼此都很想要去驾驭对方，谁也不服谁，都想当老大，因此很容易出问题，疑心病很重，婚姻往往都败在自己的不信任感，容易和另一半在沟通上出问题，即使双方感情很好，但是还是会猜忌对方。
与此同时，您的感情世界容易出现三人行情况，家里有一个外面也有一个，思想上可能出现多多益善，来者不拒的想法，也就是即使结婚后还有恋爱的机会，需要多约束好自己才能维系家庭幸福。</nu></xingdi><xingdi id="0#10" name="紫微星+天相星"><zhishu>35%</zhishu><nan>在恋爱的过程中可以和伴侣互相扶持，彼此都很好沟通，男人有天相的人可以娶好老婆，在事业上有所帮助。
与此同时也可能会夫妻生活彼此都很想要去驾驭对方，谁也不服谁，都想当老大，因此很容易出问题，疑心病很重，婚姻往往都败在自己的不信任感，容易和另一半在沟通上出问题，即使双方感情很好，但是还是会猜忌对方。</nan><nu>在恋爱的过程中可以和伴侣互相扶持，彼此都很好沟通，老公会是一个好好先生，善体人意，而且天相是一颗很柔的星，双方相处会很融洽。
与此同时也可能会夫妻生活彼此都很想要去驾驭对方，谁也不服谁，都想当老大，因此很容易出问题，疑心病很重，婚姻往往都败在自己的不信任感，容易和另一半在沟通上出问题，即使双方感情很好，但是还是会猜忌对方。</nu></xingdi><xingdi id="0#12" name="紫微星+七杀星"><zhishu>66%</zhishu><nan>夫妻生活彼此都很想要去驾驭对方，谁也不服谁，都想当老大，因此很容易出问题，疑心病很重，婚姻往往都败在自己的不信任感，容易和另一半在沟通上出问题，即使双方感情很好，但是还是会猜忌对方。
与此同时也可能出现，感情路会走的跌跌撞撞，夫妻彼此之间的相处波折甚多。结婚前会多阻碍波折或多争吵，婚后也并不平静，易生矛盾或家庭问题。若想家庭幸福，对女性要求较高或需迟婚等特别的方法。</nan><nu>夫妻生活彼此都很想要去驾驭对方，谁也不服谁，都想当老大，因此很容易出问题，疑心病很重，婚姻往往都败在自己的不信任感，容易和另一半在沟通上出问题，即使双方感情很好，但是还是会猜忌对方。
与此同时也可能出现，感情路会走的跌跌撞撞，夫妻彼此之间的相处波折甚多。结婚前会多阻碍波折或多争吵，婚后也并不平静，易生矛盾或家庭问题。若想家庭幸福，对女性要求较高或需迟婚等特别的方法。</nu></xingdi><xingdi id="1#7" name="天机星+太阴星"><zhishu>40%</zhishu><nan>大致上夫妻相处没有问题，可是另外一半个性容易朝令夕改，常常让对方不知道该如何应对，在感情方面会有所多变，很容易交往到年纪比较大的异性，因为本身较为容易对年纪大的异性产生好感，要注意婚后跟另一半感情的问题，因为异性缘很好，如果稍有不慎很容易影响婚姻。</nan><nu>大致上夫妻相处没有问题，可是另外一半个性容易朝令夕改，常常让对方不知道该如何应对，在感情方面会有所多变，很容易交往到年纪比较大的异性，因为本身较为容易对年纪大的异性产生好感，要注意婚后跟另一半感情的问题，因为异性缘很好，如果稍有不慎很容易影响婚姻。</nu></xingdi><xingdi id="1#9" name="天机星+巨门星"><zhishu>50%</zhishu><nan>大致上夫妻相处没有问题，可是另外一半个性容易朝令夕改，常常让对方不知道该如何应对，在感情方面会有所多变，很容易交往到年纪比较大的异性，因为本身较为容易对年纪大的异性产生好感，要注意婚后跟另一半感情的问题，因为异性缘很好，如果稍有不慎很容易影响婚姻。
与此同时也可能出现，夫妻生活彼此都很想要去驾驭对方，谁也不服谁，都想当老大，因此很容易出问题，疑心病很重，婚姻往往都败在自己的不信任感，容易和另一半在沟通上出问题，即使双方感情很好，但是还是会猜忌对方。</nan><nu>大致上夫妻相处没有问题，可是另外一半个性容易朝令夕改，常常让对方不知道该如何应对，在感情方面会有所多变，很容易交往到年纪比较大的异性，因为本身较为容易对年纪大的异性产生好感，要注意婚后跟另一半感情的问题，因为异性缘很好，如果稍有不慎很容易影响婚姻。
与此同时也可能出现，夫妻生活彼此都很想要去驾驭对方，谁也不服谁，都想当老大，因此很容易出问题，疑心病很重，婚姻往往都败在自己的不信任感，容易和另一半在沟通上出问题，即使双方感情很好，但是还是会猜忌对方。</nu></xingdi><xingdi id="1#11" name="天机星+天梁星"><zhishu>38%</zhishu><nan>大致上夫妻相处没有问题，可是另外一半个性容易朝令夕改，常常让对方不知道该如何应对，在感情方面会有所多变，很容易交往到年纪比较大的异性，因为本身较为容易对年纪大的异性产生好感，要注意婚后跟另一半感情的问题，因为异性缘很好，如果稍有不慎很容易影响婚姻。</nan><nu>大致上夫妻相处没有问题，可是另外一半个性容易朝令夕改，常常让对方不知道该如何应对，在感情方面会有所多变，很容易交往到年纪比较大的异性，因为本身较为容易对年纪大的异性产生好感，要注意婚后跟另一半感情的问题，因为异性缘很好，如果稍有不慎很容易影响婚姻。</nu></xingdi><xingdi id="2#9" name="太阳星+巨门星"><zhishu>53%</zhishu><nan>大致上夫妻相处没有问题，可是另外一半个性容易朝令夕改，常常让对方不知道该如何应对，在感情方面会有所多变，很容易交往到年纪比较大的异性，因为本身较为容易对年纪大的异性产生好感，要注意婚后跟另一半感情的问题，因为异性缘很好，如果稍有不慎很容易影响婚姻。
与此同时也可能出现，夫妻生活彼此都很想要去驾驭对方，谁也不服谁，都想当老大，因此很容易出问题，疑心病很重，婚姻往往都败在自己的不信任感，容易和另一半在沟通上出问题，即使双方感情很好，但是还是会猜忌对方。</nan><nu>大致上夫妻相处没有问题，丈夫家境比较好或能力较强，可是另外一半个性容易朝令夕改，常常让对方不知道该如何应对，在感情方面会有所多变，很容易交往到年纪比较大的异性，因为本身较为容易对年纪大的异性产生好感，要注意婚后跟另一半感情的问题，因为异性缘很好，如果稍有不慎很容易影响婚姻。
与此同时也可能出现，夫妻生活彼此都很想要去驾驭对方，谁也不服谁，都想当老大，因此很容易出问题，疑心病很重，婚姻往往都败在自己的不信任感，容易和另一半在沟通上出问题，即使双方感情很好，但是还是会猜忌对方。</nu></xingdi><xingdi id="2#11" name="太阳星+天梁星"><zhishu>40%</zhishu><nan>大致上夫妻相处没有问题，可是另外一半个性容易朝令夕改，常常让对方不知道该如何应对，在感情方面会有所多变，很容易交往到年纪比较大的异性，因为本身较为容易对年纪大的异性产生好感，要注意婚后跟另一半感情的问题，因为异性缘很好，如果稍有不慎很容易影响婚姻。</nan><nu>大致上夫妻相处没有问题，丈夫家境比较好或能力较强，可是另外一半个性容易朝令夕改，常常让对方不知道该如何应对，在感情方面会有所多变，很容易交往到年纪比较大的异性，因为本身较为容易对年纪大的异性产生好感，要注意婚后跟另一半感情的问题，因为异性缘很好，如果稍有不慎很容易影响婚姻。</nu></xingdi><xingdi id="3#12" name="武曲星+七杀星"><zhishu>93%</zhishu><nan>感情路会走的跌跌撞撞，夫妻彼此之间的相处是非常刚烈的，武曲本来就是一颗孤寡之星，容易与伴侣产生矛盾，夫妻关系可能会不和谐，严重的可能会导致离婚分离。
与此同时，结婚前会多阻碍波折或多争吵，婚后也并不平静，易生矛盾或家庭问题。若想家庭幸福，对女性要求较高或需迟婚等特别的方法。</nan><nu>感情路会走的跌跌撞撞，夫妻彼此之间的相处是非常刚烈的，武曲本来就是一颗孤寡之星，容易与伴侣产生矛盾，夫妻关系可能会不和谐，严重的可能会导致离婚分离。
与此同时，结婚前会多阻碍波折或多争吵，婚后也并不平静，易生矛盾或家庭问题。若想家庭幸福，对女性要求较高或需迟婚等特别的方法。</nu></xingdi><xingdi id="3#10" name="武曲星+天相星"><zhishu>55%</zhishu><nan>在恋爱的过程中可以和伴侣互相扶持，彼此都很好沟通，男人有天相的人可以娶好老婆，在事业上有所帮助。
与此同时也可能出现，感情路会走的跌跌撞撞，夫妻彼此之间的相处是非常刚烈的，武曲本来就是一颗孤寡之星，容易与伴侣产生矛盾，夫妻关系可能会不和谐，严重的可能会导致离婚分离。</nan><nu>在恋爱的过程中可以和伴侣互相扶持，彼此都很好沟通，女人有天相的老公会是一个好好先生，善体人意，而且天相是一颗很柔的星，双方相处会很融洽。
与此同时也可能出现，感情路会走的跌跌撞撞，夫妻彼此之间的相处是非常刚烈的，武曲本来就是一颗孤寡之星，容易与伴侣产生矛盾，夫妻关系可能会不和谐，严重的可能会导致离婚分离。</nu></xingdi><xingdi id="3#13" name="武曲星+破军星"><zhishu>91%</zhishu><nan>感情路会走的跌跌撞撞，夫妻彼此之间的相处是非常刚烈的，武曲本来就是一颗孤寡之星，容易与伴侣产生矛盾，夫妻关系可能会不和谐，严重的可能会导致离婚分离，或者会徒有夫妻之名而无夫妻之实的情况，容易会有一次破碎的婚姻。</nan><nu>感情路会走的跌跌撞撞，夫妻彼此之间的相处是非常刚烈的，武曲本来就是一颗孤寡之星，容易与伴侣产生矛盾，夫妻关系可能会不和谐，严重的可能会导致离婚分离，或者会徒有夫妻之名而无夫妻之实的情况，容易会有一次破碎的婚姻。</nu></xingdi><xingdi id="3#6" name="武曲星+天府星"><zhishu>75%</zhishu><nan>夫妻生活彼此都很想要去驾驭对方，谁也不服谁，都想当老大，因此很容易出问题，疑心病很重，婚姻往往都败在自己的不信任感，容易和另一半在沟通上出问题，即使双方感情很好，但是还是会猜忌对方。
与此同时，感情路会走的跌跌撞撞，夫妻彼此之间的相处是非常刚烈的，武曲本来就是一颗孤寡之星，容易与伴侣产生矛盾，夫妻关系可能会不和谐，严重的可能会导致离婚分离。</nan><nu>夫妻生活彼此都很想要去驾驭对方，谁也不服谁，都想当老大，因此很容易出问题，疑心病很重，婚姻往往都败在自己的不信任感，容易和另一半在沟通上出问题，即使双方感情很好，但是还是会猜忌对方。
与此同时，感情路会走的跌跌撞撞，夫妻彼此之间的相处是非常刚烈的，武曲本来就是一颗孤寡之星，容易与伴侣产生矛盾，夫妻关系可能会不和谐，严重的可能会导致离婚分离。</nu></xingdi><xingdi id="3#8" name="武曲星+贪狼星"><zhishu>80%</zhishu><nan>感情路会走的跌跌撞撞，夫妻彼此之间的相处是非常刚烈的，武曲本来就是一颗孤寡之星，容易与伴侣产生矛盾，夫妻关系可能会不和谐，严重的可能会导致离婚分离。
与此同时，您的感情世界容易出现三人行情况，家里有一个外面也有一个，思想上可能出现多多益善，来者不拒的想法，也就是即使结婚后还有恋爱的机会，需要多约束好自己才能维系家庭幸福。</nan><nu>感情路会走的跌跌撞撞，夫妻彼此之间的相处是非常刚烈的，武曲本来就是一颗孤寡之星，容易与伴侣产生矛盾，夫妻关系可能会不和谐，严重的可能会导致离婚分离。
与此同时，您的感情世界容易出现三人行情况，家里有一个外面也有一个，思想上可能出现多多益善，来者不拒的想法，也就是即使结婚后还有恋爱的机会，需要多约束好自己才能维系家庭幸福。</nu></xingdi><xingdi id="4#9" name="天同星+巨门星"><zhishu>50%</zhishu><nan>大致上夫妻相处没有问题，可是另外一半个性容易朝令夕改，常常让对方不知道该如何应对，在感情方面会有所多变，很容易交往到年纪比较大的异性，因为本身较为容易对年纪大的异性产生好感，要注意婚后跟另一半感情的问题，因为异性缘很好，如果稍有不慎很容易影响婚姻。
与此同时也可能出现，夫妻生活彼此都很想要去驾驭对方，谁也不服谁，都想当老大，因此很容易出问题，疑心病很重，婚姻往往都败在自己的不信任感，容易和另一半在沟通上出问题，即使双方感情很好，但是还是会猜忌对方。</nan><nu>大致上夫妻相处没有问题，可是另外一半个性容易朝令夕改，常常让对方不知道该如何应对，在感情方面会有所多变，很容易交往到年纪比较大的异性，因为本身较为容易对年纪大的异性产生好感，要注意婚后跟另一半感情的问题，因为异性缘很好，如果稍有不慎很容易影响婚姻。
与此同时也可能出现，夫妻生活彼此都很想要去驾驭对方，谁也不服谁，都想当老大，因此很容易出问题，疑心病很重，婚姻往往都败在自己的不信任感，容易和另一半在沟通上出问题，即使双方感情很好，但是还是会猜忌对方。</nu></xingdi><xingdi id="4#11" name="天同星+天梁星"><zhishu>38%</zhishu><nan>大致上夫妻相处没有问题，可是另外一半个性容易朝令夕改，常常让对方不知道该如何应对，在感情方面会有所多变，很容易交往到年纪比较大的异性，因为本身较为容易对年纪大的异性产生好感，要注意婚后跟另一半感情的问题，因为异性缘很好，如果稍有不慎很容易影响婚姻。</nan><nu>大致上夫妻相处没有问题，可是另外一半个性容易朝令夕改，常常让对方不知道该如何应对，在感情方面会有所多变，很容易交往到年纪比较大的异性，因为本身较为容易对年纪大的异性产生好感，要注意婚后跟另一半感情的问题，因为异性缘很好，如果稍有不慎很容易影响婚姻。</nu></xingdi><xingdi id="4#7" name="天同星+太阴星"><zhishu>37%</zhishu><nan>大致上夫妻相处没有问题，可是另外一半个性容易朝令夕改，常常让对方不知道该如何应对，在感情方面会有所多变，很容易交往到年纪比较大的异性，因为本身较为容易对年纪大的异性产生好感，要注意婚后跟另一半感情的问题，因为异性缘很好，如果稍有不慎很容易影响婚姻。</nan><nu>大致上夫妻相处没有问题，可是另外一半个性容易朝令夕改，常常让对方不知道该如何应对，在感情方面会有所多变，很容易交往到年纪比较大的异性，因为本身较为容易对年纪大的异性产生好感，要注意婚后跟另一半感情的问题，因为异性缘很好，如果稍有不慎很容易影响婚姻。</nu></xingdi><xingdi id="5#6" name="廉贞星+天府星"><zhishu>70%</zhishu><nan>感情路会走的跌跌撞撞，容易受其它星影响，没有吉星扶持，夫妻彼此之间的相处是非常刚烈的，容易出现关系不和，不融洽，进而发生吵闹，易生矛盾。
与此同时也可能出现，夫妻生活彼此都很想要去驾驭对方，谁也不服谁，都想当老大，因此很容易出问题，疑心病很重，婚姻往往都败在自己的不信任感，容易和另一半在沟通上出问题，即使双方感情很好，但是还是会猜忌对方。</nan><nu>感情路会走的跌跌撞撞，容易受其它星影响，没有吉星扶持，夫妻彼此之间的相处是非常刚烈的，容易出现关系不和，不融洽，进而发生吵闹，易生矛盾。
与此同时也可能出现，夫妻生活彼此都很想要去驾驭对方，谁也不服谁，都想当老大，因此很容易出问题，疑心病很重，婚姻往往都败在自己的不信任感，容易和另一半在沟通上出问题，即使双方感情很好，但是还是会猜忌对方。</nu></xingdi><xingdi id="5#8" name="廉贞星+贪狼星"><zhishu>78%</zhishu><nan>感情路会走的跌跌撞撞，容易受其它星影响，没有吉星扶持，夫妻彼此之间的相处是非常刚烈的，容易出现关系不和，不融洽，进而发生吵闹，易生矛盾。
与此同时，您的感情世界容易出现三人行情况，家里有一个外面也有一个，思想上可能出现多多益善，来者不拒的想法，也就是即使结婚后还有恋爱的机会，需要多约束好自己才能维系家庭幸福。</nan><nu>感情路会走的跌跌撞撞，容易受其它星影响，没有吉星扶持，夫妻彼此之间的相处是非常刚烈的，容易出现关系不和，不融洽，进而发生吵闹，易生矛盾。
与此同时，您的感情世界容易出现三人行情况，家里有一个外面也有一个，思想上可能出现多多益善，来者不拒的想法，也就是即使结婚后还有恋爱的机会，需要多约束好自己才能维系家庭幸福。</nu></xingdi><xingdi id="5#10" name="廉贞星+天相星"><zhishu>50%</zhishu><nan>在恋爱的过程中可以和伴侣互相扶持，彼此都很好沟通，男人有天相的人可以娶好老婆，在事业上有所帮助。
与此同时也可能出现，感情路会走的跌跌撞撞，容易受其它星影响，没有吉星扶持，夫妻彼此之间的相处是非常刚烈的，容易出现关系不和，不融洽，进而发生吵闹，易生矛盾。</nan><nu>在恋爱的过程中可以和伴侣互相扶持，彼此都很好沟通，女人有天相的老公会是一个好好先生，善体人意，而且天相是一颗很柔的星，双方相处会很融洽。
与此同时也可能出现，感情路会走的跌跌撞撞，容易受其它星影响，没有吉星扶持，夫妻彼此之间的相处是非常刚烈的，容易出现关系不和，不融洽，进而发生吵闹，易生矛盾。</nu></xingdi><xingdi id="5#12" name="廉贞星+七杀星"><zhishu>92%</zhishu><nan>感情路会走的跌跌撞撞，夫妻彼此之间的相处波折甚多。结婚前会多阻碍波折或多争吵，婚后也并不平静，易生矛盾或家庭问题。若想家庭幸福，对女性要求较高或需迟婚等特别的方法。容易受其它星影响，没有吉星扶持，夫妻彼此之间的相处是非常刚烈的，容易出现关系不和，不融洽，进而发生吵闹，易生矛盾。</nan><nu>感情路会走的跌跌撞撞，夫妻彼此之间的相处波折甚多。结婚前会多阻碍波折或多争吵，婚后也并不平静，易生矛盾或家庭问题。若想家庭幸福，对女性要求较高或需迟婚等特别的方法。容易受其它星影响，没有吉星扶持，夫妻彼此之间的相处是非常刚烈的，容易出现关系不和，不融洽，进而发生吵闹，易生矛盾。</nu></xingdi><xingdi id="5#13" name="廉贞星+破军星"><zhishu>94%</zhishu><nan>感情路会走的跌跌撞撞，容易受其它星影响，夫妻彼此之间的相处是非常刚烈的，容易出现关系不和，不融洽，进而发生吵闹，易生矛盾。婚姻生活难以和谐，可能会夫妻分离或徒有夫妻之名而无夫妻之实的情况，容易会有一次破碎的婚姻。</nan><nu>感情路会走的跌跌撞撞，容易受其它星影响，夫妻彼此之间的相处是非常刚烈的，容易出现关系不和，不融洽，进而发生吵闹，易生矛盾。婚姻生活难以和谐，可能会夫妻分离或徒有夫妻之名而无夫妻之实的情况，容易会有一次破碎的婚姻。</nu></xingdi></xingfu></root>