<?xml version="1.0" encoding="UTF-8"?>
<root><xingdi id="0" name="紫微">今天会增加自身贵气，对于担任公职或政治人物会是非常好运的一天，有利于事业发展。经商者会经营平顺，获得稳定的收益。白领阶级则在工作上也能得心应手，更容易得到认同。
但需要注意保持冷静的头脑，提防别人一时的煽动性言语而做出错误的评估，而蒙受金钱损失，或个人信用形象受损。</xingdi><xingdi id="1" name="天机">今天头脑会变得活跃，特别爱思考。
所处的环境可能会有变动，有可能会出外逛街旅游，或访客。
工作上也可能会所变动，可能会频繁地进行跨部门的沟通、会议。</xingdi><xingdi id="2" name="太阳">今天做事会变得积极负责，对于工作事业的发展有积极影响，并且能在工作领域上得到不错的评价，对于别人的求助也会提供帮助。
同时有利于展示个人魅力，单身男女有结识心仪对象的机会。</xingdi><xingdi id="3" name="武曲">今天处事态度会较为专注果断，可以提高做事效率。
人际交往方面不太顺畅，容易与人产生矛盾纠纷，好胜心增强。
同时要小心金钱的损失，或意外伤害。</xingdi><xingdi id="4" name="天同">今天容易有满足感，工作、事业上能有好的表现，得到上司同事的认同。
事事顺利，特别感情方面会与异性对象有好的进展，或者能认识心仪的对象。</xingdi><xingdi id="5" name="廉贞">今天脾气变得浮荡暴躁，容易失去冷静而和别人闹矛盾，需要控制好自己的情绪。
在工作上会埋头苦干能提高工作效率，不要和同事朋友交流太多，一动不如一静。
财运波动大，投资请慎重，提防金钱损失。</xingdi><xingdi id="6" name="天府">今天工作会特别有责任感，还喜欢帮助人去解决问题，事业会有稳定进步的趋势。
运气好，遇到麻烦也能解决，逢凶化吉。</xingdi><xingdi id="7" name="太阴">今天对于时间的掌控能力得到加强，事业上有好的表现，对于在有晋升机会的人来说可以很好地表现自己能力。
理财能力不错，能剩下一些日常花销。
和异性有愉快的交流，有机会认识合心意的对象。</xingdi><xingdi id="8" name="贪狼">今天可能会有交际应酬的机会，遇上饭局请注意饮食，喝酒会伤身。
有异性缘，会有和异性接触的机会，说不定还能邂逅喜欢的异性。
有偏财运，但小心意外的金钱损失。</xingdi><xingdi id="9" name="巨门">今天心思会变得细腻，会注意到平日不会关注的细节，为自己事业上赢得好的表现。
说话能力得到加强，往好的方向发展说话能得到别人认同。但也有可能与人发生口舌纠纷，有损人缘。</xingdi><xingdi id="10" name="天相">今天会感觉充满正义感，喜欢帮助别人，自己的办事能力也会得到加强。
事业上可能会回到突发的问题打乱了您的计划，需要保持良好的心态去应对变化。</xingdi><xingdi id="11" name="天梁">今天给人的感觉较为成熟稳重，如果可以适时关心帮助朋友同事，能提升您在朋友同事心中的形象。
可能会遇到困难，或者意料之外的变故，但最后都可以化险为夷，解决困难。</xingdi><xingdi id="12" name="七杀">今天很有冲劲活力，像有用不完的精力，专治各种困难麻烦。
可能会遇到意外的灾祸，必须警惕预防。
太有义气，会为他人问题当作自己的问题，自己招惹烦恼。</xingdi><xingdi id="13" name="破军">今年容易冲动，情绪化，需要控制好自己的情绪，不然自己招惹很多麻烦。
财运方面并不算太理想，可能蒙受金钱损失，事业的推进也会有点阻碍。
身体容易出状况，需要注意饮食习惯。</xingdi><xingdi id="14" name="禄存">会较为忙碌，有很多事情需要关注，当然辛勤总会有收获的，对于财源开拓会有帮助。 </xingdi><xingdi id="15" name="天马">可能会出现意外变化，需要提防意外波折或交通事故，出外走动注意安全。</xingdi><xingdi id="151" name="日曲">文书类工作会较为顺利，学术研究或文艺活动会取得不错的成绩，参加考试的朋友能有好的发挥。</xingdi><xingdi id="152" name="日昌">文书类工作会较为顺利，学术研究或文艺活动会取得不错的成绩，参加考试的朋友能有好的发挥。</xingdi><xingdi id="18" name="左辅">遇到困难可以求助于同事朋友，对于考试、事业拓展、升迁都有正面的影响。</xingdi><xingdi id="19" name="右弼">遇到困难可以求助于同事朋友，对于考试、事业拓展、升迁都有正面的影响。</xingdi><xingdi id="156" name="日魁">发展的机会就在身边，遇到困难能得到解决，与朋友同事聊天说笑可以增加友谊。</xingdi><xingdi id="157" name="日钺">发展的机会就在身边，遇到困难能得到解决，与朋友同事聊天说笑可以增加友谊。</xingdi><xingdi id="154" name="日羊">工作上会遇到阻力，想要达成预订的目标需要付出加倍的努力。
容易招惹小人麻烦，身体容易受到伤害，需要注意安全。</xingdi><xingdi id="155" name="日陀">工作上会遇到阻力，想要达成预订的目标需要付出加倍的努力。
容易招惹小人麻烦，身体容易受到伤害，需要注意安全。</xingdi><xingdi id="24" name="火星">有点神经质，较为困惑，容易出现精神上的问题纠纷。
不利于人际关系发展，容易出现人事是非，做事需小心谨慎。</xingdi><xingdi id="25" name="铃星">有点神经质，较为困惑，容易出现精神上的问题纠纷。
不利于人际关系发展，容易出现人事是非，做事需小心谨慎。</xingdi><xingdi id="26" name="地空">金钱损失有上升的趋势，要管好钱包，注意突发情况导致破财。
感情上也容易发生问题，需要冷静处理，懂得体谅，懂得迁就，问题其实很好解决。</xingdi><xingdi id="27" name="地劫">金钱损失有上升的趋势，要管好钱包，注意突发情况导致破财。
感情上也容易发生问题，需要冷静处理，懂得体谅，懂得迁就，问题其实很好解决。</xingdi><xingdi id="2#161" name="太阳化忌">自己或伴侣耍脾气、容易情绪化，甚至会惹来口舌是非，需要注意自己的言行，避免惹来诸多麻烦。</xingdi><xingdi id="7#161" name="太阴化忌">可能会吃暗亏，或遇到难言之心事而烦恼，人生本不会一帆风顺，需要保持乐观的心态。</xingdi><xingdi id="5#161" name="廉贞化忌">容易会惹上是非、官非、破财等情形，做什么决定都要想到最坏的情况，不能抱侥幸心理。</xingdi><xingdi id="9#161" name="巨门化忌">容易招惹口舌之灾，一句无心的话也会得罪人。说话要考虑别人感受，不然是非麻烦真会令您很头疼。</xingdi><xingdi id="1#161" name="天机化忌">喜欢钻牛角尖，做事会不断考虑但还是会被自己的想法难住，想太多却无法付诸行动。</xingdi><xingdi id="16#161" name="文曲化忌">感情方面有状况，易有感情困扰，或交际方面不太顺畅。</xingdi><xingdi id="4#161" name="天同化忌">性情变得特别懒惰，滋生不想工作的情绪，遇到机会也抓不住。或者工作量特别大，不得不劳碌工作。</xingdi><xingdi id="17#161" name="文昌化忌">变得有点不明事理，或过份明了事理，知道一些不好的想象但自己又无法改变，反而会自我苦闷。</xingdi><xingdi id="3#161" name="武曲化忌">处事态度不能过于呆板，可能会过份严守规定而得罪人，或根本不守规定，遭到同事朋友的不满。</xingdi><xingdi id="8#161" name="贪狼化忌">欲望变强，易有挑花近身，感情容易出问题。想法有点不实际，空想主义严重。</xingdi></root>