<?xml version="1.0" encoding="UTF-8"?>
<root>
  <xingdi id="0" name="紫微星事业分析">
    <juese>领导，统帅，精神领袖</juese>
    <zhiye>政治家，实业家，企业高管；秘书，文书</zhiye>
    <zongping>你就像一位领袖、统帅，代表着尊贵与权力，在事业中充当着统御类型的角色，是团队组织的核心层，你要用敏锐的头脑做出关键的决策。</zongping>
    <jianyi>你务必把统御的本能表现出来，积极巩固领导地位，另外还需要有一些辅佐你的人才跟你齐头并进，此外还要适时放下身段，积极认识更多的人，扩大自己的交际圈子。</jianyi>
    <ziwu>位高权重命天定</ziwu>
    <chouwei>人际关系是根本</chouwei>
    <yinshen>稳中求胜方上策</yinshen>
    <maoyou>久经磨练方成器</maoyou>
    <chenxu>成功需要凭忠诚</chenxu>
    <sihai>不断迎接新挑战</sihai>
  </xingdi>
  <xingdi id="1" name="天机星事业分析">
    <juese>军师，谋士，智慧，思考，精神，服务性质</juese>
    <zhiye>画家，书法家，设计师；艺术家，理家达人</zhiye>
    <zongping>你好比是心思缜密的军师，在事业中发挥着策划或者智囊的作用，比较在乎工作环境，重视心灵精神上的感受，渴望得到一个舞台让自己的才华充分发挥。</zongping>
    <jianyi>你适合从事一份能让自己从容发挥专长的工作，在自己满意的环境中自在惬意地工作。有时候不必去计较职务的高低，感到满足了其实就很好，勤恳付出总会有回报。</jianyi>
    <ziwu>见异思迁是大忌</ziwu>
    <chouwei>顺境逆境须安定</chouwei>
    <yinshen>广结良缘助成功</yinshen>
    <maoyou>他人信任是关键</maoyou>
    <chenxu>空谈只会误姻缘</chenxu>
    <sihai>学习能创事业运</sihai>
  </xingdi>
  <xingdi id="2" name="太阳星事业分析">
    <juese>阳刚，雄性，博爱，领导</juese>
    <zhiye>政治家，建筑师；律师，导游，餐饮服务业</zhiye>
    <zongping>你具有创建、领导事业的能力，只要肯付出，将有成就的机会。适合自立建业，开疆扩土，统领一方。你是担任主管的人才，如果能在领导职位上，更能显现出特色。虽然劳心劳力，但是会越来越有生命力和动力。</zongping>
    <jianyi>你对事业的创建和领导，最好是用刚硬强势的状态全力冲刺，这样才能开疆扩土，但是在遇到某些情况时，则不应该太过强硬，反而要加以阴柔的力量去完成。如果能于刚硬强势中加一点阴柔之气，适时地表现于事业的创建或掌控上，将会更加完美。</jianyi>
    <ziwu>业精于勤终有成</ziwu>
    <chouwei>成功莫走平常路</chouwei>
    <yinshen>学以致用多专能</yinshen>
    <maoyou>利人非己成功多</maoyou>
    <chenxu>逆境成才无须怨</chenxu>
    <sihai>有志者，事竟成</sihai>
  </xingdi>
  <xingdi id="3" name="武曲星事业分析">
    <juese>财资，刚毅，奋斗，孤独</juese>
    <zhiye>企业家，金融家；主内行家，白领</zhiye>
    <zongping>你有着较强的工作能力，有一股冲劲，并且非常坚定，能够坚持。可以自立创业，也可以帮助别人机构开疆扩土。无论是自立创业或者做工薪阶层，你都会是推动事业前进的中坚力量。</zongping>
    <jianyi>你有着坚毅不屈的优点，要善于发挥自己的特质，这样才能创造出一片事业。此外，还应该注意不要因为固执而对别人的意见置之不理。</jianyi>
    <ziwu>突破困境终大成</ziwu>
    <chouwei>全力以赴定乾坤</chouwei>
    <yinshen>行业选择贵为重</yinshen>
    <maoyou>得失且莫看眼前</maoyou>
    <chenxu>似锦前程出本心</chenxu>
    <sihai>前程路上莫懈怠</sihai>
  </xingdi>
  <xingdi id="4" name="天同星事业分析">
    <juese>文墨，享受，软弱，多福</juese>
    <zhiye>自由职业者，作家；服装设计师，园艺设计师</zhiye>
    <zongping>你的工作不太需要很强的冲劲儿，而是偏于安稳。你在事业上有微弱的福气，缺少强烈的意志心和企图心，不大会自立创业或者担任领导角色，最适合做工薪阶层，压力和挑战都比较小，因此得以在平平淡淡中过着充实的每一天。</zongping>
    <jianyi>你在事业上稍显软弱、安逸，只求舒适，不愿给自己压力，无心于开创自己的事业前途。所以你非常需要不断地刺激自己的心灵意志，把沉睡中的潜能表现出来，给自己多一点动力。</jianyi>
    <ziwu>任劳任怨达前程</ziwu>
    <chouwei>业专于能勿表现</chouwei>
    <yinshen>少欲寡求业自成</yinshen>
    <maoyou>泰然处之莫急躁</maoyou>
    <chenxu>成功路上多挫折</chenxu>
    <sihai>善用智慧事功倍</sihai>
  </xingdi>
  <xingdi id="5" name="廉贞星事业分析">
    <juese>桃色，交际，刚艳</juese>
    <zhiye>公务人员，教师，行政人员；服装设计师，美容师，美食家</zhiye>
    <zongping>你在工作方面比较活跃，懂得观察掌握有利的时机。你擅长交际，在工作上较易接近异性，所以如果从事需要大量交际或者与异性相关的工作，都会比较顺利。你在工作上很花心思，适合在工薪阶层，并且常常处于对外接触的第一线。</zongping>
    <jianyi>虽说做事要有交际技巧，但其实也离不开强硬的手段，在这方面要注意。另外，你在工作环境中，较容易因为异性而轻松达到工作目标，但是不注意就会因为桃花过多而牵扯其中，引起不必要的麻烦。</jianyi>
    <ziwu>突破自我有成就</ziwu>
    <chouwei>信心勇气是前提</chouwei>
    <yinshen>安定踏实能如愿</yinshen>
    <maoyou>专注目标成大业</maoyou>
    <chenxu>善于学习是根本</chenxu>
    <sihai>积极心态定成败</sihai>
  </xingdi>
  <xingdi id="6" name="天府星事业分析">
    <juese>禄库，副手，至尊，号令，稳定长久</juese>
    <zhiye>公务人员，自主经营；秘书，银行职员</zhiye>
    <zongping>你在工作上善于行动，但是缺少创造力，也缺乏冲锋陷阵的冒险精神。你的做事方式是在保守中求进步，遵循着规则来做，虽然能够作出成绩，但是无法突破这种局限。</zongping>
    <jianyi>你属于一个优秀的执行者而非创造者。如果你能够保持你务实的特点，可以将目标设置得高一点，便能获得更大的成就。</jianyi>
    <ziwu>突破困境终大成</ziwu>
    <chouwei>事业成功须静心</chouwei>
    <yinshen>稳中求胜方上策</yinshen>
    <maoyou>吃苦耐劳功自成</maoyou>
    <chenxu>善于学习是根本</chenxu>
    <sihai>一步一趋见光明</sihai>
  </xingdi>
  <xingdi id="7" name="太阴星事业分析">
    <juese>母爱，阴柔，心灵，浪漫</juese>
    <zhiye>诗人，作家，演员，文艺工作者，程序设计师；演员，歌唱家，律师，编辑</zhiye>
    <zongping>你的工作在表面上看似乎很轻松，但其实是需要积极努力的。你工作还算顺利，虽然会比较费心，但却是快乐的。你在工作上有智慧，但缺乏一点魄力。你对物质利益与精神感受都有追求，对工作的类别和环境也会比较挑剔。</zongping>
    <jianyi>你在工作中一定要加强刚劲的雄风与魄力，不断冲刺创造，这样才能使工作成果突破你安逸心灵的制约，让工作事业更为辉煌有成。</jianyi>
    <ziwu>任劳任怨达前程</ziwu>
    <chouwei>成功莫走平常路</chouwei>
    <yinshen>广结良缘助成功</yinshen>
    <maoyou>台前幕后皆精彩</maoyou>
    <chenxu>顺其自然不强求</chenxu>
    <sihai>和气生财最关键</sihai>
  </xingdi>
  <xingdi id="8" name="贪狼星事业分析">
    <juese>投机，桃色，善恶，精明，才艺</juese>
    <zhiye>导演，企业家，探险家；表演艺术家，艺人，模特</zhiye>
    <zongping>你建功立业之心旺盔，好大喜功，喜欢用走捷径、投机或赌博的方式取得工作事业的成果。工作行事方式上，你喜欢在短时间内创造大成果，希望以一分的付出去求得十分的成绩，属于勇敢创造又急功近利的类型。</zongping>
    <jianyi>你要谨慎妥善地处理工作中遇到的桃花事件，避免它带来麻烦。工作中切忌充满疯狂的野心与欲望，否则会在工作事业的方向或脚步上有所迷失，导致失败。</jianyi>
    <ziwu>突破困境靠韧劲</ziwu>
    <chouwei>全力以赴定乾坤</chouwei>
    <yinshen>量力而行莫强求</yinshen>
    <maoyou>久经磨练方成器</maoyou>
    <chenxu>不以物喜须谨记</chenxu>
    <sihai>积极心态定成败</sihai>
  </xingdi>
  <xingdi id="9" name="巨门星事业分析">
    <juese>暗藏，精明，口才，研究，口舌</juese>
    <zhiye>教授，律师，政治家；教师，保姆</zhiye>
    <zongping>你比较不适合自立创业，最好做工薪阶层，适合从事于需要口才、交涉、观察、侦查的工作或者研究性的工作。如果一定要自立创业的话，则最好做以上几种工作类型的工作室，不宜太过招摇，否则会生波折。</zongping>
    <jianyi>你所从事的工作最好有一定的保密性，或者较为隐晦，这样成功率与顺利程度会较高一些。反之，如果过度公开、招摇、引人注目，将会容易受阻碍或破坏。</jianyi>
    <ziwu>美玉尚须细雕磨</ziwu>
    <chouwei>业专于能勿表现</chouwei>
    <yinshen>学以致用多专能</yinshen>
    <maoyou>他人信任是关键</maoyou>
    <chenxu>成功路上多艰辛</chenxu>
    <sihai>身临困境靠贵人</sihai>
  </xingdi>
  <xingdi id="10" name="天相星事业分析">
    <juese>宰相，执行，衣禄，尊贵，公正，信义，谨慎，忠诚</juese>
    <zhiye>保险业，推销业；保险业，推销业</zhiye>
    <zongping>你在工作上有相当好的执行能力和耐力，是一个能吃苦耐劳的工作者。无论自立创业、做工薪阶层或担任公务公职，都可表现得相当出色。如果自立创业，至少也有一片小天地；如果做工薪阶层，也有次级主管或特别助理之类的职位；如果做公务公职，则最好做佐政的职位。</zongping>
    <jianyi>如果说你有缺点的话，那就是爱面子，好管闲事，喜欢替人出头。所以，在工作上不要太随意就替人承担本不属于自己的责任，否则将因此阻碍自己的工作发展。</jianyi>
    <ziwu>突破自我有成就</ziwu>
    <chouwei>脚踏实地勿要奸</chouwei>
    <yinshen>行业选择贵为重</yinshen>
    <maoyou>勇字当头破困境</maoyou>
    <chenxu>成功需要凭忠诚</chenxu>
    <sihai>协作配合主功名</sihai>
  </xingdi>
  <xingdi id="11" name="天梁星事业分析">
    <juese>征荫护，保健，福利，道德，风范</juese>
    <zhiye>教师，公务员，研究员，职场白领；教师，公务员，研究员，职场白领</zhiye>
    <zongping>你工作安定，有一个稳定的职位，而且会尽忠职守，负责任，是一个具有贡献力的工作者。同时会有贵人关照提携，前程顺利。</zongping>
    <jianyi>你有牺牲奉献的工作精神，容易相信工作中来往的人，因而容易吃亏、受欺骗，让人占便宜。工作上的宽恕心可能过大，容易原谅同伴，使得工作推进不顺利。</jianyi>
    <ziwu>恩泽他人成事业</ziwu>
    <chouwei>光明磊落利前程</chouwei>
    <yinshen>少欲寡求业自成</yinshen>
    <maoyou>利人非己成功多</maoyou>
    <chenxu>空谈只会误姻缘</chenxu>
    <sihai>择木而栖是关键</sihai>
  </xingdi>
  <xingdi id="12" name="七杀星事业分析">
    <juese>刚猛，孤剋，破坏，杀气</juese>
    <zhiye>运动员，警察，军人，保安，特工，爆破行业；运动员，文书</zhiye>
    <zongping>你有着充沛的工作精力和冒险患难牺牲的精神，可以在恶劣的环境中求得生存，完成艰难的任务，对于刺激、冒险、毁灭、破坏性的工作比较有兴趣。所以，你很适合站在工作事业开创的第一线，如同一个赴命沙场的战将东征西讨。</zongping>
    <jianyi>你需要磨炼强大的忍耐力，勇于挑战，丝毫不怕艰辛困苦，同时接纳忠言与批评指教，懂得识才用人，结合群策群力，方能成就丰功伟业。</jianyi>
    <ziwu>勇往直前莫自虑</ziwu>
    <chouwei>信心勇气是前提</chouwei>
    <yinshen>天将大任自担当</yinshen>
    <maoyou>得失且莫看眼前</maoyou>
    <chenxu>充满斗志莫停歇</chenxu>
    <sihai>不断迎接新挑战</sihai>
  </xingdi>
  <xingdi id="13" name="破军星事业分析">
    <juese>破耗，逆转，祸事，阴杀</juese>
    <zhiye>保安，军警，军医；职业女性，政客</zhiye>
    <zongping>你工作能力很强，但是用心不专，有始乏终。心浮不定，心猿意马，工作常会遭受阻碍。容易产生对工作和环境的倦怠，经常换工作或环境。有充沛的精力和冒险患难、冲锋陷阵的精神，喜欢做刺激性高或者挑战性强的工作。</zongping>
    <jianyi>你首先要做的是改进工作的作风和态度，培养起贯穿始终、专心一意的坚毅精神，才不会常换工作或环境。</jianyi>
    <ziwu>全力以赴少顾忌</ziwu>
    <chouwei>人际关系是根本</chouwei>
    <yinshen>处变不惊要镇定</yinshen>
    <maoyou>专注目标成大业</maoyou>
    <chenxu>困中求变建基业</chenxu>
    <sihai>前程路上莫懈怠</sihai>
  </xingdi>
</root>