<?xml version="1.0" encoding="UTF-8"?>
<root><minggonggeju id="0" gejuJixiong="吉" gejuname="极向离明格">经云：“紫微居午无煞凑，位至公卿”。有这个格局的您得到贵气十足，容易成为高官或富商，发家致富。但需要无煞星影响才能全力发挥作用。</minggonggeju><minggonggeju id="1" gejuJixiong="吉" gejuname="君臣庆会格">经云：“君臣庆会，才学经邦”。有这个格局的您一身中会有很多助力，特别是投身政界或商界将会很好地展示您的才能，容易大富大贵。 </minggonggeju><minggonggeju id="2" gejuJixiong="吉" gejuname="紫府同宫格">经云：“紫府同宫，终身福厚”。有这个格局的您命中贵气足，有成富或成贵的机运。但是有时候不能果断下决策，延误了抢得先机的机会。 </minggonggeju><minggonggeju id="3" gejuJixiong="吉" gejuname="紫府朝垣格">经云：“紫府朝垣，食禄万钟”。有这个格局的您容易有一定的经济收入，重视人际情谊，与家人朋友感情不错。 如若担任公职，官运可亨通。</minggonggeju><minggonggeju id="4" gejuJixiong="吉" gejuname="巨机同宫格">经云：“巨机同宫，公卿之位”。有这个格局的您文学修养高，有一流的学问，适合在政界发展，容易大富大贵，名声显赫。但需要注意感情上的困扰，不利于爱情婚姻，要特别留意。 </minggonggeju><minggonggeju id="5" gejuJixiong="吉" gejuname="善荫朝纲格">经云：（天机）“更逢天梁，必有高艺随身”、“（天梁）与天机同行，居翰苑，善谈兵”。有这个格局的您学有专长，博学过人，关心政治，对任何事都有自己的独特见解，具有幕后策划分析能力，有巧思，口才佳。 </minggonggeju><minggonggeju id="6" gejuJixiong="吉" gejuname="机月同梁格">经云：“机、月、同、梁作吏人”。有这个格局的您适合从事稳定少风险的事业，不宜投机。可以考虑在公家机关、大企业中担任职务。职位可以选择从事管理、设计、策划等工作都是有利于您的事业发展，容易取得成绩。</minggonggeju><minggonggeju id="7" gejuJixiong="吉" gejuname="日丽中天格">经云：“太阳居午，谓之日丽中天，有专权之贵，敌国之富”。有这个格局的您富贵气运十足，容易大贵大富，有权有势。</minggonggeju><minggonggeju id="8" gejuJixiong="吉" gejuname="日照雷门格">经云：“日照雷门，富贵荣华”。有这个格局的您拥有贵气，容易获得成就和名声，得到别人的认可。</minggonggeju><minggonggeju id="9" gejuJixiong="吉" gejuname="日月同宫格">诗曰：“二曜常明气象新，少年学问播声名。几番升转功名盛，定作朝中燮里人。”。有这个格局的您很容易进入别人的视野中，努力发挥自身的才能，容易得到上师的认同，得到升职加薪的机会。</minggonggeju><minggonggeju id="10" gejuJixiong="吉" gejuname="日月并明格">经云：“日月并明，佐九重于尧殿”。有这个格局的您人地善良，光明磊落，处事有自己的方法，稳步前进，做事越做越好。而且从少就很有学问，容易得到名声。</minggonggeju><minggonggeju id="11" gejuJixiong="吉" gejuname="明珠出海格">经云：“三合明珠生旺地，稳步蟾宫”。有这个格局的您可以说是财官双美、声名远播，从事文艺工作容易出名，得到认同。参加公职考试也很有机会金榜题名，如若在政界发展则会飞黄腾达。</minggonggeju><minggonggeju id="12" gejuJixiong="吉" gejuname="巨日同宫格">经云：“巨日同宫，官封三代”。有这个格局的您容易出名，求名易于求利，或会成为社会上的知名人士。如若从政当官，会有较好的发展，官场上能飞黄腾达。</minggonggeju><minggonggeju id="13" gejuJixiong="吉" gejuname="阳梁昌禄格">经云：“天梁太阳昌禄会，胪传第一名”。有这个格局的您学习能力强，学业超群，考运极佳，参加国家考试很大机会能考上。无论是任政职还是当官的，都容易飞黄腾达。</minggonggeju><minggonggeju id="14" gejuJixiong="吉" gejuname="贪武同行格">经云：“贪武墓中居，三十才发福”。有这个格局的您无论选择文职还是武职都能有成就，位身高职，经商者也是能越做越旺。但大多数都是少年运程不佳，先贱后贵，或先贫后富，三十岁后运程才能好转，发家致富。</minggonggeju><minggonggeju id="15" gejuJixiong="吉" gejuname="将星得地格">经云：“武曲庙垣，威名赫奕”。有这个格局的您智慧高，威能服人。但也是属于大器晚成的类型，少年运势不佳，需要三十岁后才会逐渐发达。</minggonggeju><minggonggeju id="16" gejuJixiong="吉" gejuname="财禄夹马格">有这个格局的您较为喜欢投机取巧，敢于冒险犯难，富贵险中求。也代表会先贫后富，但不代表会有贵气。</minggonggeju><minggonggeju id="17" gejuJixiong="吉" gejuname="廉贞文武格">经云：“廉贞遇文昌，好礼乐”。有这个格局的您适合从事企业行政管理方面的工作，当然也适合在演艺界发展，容易获功绩、名望。</minggonggeju><minggonggeju id="18" gejuJixiong="吉" gejuname="财荫夹印格">天相受化禄和天梁在左右邻宫相夹，称之为财荫夹印。有这个格局的您可以得到长辈帮助，取得财富或社会地位。</minggonggeju><minggonggeju id="19" gejuJixiong="吉" gejuname="雄宿朝垣格">经去：“廉贞在未申宫守命，无四煞，富贵声扬远播名（加煞平常）”。有这个格局的您在年轻时就拥有很强的能力，会一鸣惊人，努力可获得名声、财富，能担任重要职位，能独当一面。</minggonggeju><minggonggeju id="20" gejuJixiong="吉" gejuname="府相朝垣格">经云：“天府、天相乃为衣禄之神，入仕为官，定主亨通之兆”。有这个格局的您先天福分足，不一定非常富有，但往往也是衣食无忧。事业方面机遇多，容易担任高职或当官。与亲人朋友感情深，有人情味。</minggonggeju><minggonggeju id="21" gejuJixiong="吉" gejuname="月朗天门格">经云：“月朗天门，晋爵封侯”。有这个格局的您机遇多多，不大贵则当大富，因太阴代表财富，有利于财富的收入，为富中带贵。</minggonggeju><minggonggeju id="22" gejuJixiong="吉" gejuname="月生沧海格">经云：“太阴居子，号曰水澄桂萼，得忠谏之职，清要之才”。有这个格局的您言行举止清秀、优雅、学问过人，入社会时工作较为顺利，容易获得名声和财富。</minggonggeju><minggonggeju id="23" gejuJixiong="吉" gejuname="三合火铃贪格">经云：“贪狼火铃与四墓宫，富豪家资侯伯贵”。有这个格局的您适合选择武职发展，当官的甚至有可能掌握国家军警大权。经商横财运很足，财运亨通，甚至有机会能突然暴富。
爆发力：三合火铃贪格 &gt; 三合火贪格 &gt; 三 合铃贪格</minggonggeju><minggonggeju id="24" gejuJixiong="吉" gejuname="三合火贪格">诗曰：“贪狼遇火必英雄，指日边庭立大功。”有这个格局的您适合选择武职发展，当官的甚至有可能掌握国家军警大权。经商横财运很足，财运亨通，甚至有机会能突然暴富。
爆发力：三合火铃贪格 &gt; 三合火贪格 &gt; 三 合铃贪格</minggonggeju><minggonggeju id="25" gejuJixiong="吉" gejuname="三合铃贪格">经云：“贪铃并守，将相之名”。有这个格局的您适合选择武职发展，当官的甚至有可能掌握国家军警大权。经商横财运很足，财运亨通，甚至有机会能突然暴富。
爆发力：三合火铃贪格 &gt; 三合火贪格 &gt; 三 合铃贪格</minggonggeju><minggonggeju id="26" gejuJixiong="吉" gejuname="石中隐玉格">经云：“巨门子午科禄权，石中隐玉福兴隆”。有这个格局的您理想高远，才华特异，脑力过人，适合经商或从政，容易发家致富，高官厚禄。专研文学的也能成为学术界、科技界的权威人士。但运势属于先苦后甘，无论从事何种行业，有早年辛苦，中晚年后发达的共性。必须历尽风霜、艰苦奋斗后方有大成，故称为“石中隐玉”</minggonggeju><minggonggeju id="27" gejuJixiong="吉" gejuname="禄马配印格">禄马配印格是一个富中取贵的格局。有这个格局的您财源旺盛，容易在远方、异乡赚钱。进而提升自己的身份地位，有权有势，能一呼百应。</minggonggeju><minggonggeju id="28" gejuJixiong="吉" gejuname="禄马交驰格">经云：“天禄天马，惊人甲第”。有这个格局的您财源旺盛，容易在远方、异乡赚钱。环境变化大，多外出、旅行，事业上也是越奔波劳碌越有赚钱的机会。</minggonggeju><minggonggeju id="29" gejuJixiong="吉" gejuname="寿星入庙格">经云：“梁居午位，官资清显”。有这个格局的您正直无私、学识优秀、性格稳健，具有处理难题、统御众人的才能，而且身体健康、长寿。容易得到别人的认同，得名易于得利。</minggonggeju><minggonggeju id="30" gejuJixiong="吉" gejuname="七杀朝斗格">经云：“七杀朝斗，爵禄荣昌”。有这个格局的您适合从事军警职务，可发挥领导统御能力。当然也会喜欢创业，或投身于工商界。但此格局带有杀气，自己发达成功就必有另一部份人一遭殃，或因此而有不少人败在您的手下，为达目的较不择手段，可能损及旁人利益。 
</minggonggeju><minggonggeju id="31" gejuJixiong="吉" gejuname="英星入庙格">经云：“破军子午宫，无煞，甲癸生人，官资清显，位至三公”。有这个格局的您有领导力，喜冒险犯难，具开创精神。适合担任武职或者经商，会有好的发展，能发家致富。离乡背井出外工作也会有好的机会。</minggonggeju><minggonggeju id="32" gejuJixiong="吉" gejuname="文桂文华格">经云：“文昌文曲，为人多学多能”。有这个格局的您举止优雅，性情温和，聪明勤学，多才多艺。</minggonggeju><minggonggeju id="33" gejuJixiong="吉" gejuname="文星拱命格">歌云：“文星拱命向南离，凶煞应无会遇时，翰墨纵横人敬重，手攀丹桂上云梯”。有这个格局的您举止优雅，性情温和，聪明勤学，多才多艺。</minggonggeju><minggonggeju id="34" gejuJixiong="吉" gejuname="紫府夹命格">经云：“紫府夹命为贵格”。有这个格局的您命中有贵气，容易得到别人的认可，获得好的名声或地位。</minggonggeju><minggonggeju id="35" gejuJixiong="吉" gejuname="日月夹命格">经云：“日月夹命、夹财，加吉曜，不权则富”。有这个格局的您命中财运较好，同时事业运也是令人羡慕的，对事业发展有帮助。</minggonggeju><minggonggeju id="36" gejuJixiong="吉" gejuname="左右夹命格">经云：“左右夹命为贵格”。有这个格局的您命中贵气很足，有亲和力，容易结交到朋友，或者得到贵人帮助。</minggonggeju><minggonggeju id="37" gejuJixiong="吉" gejuname="昌曲夹命格">经云：“昌曲夹命最为奇”。有这个格局的您贵气足，而且对于学术发展有利，适合从政治、学术、管理等工作，很容易就能见到成绩。</minggonggeju><minggonggeju id="38" gejuJixiong="吉" gejuname="左右同宫格">经云：“左辅右弼，终身福厚”。有这个格局的您很大机会是端庄高士，乐于助人，拥有好的计划、企划能力，专治各种疑难麻烦，善于完成各种目标，较为适合辅佐他人工作。</minggonggeju><minggonggeju id="39" gejuJixiong="吉" gejuname="辅拱文星格">经云：“辅星拱命最堪言，敏捷才华众莫先。”有这个格局的您才思敏捷，有能力独当一面，适合担任公职或在商界发展。若任管理职务，容易获得升迁发展。</minggonggeju><minggonggeju id="40" gejuJixiong="吉" gejuname="双禄朝垣格">诗曰：“财官二处与迁移，双禄逢之最有益。德合乾坤人敬重，滔滔富贵世稀奇。”。有这个格局的您命中财运浓厚，事业上很容易就有发财致富的机会。</minggonggeju><minggonggeju id="41" gejuJixiong="吉" gejuname="三奇嘉会格">经云：“科权禄拱，名誉昭彰”。有这个格局的您志向远大，运气极佳，会有意外好运及贵人相助，一生容易成就大事大业。</minggonggeju><minggonggeju id="42" gejuJixiong="吉" gejuname="权禄巡逢格">经云：“权禄重逢，财官双美（论三方，吉多方吉，凶聚也不美）”。有这个格局的您有发家致富的机会，既有钱又有势，对于事业发展有帮助，经营稳定的事业就最适合了。</minggonggeju><minggonggeju id="43" gejuJixiong="吉" gejuname="科权禄夹格">经云：“夹权夹科世所宜”。有这个格局的您一生中充满福气，能获得意外的好运和贵人相助，容易被人接纳。</minggonggeju><minggonggeju id="44" gejuJixiong="吉" gejuname="甲第登科格">经云：“科命权朝，登庸甲第”。有这个格局的您聪明过人，读书成绩好，较为容易考入高等学府，而且文章冠世，或在学术、科技上有创新和发明。适合担任管理之职，或投身政治界，有机会飞黄腾达。</minggonggeju><minggonggeju id="45" gejuJixiong="吉" gejuname="科名会禄格">经云：“科禄命逢兼合吉，威权压众相王朝”。有这个格局的您才华卓越，有名望，一生能名利双收，并且声名远播，易得贵人帮助。步入社会发展很快，容易获得晋升机会。</minggonggeju><minggonggeju id="46" gejuJixiong="吉" gejuname="坐贵向贵格">经云：“天魁天钺，盖世文章”。有这个格局的您有学识，能取得高学历，为人端庄，乐于帮助别人，同时也是会得到众人相助，遇到困难会逢凶化吉，遇难呈祥。</minggonggeju><minggonggeju id="47" gejuJixiong="吉" gejuname="天乙拱命格">经云：“贵人贵乡，逢之富贵”。有这个格局的您有学识，能取得高学历，为人端庄，乐于帮助别人，同时也是会得到众人相助，遇到困难会逢凶化吉，遇难呈祥。</minggonggeju><minggonggeju id="48" gejuJixiong="吉" gejuname="火羊格">属火的火星遇属金的擎羊，交互作用，成为火炼金的效应。有这个格局的您一生中常会遇到困难麻烦，优点是能通过解决这些困难麻烦来不断提升自身能力，起到锻炼自己的效果。而缺点则是困难麻烦压力过大，承受不起，变成人生中的煎熬。 </minggonggeju><minggonggeju id="49" gejuJixiong="吉" gejuname="铃陀格">属火的铃星遇属金的陀罗，交互作用，成为火炼金的效应。有这个格局的您一生中常会遇到困难麻烦，优点是能通过解决这些困难麻烦来不断提升自身能力，起到锻炼自己的效果。而缺点则是困难麻烦压力过大，承受不起，变成人生中的煎熬。 </minggonggeju><minggonggeju id="50" gejuJixiong="吉" gejuname="擎羊入庙格">经云：“擎羊入庙加吉，富贵声扬”。有这个格局的您性情刚猛，具英雄气慨。一生惊险百出，适合武职，发展容易，会获得权贵，或从事危险职业、冒险投机都容易获得成绩。但这个格局过于冒险容易惹上官非，或招惹横祸。</minggonggeju><minggonggeju id="51" gejuJixiong="凶" gejuname="马头带剑格">经云：“擎羊居子午卯酉陷地，作祸兴殃，刑克极重，甲戊庚壬生人必有凶祸”。有这个格局的您外表豪迈大度，但其实可能狠毒奸狡，残暴凶恶，不但品性不好，而且一生容易招祸，刑妻克子，身体状况不好，容易生病，很可能有犯罪的倾向和心思。离乡背井出外发展，多为艰辛奔波，成败起伏大。但从事武职或外交工作反而会化凶为助力。</minggonggeju><minggonggeju id="52" gejuJixiong="凶" gejuname="极居卯酉格">经云：“紫微贪狼同宫于卯酉，不忠不义，匿近奸人”。有这个格局的您事业方面很难有成绩，也不会出名，对于感情、婚姻生活会带来不利影响。与空门有缘，对于宗教禅理的体会较为深刻。</minggonggeju><minggonggeju id="53" gejuJixiong="凶" gejuname="巨机化酉格">古诗云：“兑位天机巨曜过，化凶辛苦受奔波。心高意勇何曾歇，语话无情句亦讹。”有这个格局的您一生不顺，不容易发达，且自私自利，心胸狭窄，往往说话没遮拦，出口伤人，常常祸从口出。为了生活奔波飘荡，不利于感情、 事业。 </minggonggeju><minggonggeju id="54" gejuJixiong="凶" gejuname="日月反背格">经云：“日月陷宫逢恶煞，劳碌奔波”。有这个格局的您可以说是劳碌命，什么事都要亲力亲为，缺少别人的帮助，或者说求人不如求己，觉得自己能完成的就不要请求别人帮助，无闲享清福。</minggonggeju><minggonggeju id="55" gejuJixiong="凶" gejuname="梁马飘荡格">经云：“天梁天马陷，飘荡无疑”。有这个格局的您很可能是社会底层人物，一生飘荡在异乡，或经常为他人奔波劳碌，无事闲忙，很难取得名利，劳而无获。如果格局作用在感情方面，对婚姻生活将会带来不利影响。</minggonggeju><minggonggeju id="56" gejuJixiong="凶" gejuname="贞杀同宫格">古诗云：“贞逢七杀实堪惕，十载淹留有祸殃，运至虽求多不遂，钱财胜似雪流汤。”有这个格局的您行事较为冲动，缺少了戒慎之心，一生多浪荡灾伤，奔波劳顿，但是很难把握发财机会，即使进财亦不擅理财，如雪球遇热溶化不存。容易遇到法律方面的问题。</minggonggeju><minggonggeju id="57" gejuJixiong="凶" gejuname="刑囚印格">经云：“天相守命，廉贞擎羊夹，刑仗难逃”。有这个格局的您会带有武勇特性，但刑伤灾重，一生有讼争，是非不断。女性对先生有坏影响，自己也会易流产，有开刀之厄；男性刑伤亦是难免。</minggonggeju><minggonggeju id="58" gejuJixiong="凶" gejuname="巨逢四煞格">经云：“巨门火铃，无紫微禄存压制，决配千里，遭凶”。有这个格局的您容易遭遇灾祸，较为辛苦，多是非，并且容易有犯罪倾向，可能会导致残废、坐牢、凶死。需要慎防意外之灾，或为不得已苦衷流落四方。</minggonggeju><minggonggeju id="59" gejuJixiong="凶" gejuname="命无正曜格">经云：“命无正曜，夭折孤贫”。有这个格局的您可能幼年多病，与父母感情浅薄，一生当中可能会更改自己名字，离乡外赴工作。这个格局还代表个人特质不明显，发展不具特定方向。</minggonggeju><minggonggeju id="60" gejuJixiong="凶" gejuname="命里逢空格">经云：“生逢天空，犹如半天折翅；命中遇劫，恰如浪里行船”。有这个格局的您或会漂泊异地发展，能赚钱都是很难留住，不聚财，万事成空，精神上空虚孤独。</minggonggeju><minggonggeju id="61" gejuJixiong="凶" gejuname="空劫夹命格">经云：“空劫夹命为下格，不行正道，好为邪癖之事，成败多端，不聚财。”有这个格局的您做事疏忽容易情绪化，或会漂泊异地发展，能赚钱都是很难留住，不聚财，万事成空，精神上空虚孤独。</minggonggeju><minggonggeju id="62" gejuJixiong="凶" gejuname="文星遇夹格">经云：“夹地文星遇守身，一生劳碌败无成。逢财得禄世间好，数尽还教夭且贫。”有这个格局的您虽然极具才华，但缺伯乐欣赏，会有怀才不遇不感概。容易做事半途而废，或者屈就于自己并不喜爱的工作，学非所用。</minggonggeju><minggonggeju id="63" gejuJixiong="凶" gejuname="羊陀夹忌格">经云：“羊陀夹忌为败局”。有这个格局的您或会因钱而招来厄运，或会成为守财奴，看待自身利益比什么都重要。</minggonggeju><minggonggeju id="64" gejuJixiong="凶" gejuname="羊陀夹命格">经云：“禄逢冲破，吉也成凶”。有这个格局的您或会是个守财奴，就算富有也会过分节俭，一文不舍，对钱的观念看得非常重。</minggonggeju><minggonggeju id="65" gejuJixiong="凶" gejuname="火铃夹命格">经云：“火铃夹命为败局（如安命在寅，火星在丑，铃星在卯。吉多尚可，惟夹忌辰凶。岁限巡至此地亦凶）”。有这个格局的您有潜在的反抗心理，叛逆心强，具破坏性。或者个性冲动，暴躁，容易惹上凶灾。需要预防一时冲动，与人发生冲突，惹来灾祸。</minggonggeju><minggonggeju id="66" gejuJixiong="凶" gejuname="刑忌夹印格"></minggonggeju><minggonggeju id="67" gejuJixiong="凶" gejuname="马落空亡格">经云：“马遇空亡，终身奔走”。有这个格局的您一生总是变来变去，东奔西走，辛苦劳碌但往往什么都得不到，一场空，为空虚之兆。</minggonggeju><minggonggeju id="68" gejuJixiong="凶" gejuname="两重华盖格">禄存、化禄同时坐命，本为双禄交流格。但若遇地空、地劫同宫，此时双禄为被冲破情形，称为两重华盖。有这个格局的您财运是有的，但是很难留住，较不易累积钱财。此外还表示有宗教缘分。皈依宗教，反可享主清福。</minggonggeju><minggonggeju id="69" gejuJixiong="凶" gejuname="禄逢冲破格">化禄、禄存被空劫、化忌冲破，谓之禄逢冲破。有这个格局的您一人中的机会往往伴随着危机，表面美好，背后隐藏危机，吉处藏凶，需要时刻注意应居安思危。</minggonggeju><minggonggeju id="70" gejuJixiong="凶" gejuname="泛水桃花格">经云：“廉、贪陷地加煞，主多慾念，心神不宁，容易受骗。”有这个格局的您相貌、魅力出众，异性缘好，很容易陷入感情问题，感情债不断。当然被骗财、骗色的情况最多见，对待感情问题还需理性思考。</minggonggeju><minggonggeju id="71" gejuJixiong="凶" gejuname="风流彩杖格">经云：“贪狼加擎羊或陀罗，乃好色之徒。”有这个格局的您较为喜好赌博、喝酒，应防过度流连声色场所，迷恋其中，无法自拔。或会有过重的色欲追求，需要注意身体健康状况。</minggonggeju></root>