<?xml version="1.0" encoding="UTF-8"?>
<root><dashizhenyan id="0" name="紫微"><content id="0">一生事业发展顺利、平稳，有很强的处事能力，亦有独当一面，即独立工作的能力，可有大的成就，可担任高官要职，适宜比较高级、高品位且独立的行业。</content><content id="1">一生事业发展顺利、平稳，有很强的处事能力，亦有独当一面，即独立工作的能力，可有大的成就，可担任高官要职，适宜比较高级、高品位且独立的行业。/n由主观因素影响事业变动，喜欢开创不喜守成，因开创活跃而取得成功，武职或热闹、凭空打开局面或很忙碌的工作容易取得成功。/n在竞争中发展，武职峥嵘，位高权重。</content><content id="2">一生事业发展顺利、平稳，有很强的处事能力，亦有独当一面，即独立工作的能力，可有大的成就，可担任高官要职，适宜比较高级、高品位且独立的行业。/n会有好的地位，文武权贵荣显，名利双收，有领导与管理才能，可晋升高层领导地位。</content><content id="3">一生事业发展顺利、平稳，有很强的处事能力，亦有独当一面，即独立工作的能力，可有大的成就，可担任高官要职，适宜比较高级、高品位且独立的行业。/n有领导才能，事业野心大，但多投机取巧，好冒险以求侥幸成功。有开创局面，富贵双全，地位高，能掌大权，文武皆宜。</content><content id="4">一生事业发展顺利、平稳，有很强的处事能力，亦有独当一面，即独立工作的能力，可有大的成就，可担任高官要职，适宜比较高级、高品位且独立的行业。/n文武皆宜，能担重任，为官清贵。较适合武职，内政和外交攻关、财经或实业界，可从政，位高权重，掌内政和外交大权。</content><content id="5">有很强的处事能力，亦有独当一面，即独立工作的能力，可有大的成就，可担任高官要职，适宜比较高级、高品位且独立的行业。/n事业多变动，身心较劳累，早年不顺，三十岁后才较顺遂。/n擅长管理，武职荣显，也适合经商、民间企业、美工设计，从武经商或从政均可，富贵荣显。</content><content id="6">一生事业发展顺利、平稳，有很强的处事能力，亦有独当一面，即独立工作的能力，可有大的成就，可担任高官要职，适宜比较高级、高品位且独立的行业。</content><content id="7">一生事业发展顺利、平稳，有很强的处事能力，亦有独当一面，即独立工作的能力，可有大的成就，可担任高官要职，适宜比较高级、高品位且独立的行业。/n由主观因素影响事业变动，喜欢开创不喜守成，因开创活跃而取得成功，武职或热闹、凭空打开局面或很忙碌的工作容易取得成功。/n在竞争中发展，武职峥嵘，位高权重。</content><content id="8">一生事业发展顺利、平稳，有很强的处事能力，亦有独当一面，即独立工作的能力，可有大的成就，可担任高官要职，适宜比较高级、高品位且独立的行业。/n会有好的地位，文武权贵荣显，名利双收，有领导与管理才能，可晋升高层领导地位。</content><content id="9">一生事业发展顺利、平稳，有很强的处事能力，亦有独当一面，即独立工作的能力，可有大的成就，可担任高官要职，适宜比较高级、高品位且独立的行业。/n有领导才能，事业野心大，但多投机取巧，好冒险以求侥幸成功。有开创局面，富贵双全，地位高，能掌大权，文武皆宜。</content><content id="10">一生事业发展顺利、平稳，有很强的处事能力，亦有独当一面，即独立工作的能力，可有大的成就，可担任高官要职，适宜比较高级、高品位且独立的行业。/n文武皆宜，能担重任，为官清贵。较适合武职，内政和外交攻关、财经或实业界，可从政，位高权重，掌内政和外交大权。</content><content id="11">有很强的处事能力，亦有独当一面，即独立工作的能力，可有大的成就，可担任高官要职，适宜比较高级、高品位且独立的行业。/n事业多变动，身心较劳累，早年不顺，三十岁后才较顺遂。/n擅长管理，武职荣显，也适合经商、民间企业、美工设计，从武经商或从政均可，富贵荣显。</content></dashizhenyan><dashizhenyan id="1" name="天机"><content id="0">善于计划和策划，有成功的良机，适应工作环境的能力很强，一生事业变动大，调动多，或有兼职。/n最适合动脑兼动手的行业和自由业都能充分发挥自己的才干。较不适合独资创业和作老板或经商贸易。/n做某事绝不轻易改变，因而易发生失误。为事业绞尽脑汁，身心都很忙碌，尤其是在受挫折时，情绪很低落。/n事业需劳心费力。适合动脑用笔的工作，有机谋，但创劲较差。周身刀张张利，事业顺利发达，可富可贵。</content><content id="1">善于计划和策划，有成功的良机，适应工作环境的能力很强，一生事业变动大，调动多，或有兼职。/n最适合动脑兼动手的行业和自由业都能充分发挥自己的才干。较不适合独资创业和作老板或经商贸易。/n做某事绝不轻易改变，因而易发生失误。为事业绞尽脑汁，身心都很忙碌，尤其是在受挫折时，情绪很低落。/n事业运平常，变动多而稍有发展，可有一技之长，事业可过得去。</content><content id="2">善于计划和策划，有成功的良机，适应工作环境的能力很强，一生事业变动大，调动多，或有兼职。/n工作调动频繁，不适合投机经商，适合公职或带流动性的职业，开始会有较长时间的怀才不遇，努力工作后终会成功，到外地工作较利，有较高的地位，可富可贵。</content><content id="3">善于计划和策划，有成功的良机，适应工作环境的能力很强，一生事业变动大，调动多，或有兼职。/n开创力不足，事业多变动，可能会破祖自兴，适合服公职或人事、文化艺术、广告、律师、宣传、推销、服务等业。周身刀张张利，可成为中等地位的事务官或技术员。</content><content id="4">善于计划和策划，有成功的良机，适应工作环境的能力很强，一生事业变动大，调动多，或有兼职。/n文武全才，无论公务机关、公私企业的职业运都相当好，多兼职兼业。适合慈善福利、服务业、医药、文教、行政、法律等。可选择从政，但较适合副职或顾问，有较高的地位和权力。/n或会有祖业或现成事业，且能得到发展，或破祖自兴，挫折后另创新业。</content><content id="5">善于计划和策划，有成功的良机，适应工作环境的能力很强，一生事业变动大，调动多，或有兼职。/n最适合动脑兼动手的行业和自由业都能充分发挥自己的才干。较不适合独资创业和作老板或经商贸易。/n做某事绝不轻易改变，因而易发生失误。为事业绞尽脑汁，身心都很忙碌，尤其是在受挫折时，情绪很低落。/n事业变动多，难有固定职业，适合服务业。有祖业或现成事业，且得到发展。</content><content id="6">善于计划和策划，有成功的良机，适应工作环境的能力很强，一生事业变动大，调动多，或有兼职。/n最适合动脑兼动手的行业和自由业都能充分发挥自己的才干。较不适合独资创业和作老板或经商贸易。/n做某事绝不轻易改变，因而易发生失误。为事业绞尽脑汁，身心都很忙碌，尤其是在受挫折时，情绪很低落。/n事业需劳心费力。适合动脑用笔的工作，有机谋，但创劲较差。周身刀张张利，事业顺利发达，可富可贵。</content><content id="7">善于计划和策划，有成功的良机，适应工作环境的能力很强，一生事业变动大，调动多，或有兼职。/n最适合动脑兼动手的行业和自由业都能充分发挥自己的才干。较不适合独资创业和作老板或经商贸易。/n做某事绝不轻易改变，因而易发生失误。为事业绞尽脑汁，身心都很忙碌，尤其是在受挫折时，情绪很低落。/n事业运平常，变动多而稍有发展，可有一技之长，事业可过得去。</content><content id="8">善于计划和策划，有成功的良机，适应工作环境的能力很强，一生事业变动大，调动多，或有兼职。/n工作调动频繁，不适合投机经商，适合公职或带流动性的职业，开始会有较长时间的怀才不遇，努力工作后终会成功，到外地工作较利，有较高的地位，可富可贵。</content><content id="9">善于计划和策划，有成功的良机，适应工作环境的能力很强，一生事业变动大，调动多，或有兼职。/n开创力不足，事业多变动，可能会破祖自兴，适合服公职或人事、文化艺术、广告、律师、宣传、推销、服务等业。周身刀张张利，可成为中等地位的事务官或技术员。</content><content id="10">善于计划和策划，有成功的良机，适应工作环境的能力很强，一生事业变动大，调动多，或有兼职。/n文武全才，无论公务机关、公私企业的职业运都相当好，多兼职兼业。适合慈善福利、服务业、医药、文教、行政、法律等。可选择从政，但较适合副职或顾问，有较高的地位和权力。/n或会有祖业或现成事业，且能得到发展，或破祖自兴，挫折后另创新业。</content><content id="11">善于计划和策划，有成功的良机，适应工作环境的能力很强，一生事业变动大，调动多，或有兼职。/n最适合动脑兼动手的行业和自由业都能充分发挥自己的才干。较不适合独资创业和作老板或经商贸易。/n做某事绝不轻易改变，因而易发生失误。为事业绞尽脑汁，身心都很忙碌，尤其是在受挫折时，情绪很低落。/n事业变动多，难有固定职业，适合服务业。有祖业或现成事业，且得到发展。</content></dashizhenyan><dashizhenyan id="2" name="太阳"><content id="0">不守一业，喜欢从事竞争、复杂性强的工作，事业心强，能不懈的努力，易获成功。/n但浮华不实，忙碌异常，事业不利，发展局面有限，有声名也不会远播，难有富贵，为一般劳动业。可有富贵，但富贵不大或不耐久，较适合私营企业。</content><content id="1">不守一业，喜欢从事竞争、复杂性强的工作，事业心强，能不懈的努力，易获成功。/n事业变化大，多波折，发展局面不高，但进财顺利，名利双收，位高权重，可为高官或巨商。</content><content id="2">不守一业，喜欢从事竞争、复杂性强的工作，事业心强，能不懈的努力，易获成功。/n如若在远乡工作，适合以口才有关的职业，如教师、外交、演艺。名大于利，贵多于富。/n富贵有望，先有名后得利，以后可领到高薪，事业顺利，可从政或外交，大富大贵。</content><content id="3">不守一业，喜欢从事竞争、复杂性强的工作，事业心强，能不懈的努力，易获成功。名大于利，变动大。/n好结交朋友，无事闲忙，无事找事理，身心都忙碌。有富贵的机运，一生事业发达，贵气成就大，有居领导地位与掌权的机运。</content><content id="4">不守一业，喜欢从事竞争、复杂性强的工作，事业心强，能不懈的努力，易获成功。/n好结交朋友，无事闲忙，无事找事理，身心都忙碌。有富贵的机运，一生事业发达，贵气成就大，有居领导地位与掌权的机运。</content><content id="5">不守一业，喜欢从事竞争、复杂性强的工作，事业心强，能不懈的努力，易获成功。/n好结交朋友，无事闲忙，无事找事理，身心都忙碌。有富贵的机运，一生事业发达，贵气成就大，有居领导地位与掌权的机运。</content><content id="6">不守一业，喜欢从事竞争、复杂性强的工作，事业心强，能不懈的努力，易获成功。/n好结交朋友，无事闲忙，无事找事理，身心都忙碌。有富贵的机运，一生事业发达，贵气成就大，有居领导地位与掌权的机运。</content><content id="7">不守一业，喜欢从事竞争、复杂性强的工作，事业心强，能不懈的努力，易获成功。/n事业变化大，多波折，发展局面不高，但进财顺利，名利双收，位高权重，可为高官或巨商。</content><content id="8">不守一业，喜欢从事竞争、复杂性强的工作，事业心强，能不懈的努力，易获成功。/n但事业动荡不定，无论做什么事情都不能持久，干不久就会辞职改行，不适合求名和出风头的工作，适合教师和技艺，富贵不大或大而不耐久。</content><content id="9">不守一业，喜欢从事竞争、复杂性强的工作，事业心强，能不懈的努力，易获成功。名大于利，变动大。/n但浮华不实，忙碌异常，事业不利，发展局面有限，有声名也不会远播，难有富贵，为一般劳动业。可有富贵，但富贵不大或不耐久，较适合私营企业。</content><content id="10">不守一业，喜欢从事竞争、复杂性强的工作，事业心强，能不懈的努力，易获成功。/n但浮华不实，忙碌异常，事业不利，发展局面有限，有声名也不会远播，难有富贵，为一般劳动业。可有富贵，但富贵不大或不耐久，较适合私营企业。</content><content id="11">不守一业，喜欢从事竞争、复杂性强的工作，事业心强，能不懈的努力，易获成功。/n但浮华不实，忙碌异常，事业不利，发展局面有限，有声名也不会远播，难有富贵，为一般劳动业。可有富贵，但富贵不大或不耐久，较适合私营企业。</content></dashizhenyan><dashizhenyan id="3" name="武曲"><content id="0">事业运佳，无论干什么都会有高的收入，事业晚成。对工作很踏实认真，有冲劲，不怕困难，不懈努力。/n中途易遭解雇而另寻出路，变动大，但变动后会更为有利。/n事业心强，善经营管理，从事财税、大企业或武职较出色。地位高，名利双收。</content><content id="1">事业运佳，无论干什么都会有高的收入，事业晚成。对工作很踏实认真，有冲劲，不怕困难，不懈努力。/n中途易遭解雇而另寻出路，变动大，但变动后会更为有利。/n事业反复变动，中年后才能安定。可能会从事邪门歪道的事业；行政和公务员会自私、贪污；经商者奸诈，损人利己，会暴利；经商可以选择消费品、饰品、合作业、土木工程。高升暴发，也适合金融财经和经商。</content><content id="2">事业运佳，无论干什么都会有高的收入，事业晚成。对工作很踏实认真，有冲劲，不怕困难，不懈努力。/n中途易遭解雇而另寻出路，变动大，但变动后会更为有利。/n到边远地区工作会取得成就，不擅理财，不适合经商，适合从政、军界、司法警员、演艺戏剧、衣食研究，多有兼职。/n少年得志，权高禄重。从事财务工作，会有一定的地位和权势，在私营企业比在公务机关强。</content><content id="3">事业运佳，无论干什么都会有高的收入，事业晚成。对工作很踏实认真，有冲劲，不怕困难，不懈努力。/n中途易遭解雇而另寻出路，变动大，但变动后会更为有利。/n事业多起伏，离乡发展能充分发挥自己的才干，并能获得大成功，适合武职、经商、投机冒险性的事业。/n可为将相之材，为国立功，成就显赫，权高禄重，在私营企业也较为活跃。</content><content id="4">事业运佳，无论干什么都会有高的收入，事业晚成。对工作很踏实认真，有冲劲，不怕困难，不懈努力。/n中途易遭解雇而另寻出路，变动大，但变动后会更为有利。/n事业通达，武职荣显，可有很高的地位和权力，作公务员亦能出人头地，常人发达，金融财务工作也适合，经商可致富。</content><content id="5">事业运佳，无论干什么都会有高的收入，事业晚成。对工作很踏实认真，有冲劲，不怕困难，不懈努力。/n中途易遭解雇而另寻出路，变动大，但变动后会更为有利。/n事业多波折变动，什么事业都想干，不考虑自己能力所及。最适合武职，也可以选择工业技术、外科医生、投机冒险行业，容易获得成功，贵显发达。</content><content id="6">事业运佳，无论干什么都会有高的收入，事业晚成。对工作很踏实认真，有冲劲，不怕困难，不懈努力。/n中途易遭解雇而另寻出路，变动大，但变动后会更为有利。/n事业心强，善经营管理，从事财税、大企业或武职较出色。地位高，名利双收。</content><content id="7">事业运佳，无论干什么都会有高的收入，事业晚成。对工作很踏实认真，有冲劲，不怕困难，不懈努力。/n中途易遭解雇而另寻出路，变动大，但变动后会更为有利。/n事业反复变动，中年后才能安定。可能会从事邪门歪道的事业；行政和公务员会自私、贪污；经商者奸诈，损人利己，会暴利；经商可以选择消费品、饰品、合作业、土木工程。高升暴发，也适合金融财经和经商。</content><content id="8">事业运佳，无论干什么都会有高的收入，事业晚成。对工作很踏实认真，有冲劲，不怕困难，不懈努力。/n中途易遭解雇而另寻出路，变动大，但变动后会更为有利。/n到边远地区工作会取得成就，不擅理财，不适合经商，适合从政、军界、司法警员、演艺戏剧、衣食研究，多有兼职。/n少年得志，权高禄重。从事财务工作，会有一定的地位和权势，在私营企业比在公务机关强。</content><content id="9">事业运佳，无论干什么都会有高的收入，事业晚成。对工作很踏实认真，有冲劲，不怕困难，不懈努力。/n中途易遭解雇而另寻出路，变动大，但变动后会更为有利。/n事业多起伏，离乡发展能充分发挥自己的才干，并能获得大成功，适合武职、经商、投机冒险性的事业。/n可为将相之材，为国立功，成就显赫，权高禄重，在私营企业也较为活跃。</content><content id="10">事业运佳，无论干什么都会有高的收入，事业晚成。对工作很踏实认真，有冲劲，不怕困难，不懈努力。/n中途易遭解雇而另寻出路，变动大，但变动后会更为有利。/n事业通达，武职荣显，可有很高的地位和权力，作公务员亦能出人头地，常人发达，金融财务工作也适合，经商可致富。</content><content id="11">事业运佳，无论干什么都会有高的收入，事业晚成。对工作很踏实认真，有冲劲，不怕困难，不懈努力。/n中途易遭解雇而另寻出路，变动大，但变动后会更为有利。/n事业多波折变动，什么事业都想干，不考虑自己能力所及。最适合武职，也可以选择工业技术、外科医生、投机冒险行业，容易获得成功，贵显发达。</content></dashizhenyan><dashizhenyan id="4" name="天同"><content id="0">创业和管理的能力差，或喜清闲享受，对名利无兴趣，独创性事业难以持久，因而发展前景不明朗。/n能白手起家，或由小变大的意义。事业还是比较平稳的，有才干，工作比较踏实，因而受到领导的重视，取得一定的成就。但任管理的职务，则难以发挥能力。/n开创力弱，事业多变，理财能力和文笔不错，从事财税、金融、服务、记者会有较大的成就。从事政界、公务和文教工作也会有成就，事业发达，可有富贵。</content><content id="1">创业和管理的能力差，或喜清闲享受，对名利无兴趣，独创性事业难以持久，因而发展前景不明朗。/n能白手起家，或由小变大的意义。事业还是比较平稳的，有才干，工作比较踏实，因而受到领导的重视，取得一定的成就。但任管理的职务，则难以发挥能力。/n做事欠恒心和积极性，常半途而废，或调动工作。事业先难后易，艰苦奋斗后中晚年成功。</content><content id="2">创业和管理的能力差，或喜清闲享受，对名利无兴趣，独创性事业难以持久，因而发展前景不明朗。/n能白手起家，或由小变大的意义。事业还是比较平稳的，有才干，工作比较踏实，因而受到领导的重视，取得一定的成就。但任管理的职务，则难以发挥能力。/n职务多变，或常换工作环境，或出差较多。</content><content id="3">创业和管理的能力差，或喜清闲享受，对名利无兴趣，独创性事业难以持久，因而发展前景不明朗。/n能白手起家，或由小变大的意义。事业还是比较平稳的，有才干，工作比较踏实，因而受到领导的重视，取得一定的成就。/n但任管理的职务，则难以发挥能力。从事政界、公务和文教工作会有成就，事业发达，可有富贵。</content><content id="4">创业和管理的能力差，或喜清闲享受，对名利无兴趣，独创性事业难以持久，因而发展前景不明朗。/n能白手起家，或由小变大的意义。事业还是比较平稳的，有才干，工作比较踏实，因而受到领导的重视，取得一定的成就。/n但任管理的职务，则难以发挥能力。适合从事悠闲享受的事业，也可为公务企业机关的办事员，运气平常，经努力可有较大的成就。</content><content id="5">创业和管理的能力差，或喜清闲享受，对名利无兴趣，独创性事业难以持久，因而发展前景不明朗。/n能白手起家，或由小变大的意义。事业还是比较平稳的，有才干，工作比较踏实，因而受到领导的重视，取得一定的成就。/n但任管理的职务，则难以发挥能力。从事政界、公务和文教工作会有成就，事业发达，可有富贵。</content><content id="6">创业和管理的能力差，或喜清闲享受，对名利无兴趣，独创性事业难以持久，因而发展前景不明朗。/n能白手起家，或由小变大的意义。事业还是比较平稳的，有才干，工作比较踏实，因而受到领导的重视，取得一定的成就。但任管理的职务，则难以发挥能力。/n开创力弱，事业多变，理财能力和文笔不错，从事财税、金融、服务、记者会有较大的成就。也适合从事悠闲享受的事业，也可为公务企业机关的办事员，运气平常，经努力可有较大的成就。</content><content id="7">创业和管理的能力差，或喜清闲享受，对名利无兴趣，独创性事业难以持久，因而发展前景不明朗。/n能白手起家，或由小变大的意义。事业还是比较平稳的，有才干，工作比较踏实，因而受到领导的重视，取得一定的成就。但任管理的职务，则难以发挥能力。/n做事欠恒心和积极性，常半途而废，或调动工作。事业先难后易，艰苦奋斗后中晚年成功。</content><content id="8">创业和管理的能力差，或喜清闲享受，对名利无兴趣，独创性事业难以持久，因而发展前景不明朗。/n能白手起家，或由小变大的意义。事业还是比较平稳的，有才干，工作比较踏实，因而受到领导的重视，取得一定的成就。但任管理的职务，则难以发挥能力。/n职务多变，或常换工作环境，或出差较多。</content><content id="9">创业和管理的能力差，或喜清闲享受，对名利无兴趣，独创性事业难以持久，因而发展前景不明朗。/n能白手起家，或由小变大的意义。事业还是比较平稳的，有才干，工作比较踏实，因而受到领导的重视，取得一定的成就。/n但任管理的职务，则难以发挥能力。适合从事悠闲享受的事业，也可为公务企业机关的办事员，运气平常，经努力可有较大的成就。</content><content id="10">创业和管理的能力差，或喜清闲享受，对名利无兴趣，独创性事业难以持久，因而发展前景不明朗。/n能白手起家，或由小变大的意义。事业还是比较平稳的，有才干，工作比较踏实，因而受到领导的重视，取得一定的成就。/n但任管理的职务，则难以发挥能力。适合从事悠闲享受的事业，也可为公务企业机关的办事员，运气平常，经努力可有较大的成就。</content><content id="11">创业和管理的能力差，或喜清闲享受，对名利无兴趣，独创性事业难以持久，因而发展前景不明朗。/n能白手起家，或由小变大的意义。事业还是比较平稳的，有才干，工作比较踏实，因而受到领导的重视，取得一定的成就。/n但任管理的职务，则难以发挥能力。从事政界、公务和文教工作会有成就，事业发达，可有富贵。</content></dashizhenyan><dashizhenyan id="5" name="廉贞"><content id="0">事业较气派，有掌权机会，亦有经商头脑。有敬业精神，对事业很专注，计划性强，重工作效率，有统率指挥能力，可做主管工作。/n从事经商贸易、独自创业和带投机性的事业能充分发好变化富投机的特性，上班也适合选择带变化性的。/n利于发展武职，也适合从政、财税、财务、公务、商业、策划、服装设计、电力、电器经营。事业顺利，有富贵机运，但属于晚发的类型。</content><content id="1">事业较气派，有掌权机会，亦有经商头脑。有敬业精神，对事业很专注，计划性强，重工作效率，有统率指挥能力，可做主管工作。/n从事经商贸易、独自创业和带投机性的事业能充分发好变化富投机的特性，上班也适合选择带变化性的。/n有威权，最理想是军警出身，然后转业，也适合工程、採矿五金机械、外科医生、汽车运输、修理业，较会接触电脑仪器。</content><content id="2">事业较气派，有掌权机会，亦有经商头脑。有敬业精神，对事业很专注，计划性强，重工作效率，有统率指挥能力，可做主管工作。/n从事经商贸易、独自创业和带投机性的事业能充分发好变化富投机的特性，上班也适合选择带变化性的。/n男性适合选择军警、保安、司法、企业家、外交、经商贸易、电器仪器、工程技术；女性适合选择演艺、服装、美容、餐饮、设计师、财经金融。/n事业有权威，武职有权贵，但不能长久，也适合从政、公职、主管，能有相当的地位和权柄，经商发富，富贵双全，大富大贵。</content><content id="3">事业较气派，有掌权机会，亦有经商头脑。有敬业精神，对事业很专注，计划性强，重工作效率，有统率指挥能力，可做主管工作。/n从事经商贸易、独自创业和带投机性的事业能充分发好变化富投机的特性，上班也适合选择带变化性的。/n一生平凡，地位低微，事业多波折，奔波劳碌，经商破败，利于发展武职，文人不持久。经拼搏而取得成功，富贵显达。</content><content id="4">事业较气派，有掌权机会，亦有经商头脑。有敬业精神，对事业很专注，计划性强，重工作效率，有统率指挥能力，可做主管工作。/n从事经商贸易、独自创业和带投机性的事业能充分发好变化富投机的特性，上班也适合选择带变化性的。/n才能卓越，既能创业也能守成，偏向于财经及金融行业。早年不利，中年后离乡发展，可有意外的成就。职位高，有实权，收入高。</content><content id="5">事业较气派，有掌权机会，亦有经商头脑。有敬业精神，对事业很专注，计划性强，重工作效率，有统率指挥能力，可做主管工作。/n从事经商贸易、独自创业和带投机性的事业能充分发好变化富投机的特性，上班也适合选择带变化性的。/n擅长交际，多应酬，工作很忙，多兼职兼行，可成为公务员、军警、推销、私营业主。适合外交、娱乐、艺术、消费品、经商。地位会升高，在竞争中得到发展。</content><content id="6">事业较气派，有掌权机会，亦有经商头脑。有敬业精神，对事业很专注，计划性强，重工作效率，有统率指挥能力，可做主管工作。/n从事经商贸易、独自创业和带投机性的事业能充分发好变化富投机的特性，上班也适合选择带变化性的。/n利于发展武职，也适合从政、财税、财务、公务、商业、策划、服装设计、电力、电器经营。事业顺利，有富贵机运，但属于晚发的类型。</content><content id="7">事业较气派，有掌权机会，亦有经商头脑。有敬业精神，对事业很专注，计划性强，重工作效率，有统率指挥能力，可做主管工作。/n从事经商贸易、独自创业和带投机性的事业能充分发好变化富投机的特性，上班也适合选择带变化性的。/n有威权，最理想是军警出身，然后转业，也适合工程、採矿五金机械、外科医生、汽车运输、修理业，较会接触电脑仪器。</content><content id="8">事业较气派，有掌权机会，亦有经商头脑。有敬业精神，对事业很专注，计划性强，重工作效率，有统率指挥能力，可做主管工作。/n从事经商贸易、独自创业和带投机性的事业能充分发好变化富投机的特性，上班也适合选择带变化性的。/n男性适合选择军警、保安、司法、企业家、外交、经商贸易、电器仪器、工程技术；女性适合选择演艺、服装、美容、餐饮、设计师、财经金融。/n事业有权威，武职有权贵，但不能长久，也适合从政、公职、主管，能有相当的地位和权柄，经商发富，富贵双全，大富大贵。</content><content id="9">事业较气派，有掌权机会，亦有经商头脑。有敬业精神，对事业很专注，计划性强，重工作效率，有统率指挥能力，可做主管工作。/n从事经商贸易、独自创业和带投机性的事业能充分发好变化富投机的特性，上班也适合选择带变化性的。/n一生平凡，地位低微，事业多波折，奔波劳碌，经商破败，利于发展武职，文人不持久。经拼搏而取得成功，富贵显达。</content><content id="10">事业较气派，有掌权机会，亦有经商头脑。有敬业精神，对事业很专注，计划性强，重工作效率，有统率指挥能力，可做主管工作。/n从事经商贸易、独自创业和带投机性的事业能充分发好变化富投机的特性，上班也适合选择带变化性的。/n才能卓越，既能创业也能守成，偏向于财经及金融行业。早年不利，中年后离乡发展，可有意外的成就。职位高，有实权，收入高。</content><content id="11">事业较气派，有掌权机会，亦有经商头脑。有敬业精神，对事业很专注，计划性强，重工作效率，有统率指挥能力，可做主管工作。/n从事经商贸易、独自创业和带投机性的事业能充分发好变化富投机的特性，上班也适合选择带变化性的。/n擅长交际，多应酬，工作很忙，多兼职兼行，可成为公务员、军警、推销、私营业主。适合外交、娱乐、艺术、消费品、经商。地位会升高，在竞争中得到发展。</content></dashizhenyan><dashizhenyan id="6" name="天府"><content id="0"></content><content id="1">文武皆宜，工作持续稳定，变动少，收入可观。但较保守，缺乏独创的能力，合适安定的工作，不适合独立投资创业和竞争性大的工作，最好在现成局面下发展，如公务员、教师、行政宜副职，可充分发挥才干。/n可在现成企业、单位下发展而成为领导人物。能富贵，但事业不一定有大的发展局面，建议守成为佳。</content><content id="2"></content><content id="3">文武皆宜，工作持续稳定，变动少，收入可观。但较保守，缺乏独创的能力，合适安定的工作，不适合独立投资创业和竞争性大的工作，最好在现成局面下发展，适合选择武职、工业、实业。/n能富贵，但事业不一定有大的发展局面，建议守成为佳。</content><content id="4"></content><content id="5">文武皆宜，工作持续稳定，变动少，收入可观。但较保守，缺乏独创的能力，合适安定的工作，不适合独立投资创业和竞争性大的工作，最好在现成局面下发展，适合选择武职、工业、实业。/n能富贵，但事业不一定有大的发展局面，建议守成为佳。</content><content id="6"></content><content id="7">文武皆宜，工作持续稳定，变动少，收入可观。但较保守，缺乏独创的能力，合适安定的工作，不适合独立投资创业和竞争性大的工作，最好在现成局面下发展，如公务员、教师、行政宜副职，可充分发挥才干。/n可在现成企业、单位下发展而成为领导人物。能富贵，但事业不一定有大的发展局面，建议守成为佳。</content><content id="8"></content><content id="9">文武皆宜，工作持续稳定，变动少，收入可观。但较保守，缺乏独创的能力，合适安定的工作，不适合独立投资创业和竞争性大的工作，最好在现成局面下发展，适合选择武职、工业、实业。/n能富贵，但事业不一定有大的发展局面，建议守成为佳。</content><content id="10"></content><content id="11">文武皆宜，工作持续稳定，变动少，收入可观。但较保守，缺乏独创的能力，合适安定的工作，不适合独立投资创业和竞争性大的工作，最好在现成局面下发展，如公务员、教师、行政宜副职，可充分发挥才干。/n可在现成企业、单位下发展而成为领导人物。能富贵，但事业不一定有大的发展局面，建议守成为佳。</content></dashizhenyan><dashizhenyan id="7" name="太阴"><content id="0"></content><content id="1"></content><content id="2"></content><content id="3">事业方面带管理性质，如理财和计划，一般不适合直接经营、投资买卖，适合比较稳定、平静和用脑的工作，可以发挥才能，如文秘、内业、财务、演艺、中介业等，不适合变化大和投机冒险事业。/n事业变动大，劳而难成，亦主难聚财。好高骛远，脱离实际，不能专心做一事，因而易失败，难显达，适合早到外地发展，从事领薪的工作，也可为作家、演员或经营小本生意，不利投资生意。</content><content id="4">事业方面带管理性质，如理财和计划，一般不适合直接经营、投资买卖，适合比较稳定、平静和用脑的工作，可以发挥才能，如文秘、内业、财务、演艺、中介业等，不适合变化大和投机冒险事业。/n事业变动大，劳而难成，亦主难聚财。好高骛远，脱离实际，不能专心做一事，因而易失败，难显达，适合早到外地发展，从事领薪的工作，也可为作家、演员或经营小本生意，不利投资生意。</content><content id="5">事业方面带管理性质，如理财和计划，一般不适合直接经营、投资买卖，适合比较稳定、平静和用脑的工作，可以发挥才能，如文秘、内业、财务、演艺、中介业等，不适合变化大和投机冒险事业。/n事业变动大，劳而难成，亦主难聚财。好高骛远，脱离实际，不能专心做一事，因而易失败，难显达，适合早到外地发展，从事领薪的工作，也可为作家、演员或经营小本生意，不利投资生意。</content><content id="6"></content><content id="7"></content><content id="8"></content><content id="9">事业方面带管理性质，如理财和计划，一般不适合直接经营、投资买卖，适合比较稳定、平静和用脑的工作，可以发挥才能，如文秘、内业、财务、演艺、中介业等，不适合变化大和投机冒险事业。/n事业多变动，不能固定于一个职业或单位。有权贵，不论做什么事业均可升任到较高的地位，事业晚成，但可持久，名利双收。</content><content id="10">事业方面带管理性质，如理财和计划，一般不适合直接经营、投资买卖，适合比较稳定、平静和用脑的工作，可以发挥才能，如文秘、内业、财务、演艺、中介业等，不适合变化大和投机冒险事业。/n事业多变动，不能固定于一个职业或单位。有权贵，不论做什么事业均可升任到较高的地位，事业晚成，但可持久，名利双收。</content><content id="11">事业方面带管理性质，如理财和计划，一般不适合直接经营、投资买卖，适合比较稳定、平静和用脑的工作，可以发挥才能，如文秘、内业、财务、演艺、中介业等，不适合变化大和投机冒险事业。/n事业多变动，不能固定于一个职业或单位。有权贵，不论做什么事业均可升任到较高的地位，事业晚成，但可持久，名利双收。</content></dashizhenyan><dashizhenyan id="8" name="贪狼"><content id="0">有强烈的事业心，工作很卖力，有超人的毅力和开拓精神，擅长交际应酬，会结交权贵，有很多关系网，在拼搏、交际应酬中获得成就。/n有谋略，做事计划性强，可独当一面工作，多意外的机遇而成功。早年不顺，多挫折，中年后能平稳发展。可以富贵掌权，适合从政、财税、外交、公关业。</content><content id="1"></content><content id="2">有强烈的事业心，工作很卖力，有超人的毅力和开拓精神，擅长交际应酬，会结交权贵，有很多关系网，在拼搏、交际应酬中获得成就。/n斗志强，创劲足，但欲望大、自私。事业平常，辛劳少成，自私自利，易有贪污行为。可经商得财，或为普通的领薪人员，或实业发展。</content><content id="3"></content><content id="4">有强烈的事业心，工作很卖力，有超人的毅力和开拓精神，擅长交际应酬，会结交权贵，有很多关系网，在拼搏、交际应酬中获得成就。/n先苦后甜，大器晚成，努力奋斗必有成就，多意外的机遇而成功。早年不顺，多挫折，中年后能平稳发展。可以富贵掌权，适合从政、财税、外交、公关业。</content><content id="5"></content><content id="6">有强烈的事业心，工作很卖力，有超人的毅力和开拓精神，擅长交际应酬，会结交权贵，有很多关系网，在拼搏、交际应酬中获得成就。/n有谋略，做事计划性强，可独当一面工作，多意外的机遇而成功。早年不顺，多挫折，中年后能平稳发展。可以富贵掌权，适合从政、财税、外交、公关业。</content><content id="7"></content><content id="8">有强烈的事业心，工作很卖力，有超人的毅力和开拓精神，擅长交际应酬，会结交权贵，有很多关系网，在拼搏、交际应酬中获得成就。/n斗志强，创劲足，但欲望大、自私。事业平常，辛劳少成，自私自利，易有贪污行为。可经商得财，或为普通的领薪人员，或实业发展。</content><content id="9"></content><content id="10">有强烈的事业心，工作很卖力，有超人的毅力和开拓精神，擅长交际应酬，会结交权贵，有很多关系网，在拼搏、交际应酬中获得成就。/n先苦后甜，大器晚成，努力奋斗必有成就，多意外的机遇而成功。早年不顺，多挫折，中年后能平稳发展。可以富贵掌权，适合从政、财税、外交、公关业。</content><content id="11"></content></dashizhenyan><dashizhenyan id="9" name="巨门"><content id="0">事业运不不佳，较辛劳，多波折，从事口才业反而会得利，不适合经商创业。由于有喜欢挑剔的特性，也可在医药界及执法机关工作。/n心胸狭隘，不善领导，上下级关系差，口舌是非多。个性阴沉，难得同事的理解支持。过于重视金钱，会吝啬或因金钱发生纠纷。/n其人较正直积极认真，从工作一开始，就能专心致志地干下去，努力工作可获成功。武职较好，私营企业，副职、幕后策划、饮食、服务业也是不错的选择。</content><content id="1"></content><content id="2"></content><content id="3"></content><content id="4">事业运不不佳，较辛劳，多波折，从事口才业反而会得利，不适合经商创业。由于有喜欢挑剔的特性，也可在医药界及执法机关工作。/n心胸狭隘，不善领导，上下级关系差，口舌是非多。个性阴沉，难得同事的理解支持。过于重视金钱，会吝啬或因金钱发生纠纷。/n奔波劳碌，事业多竞争，所干事业不能耐久，易中途退职，事业艰难。适合自由业、饮食、艺术品、买卖。成绩平凡，中晚年稍安定。</content><content id="5">事业运不不佳，较辛劳，多波折，从事口才业反而会得利，不适合经商创业。由于有喜欢挑剔的特性，也可在医药界及执法机关工作。/n心胸狭隘，不善领导，上下级关系差，口舌是非多。个性阴沉，难得同事的理解支持。过于重视金钱，会吝啬或因金钱发生纠纷。/n奔波劳碌，事业多竞争，所干事业不能耐久，易中途退职，事业艰难。适合自由业、饮食、艺术品、买卖。成绩平凡，中晚年稍安定。</content><content id="6">事业运不不佳，较辛劳，多波折，从事口才业反而会得利，不适合经商创业。由于有喜欢挑剔的特性，也可在医药界及执法机关工作。/n心胸狭隘，不善领导，上下级关系差，口舌是非多。个性阴沉，难得同事的理解支持。过于重视金钱，会吝啬或因金钱发生纠纷。/n其人较正直积极认真，从工作一开始，就能专心致志地干下去，努力工作可获成功。武职较好，私营企业，副职、幕后策划、饮食、服务业也是不错的选择。</content><content id="7"></content><content id="8"></content><content id="9"></content><content id="10">事业运不不佳，较辛劳，多波折，从事口才业反而会得利，不适合经商创业。由于有喜欢挑剔的特性，也可在医药界及执法机关工作。/n心胸狭隘，不善领导，上下级关系差，口舌是非多。个性阴沉，难得同事的理解支持。过于重视金钱，会吝啬或因金钱发生纠纷。/n其人较正直积极认真，从工作一开始，就能专心致志地干下去，努力工作可获成功。武职较好，私营企业，副职、幕后策划、饮食、服务业也是不错的选择。</content><content id="11">事业运不不佳，较辛劳，多波折，从事口才业反而会得利，不适合经商创业。由于有喜欢挑剔的特性，也可在医药界及执法机关工作。/n心胸狭隘，不善领导，上下级关系差，口舌是非多。个性阴沉，难得同事的理解支持。过于重视金钱，会吝啬或因金钱发生纠纷。/n其人较正直积极认真，从工作一开始，就能专心致志地干下去，努力工作可获成功。武职较好，私营企业，副职、幕后策划、饮食、服务业也是不错的选择。</content></dashizhenyan><dashizhenyan id="10" name="天相"><content id="0"></content><content id="1">工作上很有才干，职业运相当旺盛，且都很顺利和有成就，即使不顺也有贵人相助。虚荣心很强，爱出风头，对别人的工作不满意，甚至常批评人，引起同事的反感。/n就业的范围很宽，无论处于什么地位，均不适合作第一把手，只适合副职、秘书，否则易受人攻击、排挤。/n事业选择文武皆适合，食禄千钟，官人有权贵，常人富足。得上司器重，成就大，能掌大权，经商大富。</content><content id="2"></content><content id="3">工作上很有才干，职业运相当旺盛，且都很顺利和有成就，即使不顺也有贵人相助。虚荣心很强，爱出风头，对别人的工作不满意，甚至常批评人，引起同事的反感。/n就业的范围很宽，无论处于什么地位，均不适合作第一把手，只适合副职、秘书，否则易受人攻击、排挤。成败多变化，经努力能有小成就。</content><content id="4"></content><content id="5">工作上很有才干，职业运相当旺盛，且都很顺利和有成就，即使不顺也有贵人相助。虚荣心很强，爱出风头，对别人的工作不满意，甚至常批评人，引起同事的反感。/n就业的范围很宽，无论处于什么地位，均不适合作第一把手，只适合副职、秘书，否则易受人攻击、排挤。运势较平稳，经努力能有小成就。</content><content id="6"></content><content id="7">工作上很有才干，职业运相当旺盛，且都很顺利和有成就，即使不顺也有贵人相助。虚荣心很强，爱出风头，对别人的工作不满意，甚至常批评人，引起同事的反感。/n就业的范围很宽，无论处于什么地位，均不适合作第一把手，只适合副职、秘书，否则易受人攻击、排挤。成败多变化，经努力能有小成就。</content><content id="8"></content><content id="9">工作上很有才干，职业运相当旺盛，且都很顺利和有成就，即使不顺也有贵人相助。虚荣心很强，爱出风头，对别人的工作不满意，甚至常批评人，引起同事的反感。/n就业的范围很宽，无论处于什么地位，均不适合作第一把手，只适合副职、秘书，否则易受人攻击、排挤。成败多变化，经努力能有小成就。</content><content id="10"></content><content id="11">工作上很有才干，职业运相当旺盛，且都很顺利和有成就，即使不顺也有贵人相助。虚荣心很强，爱出风头，对别人的工作不满意，甚至常批评人，引起同事的反感。/n就业的范围很宽，无论处于什么地位，均不适合作第一把手，只适合副职、秘书，否则易受人攻击、排挤。运势较平稳，经努力能有小成就。</content></dashizhenyan><dashizhenyan id="11" name="天梁"><content id="0">精力充沛，有才干，心细，善处理难题，无论做什么事情都能充分发挥其才干和领导统御能力，能负重任，能得到群众的信任和支持，事业稳定，且都能有好的成就。/n事业稳定，不论干什么事业都容易出人头地，官员易升迁，常人能富裕。文武皆宜，官高禄重，经商大富。</content><content id="1">精力充沛，有才干，心细，善处理难题，无论做什么事情都能充分发挥其才干和领导统御能力，能负重任，能得到群众的信任和支持，事业稳定，且都能有好的成就。/n事业稳定，不论干什么事业都容易出人头地，官员易升迁，常人能富裕。文武皆宜，官高禄重，经商大富。</content><content id="2"></content><content id="3"></content><content id="4"></content><content id="5">精力充沛，有才干，心细，善处理难题，无论做什么事情都能充分发挥其才干和领导统御能力，能负重任，能得到群众的信任和支持，事业稳定，且都能有好的成就。/n事业运平常，辛劳，多成多败，可以选择自由业，努力能富贵。</content><content id="6">精力充沛，有才干，心细，善处理难题，无论做什么事情都能充分发挥其才干和领导统御能力，能负重任，能得到群众的信任和支持，事业稳定，且都能有好的成就。/n事业稳定，不论干什么事业都容易出人头地，官员易升迁，常人能富裕。文武皆宜，官高禄重，经商大富。</content><content id="7">精力充沛，有才干，心细，善处理难题，无论做什么事情都能充分发挥其才干和领导统御能力，能负重任，能得到群众的信任和支持，事业稳定，且都能有好的成就。/n事业稳定，不论干什么事业都容易出人头地，官员易升迁，常人能富裕。文武皆宜，官高禄重，经商大富。</content><content id="8"></content><content id="9"></content><content id="10"></content><content id="11">精力充沛，有才干，心细，善处理难题，无论做什么事情都能充分发挥其才干和领导统御能力，能负重任，能得到群众的信任和支持，事业稳定，且都能有好的成就。/n事业运平常，辛劳，多成多败，可以选择自由业，努力能富贵。</content></dashizhenyan><dashizhenyan id="12" name="七杀"><content id="0">开创性事业，不适合安定平凡的工作，适合投机冒险、富变化或自由不受拘束的职业，且可以离乡发展，白手兴家。/n事业心很强，凡事必亲躬，较辛劳。不怕苦，不怕困难，固执武勇，从事变动性大的工作容易有成就，越竞争的工作越能施展才华。/n早年波折变化大，必历艰辛困苦，中年后渐入佳境。不适合合伙，否则有纠纷。/n武职峥嵘（包括工业技术），文职不利，经商和技术都不错，少辛劳，有富贵和地位。</content><content id="1"></content><content id="2">开创性事业，不适合安定平凡的工作，适合投机冒险、富变化或自由不受拘束的职业，且可以离乡发展，白手兴家。/n事业心很强，凡事必亲躬，较辛劳。不怕苦，不怕困难，固执武勇，从事变动性大的工作容易有成就，越竞争的工作越能施展才华。/n早年波折变化大，必历艰辛困苦，中年后渐入佳境。不适合合伙，否则有纠纷。/n武职峥嵘（包括工业技术），文职不利，经商和技术都不错，少辛劳，有富贵和地位。</content><content id="3"></content><content id="4">开创性事业，不适合安定平凡的工作，适合投机冒险、富变化或自由不受拘束的职业，且可以离乡发展，白手兴家。/n事业心很强，凡事必亲躬，较辛劳。不怕苦，不怕困难，固执武勇，从事变动性大的工作容易有成就，越竞争的工作越能施展才华。/n早年波折变化大，必历艰辛困苦，中年后渐入佳境。不适合合伙，否则有纠纷。/n武职峥嵘（包括工业技术），文职不利，经商和技术都不错，少辛劳，有富贵和地位。</content><content id="5"></content><content id="6">开创性事业，不适合安定平凡的工作，适合投机冒险、富变化或自由不受拘束的职业，且可以离乡发展，白手兴家。/n事业心很强，凡事必亲躬，较辛劳。不怕苦，不怕困难，固执武勇，从事变动性大的工作容易有成就，越竞争的工作越能施展才华。/n早年波折变化大，必历艰辛困苦，中年后渐入佳境。不适合合伙，否则有纠纷。/n武职峥嵘（包括工业技术），文职不利，经商和技术都不错，少辛劳，有富贵和地位。</content><content id="7"></content><content id="8">开创性事业，不适合安定平凡的工作，适合投机冒险、富变化或自由不受拘束的职业，且可以离乡发展，白手兴家。/n事业心很强，凡事必亲躬，较辛劳。不怕苦，不怕困难，固执武勇，从事变动性大的工作容易有成就，越竞争的工作越能施展才华。/n早年波折变化大，必历艰辛困苦，中年后渐入佳境。不适合合伙，否则有纠纷。/n武职峥嵘（包括工业技术），文职不利，经商和技术都不错，少辛劳，有富贵和地位。</content><content id="9"></content><content id="10">开创性事业，不适合安定平凡的工作，适合投机冒险、富变化或自由不受拘束的职业，且可以离乡发展，白手兴家。/n事业心很强，凡事必亲躬，较辛劳。不怕苦，不怕困难，固执武勇，从事变动性大的工作容易有成就，越竞争的工作越能施展才华。/n早年波折变化大，必历艰辛困苦，中年后渐入佳境。不适合合伙，否则有纠纷。/n武职峥嵘（包括工业技术），文职不利，经商和技术都不错，少辛劳，有富贵和地位。</content><content id="11"></content></dashizhenyan><dashizhenyan id="13" name="破军"><content id="0">开创能力较强，但一生事业运不佳，动荡变化大，不安心于某一固定职业，不断改变职业和工作环境，多兼职，历尽艰辛，即使处顺境亦多风波，处逆境遭挫折后可能会一蹶不振，中年后稍好转。/n为人勇敢，固执，喜以个人意志处理事情。挥金如土，手上有钱很快会花光，难聚财。/n有领导及管理能力，喜玩弄政治手腕，适合选择武职、管理、开办工厂。</content><content id="1"></content><content id="2"></content><content id="3">开创能力较强，但一生事业运不佳，动荡变化大，不安心于某一固定职业，不断改变职业和工作环境，多兼职，历尽艰辛，即使处顺境亦多风波，处逆境遭挫折后可能会一蹶不振，中年后稍好转。/n为人勇敢，固执，喜以个人意志处理事情。挥金如土，手上有钱很快会花光，难聚财。/n较倾向于合作创业，独立经商容易遇挫折。事业场面较大，或会先败而后大成。</content><content id="4">开创能力较强，但一生事业运不佳，动荡变化大，不安心于某一固定职业，不断改变职业和工作环境，多兼职，历尽艰辛，即使处顺境亦多风波，处逆境遭挫折后可能会一蹶不振，中年后稍好转。/n为人勇敢，固执，喜以个人意志处理事情。挥金如土，手上有钱很快会花光，难聚财。/n事业大起大落，至少有一次重大挫折，然后改行改业，领薪者风险小些。只适合副职配角，须借助别人的力量与势力兴家。可合伙或从事财经工作，经艰辛后有成就。</content><content id="5"></content><content id="6">开创能力较强，但一生事业运不佳，动荡变化大，不安心于某一固定职业，不断改变职业和工作环境，多兼职，历尽艰辛，即使处顺境亦多风波，处逆境遭挫折后可能会一蹶不振，中年后稍好转。/n为人勇敢，固执，喜以个人意志处理事情。挥金如土，手上有钱很快会花光，难聚财。/n有领导及管理能力，喜玩弄政治手腕，适合选择武职、管理、开办工厂。</content><content id="7"></content><content id="8">开创能力较强，但一生事业运不佳，动荡变化大，不安心于某一固定职业，不断改变职业和工作环境，多兼职，历尽艰辛，即使处顺境亦多风波，处逆境遭挫折后可能会一蹶不振，中年后稍好转。/n为人勇敢，固执，喜以个人意志处理事情。挥金如土，手上有钱很快会花光，难聚财。/n较倾向于合作创业，独立经商容易遇挫折。事业场面较大，或会先败而后大成。</content><content id="9"></content><content id="10">开创能力较强，但一生事业运不佳，动荡变化大，不安心于某一固定职业，不断改变职业和工作环境，多兼职，历尽艰辛，即使处顺境亦多风波，处逆境遭挫折后可能会一蹶不振，中年后稍好转。/n为人勇敢，固执，喜以个人意志处理事情。挥金如土，手上有钱很快会花光，难聚财。/n事业大起大落，至少有一次重大挫折，然后改行改业，领薪者风险小些。只适合副职配角，须借助别人的力量与势力兴家。可合伙或从事财经工作，经艰辛后有成就。</content><content id="11"></content></dashizhenyan></root>