<?xml version="1.0" encoding="UTF-8"?>
<root><xingdi id="0" name="紫微" level="甲" character="正翟"/><xingdi id="1" name="天机" level="甲" character="正翟"/><xingdi id="2" name="太阳" level="甲" character="正翟"/><xingdi id="3" name="武曲" level="甲" character="正翟"/><xingdi id="4" name="天同" level="甲" character="正翟"/><xingdi id="5" name="廉贞" level="甲" character="正翟"/><xingdi id="6" name="天府" level="甲" character="正翟"/><xingdi id="7" name="太阴" level="甲" character="正翟"/><xingdi id="8" name="贪狼" level="甲" character="正翟"/><xingdi id="9" name="巨门" level="甲" character="正翟"/><xingdi id="10" name="天相" level="甲" character="正翟"/><xingdi id="11" name="天梁" level="甲" character="正翟"/><xingdi id="12" name="七杀" level="甲" character="正翟"/><xingdi id="13" name="破军" level="甲" character="正翟"/><xingdi id="14" name="禄存" level="甲" character="吉星"/><xingdi id="15" name="天马" level="甲" character="吉星"/><xingdi id="16" name="文曲" level="甲" character="吉星"/><xingdi id="17" name="文昌" level="甲" character="吉星"/><xingdi id="18" name="左辅" level="甲" character="吉星"/><xingdi id="19" name="右弼" level="甲" character="吉星"/><xingdi id="20" name="天魁" level="甲" character="吉星"/><xingdi id="21" name="天钺" level="甲" character="吉星"/><xingdi id="22" name="擎羊" level="甲" character="煞星"/><xingdi id="23" name="陀罗" level="甲" character="煞星"/><xingdi id="24" name="火星" level="甲" character="煞星"/><xingdi id="25" name="铃星" level="甲" character="煞星"/><xingdi id="26" name="地空" level="甲" character="煞星"/><xingdi id="27" name="地劫" level="甲" character="煞星"/><xingdi id="28" name="化禄" level="甲" character="四化星"/><xingdi id="29" name="化权" level="甲" character="四化星"/><xingdi id="30" name="化科" level="甲" character="四化星"/><xingdi id="31" name="化忌" level="甲" character="四化星"/><xingdi id="32" name="台辅" level="乙" character="吉星"/><xingdi id="33" name="封诰" level="乙" character="吉星"/><xingdi id="34" name="恩光" level="乙" character="吉星"/><xingdi id="35" name="天贵" level="乙" character="吉星"/><xingdi id="36" name="龙池" level="乙" character="吉星"/><xingdi id="37" name="凤阁" level="乙" character="吉星"/><xingdi id="38" name="三台" level="乙" character="吉星"/><xingdi id="39" name="八座" level="乙" character="吉星"/><xingdi id="40" name="天官" level="乙" character="吉星"/><xingdi id="41" name="天福" level="乙" character="吉星"/><xingdi id="42" name="天才" level="乙" character="吉星"/><xingdi id="43" name="天寿" level="乙" character="吉星"/><xingdi id="44" name="红鸾" level="乙" character="吉星"/><xingdi id="45" name="天喜" level="乙" character="吉星"/><xingdi id="46" name="解神" level="乙" character="吉星"/><xingdi id="47" name="天巫" level="乙" character="吉星"/><xingdi id="48" name="天空" level="乙" character="凶星"/><xingdi id="49" name="天刑" level="乙" character="凶星"/><xingdi id="50" name="天姚" level="乙" character="凶星"/><xingdi id="51" name="天哭" level="乙" character="凶星"/><xingdi id="52" name="天虚" level="乙" character="凶星"/><xingdi id="53" name="天月" level="乙" character="凶星"/><xingdi id="54" name="阴煞" level="乙" character="凶星"/><xingdi id="55" name="年解" level="乙" character="凶星"/><xingdi id="56" name="华盖" level="丁" character="将前十二神"/><xingdi id="57" name="咸池" level="丁" character="将前十二神"/><xingdi id="58" name="天德" level="丁" character="岁前十二神"/><xingdi id="59" name="月德" level="乙" character="凶星"/><xingdi id="60" name="孤辰" level="乙" character="凶星"/><xingdi id="61" name="寡宿" level="乙" character="凶星"/><xingdi id="62" name="长生" level="丙" character="长生十二神"/><xingdi id="63" name="沐浴" level="丙" character="长生十二神"/><xingdi id="64" name="冠带" level="丙" character="长生十二神"/><xingdi id="65" name="临官" level="丙" character="长生十二神"/><xingdi id="66" name="帝旺" level="丙" character="长生十二神"/><xingdi id="67" name="衰" level="丙" character="长生十二神"/><xingdi id="68" name="病" level="丙" character="长生十二神"/><xingdi id="69" name="死 " level="丙" character="长生十二神"/><xingdi id="70" name="墓" level="丙" character="长生十二神"/><xingdi id="71" name="绝" level="丙" character="长生十二神"/><xingdi id="72" name="胎" level="丙" character="长生十二神"/><xingdi id="73" name="养" level="丙" character="长生十二神"/><xingdi id="74" name="博士" level="丙" character="博士十二神"/><xingdi id="75" name="力士" level="丙" character="博士十二神"/><xingdi id="76" name="青龙" level="丙" character="博士十二神"/><xingdi id="77" name="小耗" level="丙" character="博士十二神"/><xingdi id="78" name="将军" level="丙" character="博士十二神"/><xingdi id="79" name="奏书" level="丙" character="博士十二神"/><xingdi id="80" name="飞廉" level="丙" character="博士十二神"/><xingdi id="81" name="喜神" level="丙" character="博士十二神"/><xingdi id="82" name="病符" level="丙" character="博士十二神"/><xingdi id="83" name="大耗" level="丙" character="博士十二神"/><xingdi id="84" name="伏兵" level="丙" character="博士十二神"/><xingdi id="85" name="官府" level="丙" character="博士十二神"/><xingdi id="86" name="天伤" level="丙" character=""/><xingdi id="87" name="天使" level="丙" character=""/><xingdi id="88" name="截路" level="丙" character=""/><xingdi id="89" name="空亡" level="丙" character=""/><xingdi id="90" name="旬中" level="丙" character=""/><xingdi id="91" name="旬空" level="丙" character=""/><xingdi id="92" name="将星" level="丁" character="将前十二神"/><xingdi id="93" name="攀鞍" level="丁" character="将前十二神"/><xingdi id="94" name="岁驿" level="丁" character="将前十二神"/><xingdi id="95" name="岁破" level="丁" character=""/><xingdi id="96" name="岁建" level="丁" character="岁前十二神"/><xingdi id="97" name="龙德" level="丁" character="岁前十二神"/><xingdi id="98" name="息神" level="戊" character="将前十二神"/><xingdi id="99" name="劫煞" level="戊" character="将前十二神"/><xingdi id="100" name="灾煞" level="戊" character="将前十二神"/><xingdi id="101" name="天煞" level="戊" character="将前十二神"/><xingdi id="102" name="指背" level="戊" character="将前十二神"/><xingdi id="103" name="月煞" level="戊" character="将前十二神"/><xingdi id="104" name="亡神" level="戊" character="将前十二神"/><xingdi id="105" name="晦气" level="戊" character="岁前十二神"/><xingdi id="106" name="丧门" level="戊" character="岁前十二神"/><xingdi id="107" name="贯索" level="戊" character="岁前十二神"/><xingdi id="108" name="官符" level="戊" character="岁前十二神"/><xingdi id="109" name="小耗" level="戊" character="岁前十二神"/><xingdi id="110" name="大耗" level="戊" character="岁前十二神"/><xingdi id="111" name="白虎" level="戊" character="岁前十二神"/><xingdi id="112" name="吊客" level="戊" character="岁前十二神"/><xingdi id="113" name="病符" level="戊" character="岁前十二神"/><xingdi id="114" name="天厨" level="" character=""/><xingdi id="115" name="截空" level="" character=""/><xingdi id="116" name="破碎" level="" character=""/><xingdi id="117" name="蜚廉" level="" character=""/><xingdi id="118" name="大曲" level="" character="大运流翟"/><xingdi id="119" name="大昌" level="" character="大运流翟"/><xingdi id="120" name="大魁" level="" character="大运流翟"/><xingdi id="121" name="大钺" level="" character="大运流翟"/><xingdi id="122" name="大羊" level="" character="大运流翟"/><xingdi id="123" name="大陀" level="" character="大运流翟"/><xingdi id="124" name="大禄" level="" character="大运流翟"/><xingdi id="125" name="大运化禄" level="" character="大运四化星"/><xingdi id="126" name="大运化权" level="" character="大运四化星"/><xingdi id="127" name="大运化科" level="" character="大运四化星"/><xingdi id="128" name="大运化忌" level="" character="大运四化星"/><xingdi id="129" name="流曲" level="" character="流年星翟"/><xingdi id="130" name="流昌" level="" character="流年星翟"/><xingdi id="131" name="流魁" level="" character="流年星翟"/><xingdi id="132" name="流钺" level="" character="流年星翟"/><xingdi id="133" name="流羊" level="" character="流年星翟"/><xingdi id="134" name="流陀" level="" character="流年星翟"/><xingdi id="135" name="流禄" level="" character="流年星翟"/><xingdi id="136" name="流年化禄" level="" character="流年四化星"/><xingdi id="137" name="流年化权" level="" character="流年四化星"/><xingdi id="138" name="流年化科" level="" character="流年四化星"/><xingdi id="139" name="流年化忌" level="" character="流年四化星"/></root>