<?xml version="1.0" encoding="UTF-8"?>
<root>
  <xingdi id="0" name="紫微">
    <gong>
      <item>你气质优雅，聪明灵敏，性情豪爽。
你非常喜欢学习新鲜事物，对任何事物都有强烈的好奇心。
你有强烈的自尊心，不喜欢受到约束，可是做事时容易拿不定主意，容易受他人影响。
你有时会缺乏耐心，一遇到挫折往往半途而废。</item>
      <item>你气质优雅，聪明灵敏，性情豪爽。
你非常喜欢学习新鲜事物，对任何事物都有强烈的好奇心。
你有强烈的自尊心，不喜欢受到约束，可是做事时容易拿不定主意，容易受他人影响。
你有时会缺乏耐心，一遇到挫折往往半途而废。</item>
      <item>你的兄弟姐妹之中有人很有能力，能成为你可以依靠的贵人。</item>
      <item>你的伴侣性格上可能会比较高傲，有大丈夫的气魄，行事作风强势，很有事业心，办事能力也不错，同时在家庭中也是作为主导的。
你选择伴侣的要求较高，并不会过早决定自己的终身大事。
如果伴侣比你年纪大一点，或者你选择晚婚的话，婚姻生活会较为平稳，不会有较大变化。</item>
      <item>你的子女会很优秀，能力也强，但是性格可能有点倔强，有时会不太会听从父母的话。</item>
      <item>你生活中会较少生病，有疾病时也能遇到好大夫。容易患脾胃病和头痛症。</item>
      <item>你交友广阔，活动能力很强，善于经营人际关系。如果出外发展，可能会有贵人提拔相助。</item>
      <item>你能结交宽容、诚实、有名声地位的朋友，也能为你提供帮助。
你在工作上会得到下属的拥护，而你的下属能力也很不错，整个团队能获得好成绩。</item>
      <item>你的事业发展平稳，并且可以逐步提升，你是善于领导的人，有机会成为高管或部门的领导者，如董事长、经理等。</item>
      <item>你喜欢住在高楼上或在地势较高的地方，家中装修得有气派。
你可以继承祖业，随后增加自己的产业。</item>
      <item>你的父母具有学识和教养，工作也不错。你父母对你的期望较高，管教你的方式较为严厉，亲子间的相处有点严肃、刻板，不过你能适应父母的管教方式。</item>
    </gong>
  </xingdi>
  <xingdi id="1" name="天机">
    <gong>
      <item>你富有侧隐之心，在别人发生困难时，会义不容辞地给予帮助，是位能雪中送炭的朋友。
反应快，对事物有研究心，具备筹划能力。
善于思考，聪明好学。多才多艺。遇事能随机应变。
对于需要动脑筋的学问，像是在命理、宗教、玄学这方面，更能激发去钻研的动机。
想得太多，有时会落入思想的死胡同，造成钻牛角尖的现象。
性虽急，谈吐却斯文，字字经思考才说出来。
凡事都想要赶快完成，有时反而有反效果。</item>
      <item>你性情刚强，机巧聪明，助夫益子，持家有力。
你富有侧隐之心，在别人发生困难时，会义不容辞地给予帮助，是位能雪中送炭的朋友。
反应快，对事物有研究心，具备筹划能力。
善于思考，聪明好学。多才多艺。遇事能随机应变。
对于需要动脑筋的学问，像是在命理、宗教、玄学这方面，更能激发去钻研的动机。
想得太多，有时会落入思想的死胡同，造成钻牛角尖的现象。
性虽急，谈吐却斯文，字字经思考才说出来。
凡事都想要赶快完成，但是有时反而有反效果。</item>
      <item>你的兄弟姊妹之中，有人聪明伶俐，会有很多好的点子想法。
你能得到兄弟姊妹帮助，可以多多考虑他们提供给你的建议。
你的同胞兄弟较少，或兄弟分离，自己不会是老大。</item>
      <item>你的伴侣心思细密，想象力丰富，好学，求知欲望强，性情机巧，持家有力。
适合与你结婚的人需要与你有一定的年龄差距，双方最好相差三岁以上，这样年龄大的一方就容易忍让包容，生活更为和谐。</item>
      <item>你的子女较少，较晚生子女会更好。
你的子女脑灵活，聪明机灵，喜欢思考，小时候活泼好动，长大后很有想法，会善于利用自身资源去获取更多利益，对于父母的管教总会表现得很顺从，会知道父母的苦心。</item>
      <item>你一生中易患肝胆病、神经系统疾病，四肢也可能有伤痛。</item>
      <item>你适合在远方发展，在故乡会有很多是非，让你心乱意烦。
你喜欢活动，在办公室内容易坐不住，适合于多变动性质的工作或活动。</item>
      <item>你交友广阔，有各阶层和各行业的朋友，认识的人很多，但多是泛泛之交。
如果你自身为管理阶层，部门下属人员流动率会比较高。</item>
      <item>你在事业上需要将自身的智慧本性发挥出来，可能转职较为频繁，有时会影响事业的发展。
你应于早年选定职场专业领域，减少不必要的转业变化。
你从事的工作具有变化性，很适合做不局限在办公室这种单一地点的工作。</item>
      <item>虽然你继承祖业机会不大，但是你有能力自置产业。你的搬迁几率大，不能持久定居，家中摆设也常有变动。</item>
      <item>你的父母管教你的方式多变，而你不常跟父母在一起，要在离父母较远的地方读书或工作，否则可能会和父母关系不太好，容易发生争吵。</item>
    </gong>
  </xingdi>
  <xingdi id="2" name="太阳">
    <gong>
      <item>你性情豪放，心慈好施，禀性聪明。
你为人大方，坦率不计较，乐观进取。人缘很好，能结交益友，得到很多帮助，但有时说话过于直接，毫不保留，所以有时难免让人受不了，而得罪他人。
你有博爱的情怀，非常热心，乐于帮助他人。能亲近异性，有异性缘，生活不寂寞。
你积极负责，但有时做事过于急躁，反而弄巧成拙。帮助别人要注意量力而为，别超出自己能力范围。造成入不敷出的情况。
你喜欢参与社交活动，活跃于团体或组织中。
你有领导能力，也喜欢做领导者。</item>
      <item>你性格贞烈豪爽，有丈夫气。
你为人大方，坦率不计较，乐观进取。人缘很好，能结交益友，得到很多帮助，但有时说话过于直接，毫不保留，所以有时难免让人受不了，而得罪他人。
你有博爱的情怀，非常热心，乐于帮助他人。能亲近异性，有异性缘，生活不寂寞。
你积极负责，但有时做事过于急躁，反而弄巧成拙。帮助别人要注意量力而为，别超出自己能力范围。造成入不敷出的情况。
你喜欢参与社交活动，活跃于团体或组织中。
你有领导能力，也喜欢做领导者。</item>
      <item>你与兄弟姊妹间互有往来，时常沟通，感情和睦，能够互相帮助。你的兄弟姊妹乐于助人，擅长交际，人缘好。</item>
      <item>你的伴侣性情爽直开朗，有正义感，活泼外向，有大丈夫的志向和气派，善于交际，工作能力强，能在工作事业、日常生活对你提供帮助。</item>
      <item>你的子女志向甚高，外向活泼，有上进心，经过努力会拥有一定的身份地位。</item>
      <item>你可能患有眼疾，同时你需要注意心血管类疾病。</item>
      <item>你不适合静守，而在外能结交贵人，容易致富。你在外活动力很强，适合从事四处奔波的工作。</item>
      <item>你会对朋友很慷慨，能为朋友提供帮助，结交的朋友多，但自己却不喜欢有求于人。
你经常为同事属下操心，有时还为他们调解纠纷，不过总是吃力不讨好，别人不太会理解和感谢你的苦心。</item>
      <item>你在事业上并不会专于一业，而是喜欢改来改去，所以你从事的工作，最好有外务性质。
你可以每天东奔西跑交际洽商，天天应对不同客户，都不会感觉到累。
你具有很强的魄力，喜欢站在领导指挥的地位，故能发展或开创别人未能完成的事业。</item>
      <item>你的产业有浮动的趋势，不动产所有权变动性大，若是继承家产，最好少变动。</item>
      <item>你的父母开朗和蔼，与你沟通良好。你和父母关系和谐，争吵很少，父母对你照顾有加。父亲对你的影响较大。</item>
    </gong>
  </xingdi>
  <xingdi id="3" name="武曲">
    <gong>
      <item>你性情刚强，处事果决，诚实守信，心性直爽，重义气，对于不满意的事物会直接表达出来。
你对事情或职务有明显的偏好：喜爱的事情，则会倾尽全力，拼命达成任务；如果遇到不合己意的事情，则是勉强接受，交代了事。
你有毅力，有领导力，有不服输的精神，遇到困难不轻言认输，能实践高难度的事情。一旦失败，也能自我检讨，认清现实，等待下一次成功的机会。最终能崭露头角，得到大家的肯定。
你欠缺妥协沟通的技巧，往往对喜恶过度表现于外。</item>
      <item>你有男子气概，性情刚强，处事果决，诚实守信，心性直爽，重义气，对于不满意的事物会直接表达出来。
你对事情或职务有明显的偏好：喜爱的事情，则会倾尽全力，拼命达成任务；如果遇到不合己意的事情，则是勉强接受，交代了事。
你有毅力，有领导力，有不服输的精神，遇到困难不轻言认输，能实践高难度的事情。一旦失败，也能自我检讨，认清现实，等待下一次成功的机会。最终能崭露头角，得到大家的肯定。
你欠缺妥协沟通的技巧，往往对喜恶过度表现于外。</item>
      <item>你的兄弟姊妹中有人个性刚强孤僻，主观意识较强，暴躁，喜欢争执，你们之间不容易沟通合作，关系可能并不和睦，互相帮助的机会少。
你凡事靠自己，很难得到兄弟的帮助。</item>
      <item>你的伴侣性格上可能会比较高傲，有大丈夫的气魄，行事作风强势，很有事业心，办事能力也不错，同时在家庭中也是作为主导的。
你选择伴侣的要求较高，并不会过早决定自己的终身大事。
如果伴侣比你年纪大一点，或者你选择晚婚的话，婚姻生活会较为平稳，不会有较大变化。</item>
      <item>你的子女性格刚烈，好强固执，不安分，需要多花点心思来管教。
子女做事有始有终，不愿意服输，会有财运，好好努力的话能富裕起来。</item>
      <item>你易患呼吸系统疾病。</item>
      <item>你适合在外地发展，虽然会劳心又劳力，面对多方竞争，但是你行事主动积极，会努力争取自己想要的机会，比较容易得到想要的成果。</item>
      <item>交友方面，你能认识的人不少，但大多数只是泛泛之交，知心好友较少。工作方面下属也较少，或者和下属没有深入的沟通。</item>
      <item>你自身动手能力强，具有很强的执行力，最适合是从事身体力行的职业。
另一方面，经商也较为有天赋。工作有决断力，对困难有面对或突破的能力，适合任职或创业。</item>
      <item>你有机会得到祖上产业，继承一笔数目颇大的财产。</item>
      <item>你的父母个性较刚硬，亲子间的互动不活跃，你和父母关系会不太融洽。
如果在年少时家庭金钱方面遭遇严重打击，和父母关系还是很好的。</item>
    </gong>
  </xingdi>
  <xingdi id="4" name="天同">
    <gong>
      <item>你性情温良谦逊，心地善良，禀性耿直，志趣高雅，思想敏锐。
你眉清目秀，有幽默感，因此人缘好，属于可以靠脸吃饭的类型。
你宽宏大量，生性乐观知足。学识广，但往往不求甚解。
由于比较情绪化，所以事业上会先经历艰难的时期，然后才会奋发图强。
你懂得休闲，会享受悠闲的日子。待人以宽，很得人心。情绪管理能力不错，很少会去与人争执。
你的进取心稍显不足，虽然怀抱着计划梦想，但真正去实行的却不多。</item>
      <item>你聪明机巧，性情温良谦逊，心地善良，禀性耿直，志趣高雅，思想敏锐。
你眉清目秀，有幽默感，因此人缘好，属于可以靠脸吃饭的类型。
你宽宏大量，生性乐观知足。学识广，但往往不求甚解。
由于比较情绪化，所以事业上会先经历艰难的时期，然后才会奋发图强。
你懂得休闲，会享受悠闲的日子。待人以宽，很得人心。情绪管理能力不错，很少会去与人争执。
你的进取心稍显不足，虽然怀抱着计划梦想，但真正去实行的却不多。</item>
      <item>你和兄弟姊妹相处融洽，兄弟姊妹谦虚温和、乐观幽默，易相处，能同心协力，沟通顺畅，能彼此互相帮助照应。</item>
      <item>你的伴侣个性温柔体贴，谦和有礼，你们彼此能沟通忍让，在恋爱或婚姻上颇为甜蜜。
但可能需要迟婚，夫妻才能长久幸福，否则婚姻容易多变。</item>
      <item>你的子女性格温和、耿直，人缘好，不喜欢和人计较，爱美，注重个人仪表打扮，但可能较为好高骛远、不切实际。</item>
      <item>你易患排泄系统病，也可能会患有消化系统病。</item>
      <item>你出门在外发展会获得贵人扶持，减少波折，遇到问题也能很快解决。
你人缘较好，有机会受邀拜访朋友，寄宿游历各地。</item>
      <item>你人缘好，会结交各行各业的朋友，与同事相处较为和谐融洽。</item>
      <item>你有有白手创业发家致富的能力和机遇，适合担任幕后策划工作，或者可以选择服务展示性质的行业。
但是，也可能会因为乐于享受而难有大作为。</item>
      <item>你可以继承的祖产不多，需要自己努力去打拼，依靠自己的努力自行置业。</item>
      <item>你的父母和蔼可亲，对子女照顾有加，认真关注子女的成长，你与父母关系融洽。</item>
    </gong>
  </xingdi>
  <xingdi id="5" name="廉贞">
    <gong>
      <item>你懂得上进，聪明有为，做事认真负责。
爱憎分明，对人或对事，喜欢的就会全力地去做。厌恶的也会毫不掩饰地表现出来。
你对工作很有使命感，一旦被交付任务，就会埋首其中，尽力将事情完成。在休假时，也能抛开公务，尽情享乐。
你做起事来比常人多出一分专注和屡败屡战的精神，因此大部分都会按照预定的目标完成。
自信、主观意识强，不拘小节，不在乎旁人的眼光，想做就会去做，想说的就会去说。所以会形成得罪人而不自知的状况。
但有时太过自信，好强而不服输的作风会惹人反感。
喜欢赌博、冒险，有时反而得不偿失。容易暴躁。</item>
      <item>你冷艳，有魅力，气质佳，记忆力强。懂得上进，聪明有为，做事认真负责。
爱憎分明，对人或对事，喜欢的就会全力地去做，厌恶的也会毫不掩饰地表现出来。
你对工作很有使命感，一旦被交付任务，就会埋首其中，尽力将事情完成。在休假时，也能抛开公务，尽情享乐。
你做起事来比常人多出一分专注和屡败屡战的精神，因此大部分都会按照预定的目标完成。
你自信、主观意识强，不拘小节，不在乎旁人的眼光，想做就会去做，想说的就会去说。所以会形成得罪人而不自知的状况。
但有时太过自信，好强而不服输的作风会惹人反感。
喜欢赌博、冒险，有时反而得不偿失。</item>
      <item>你的兄弟姊妹不多，个性差异较大，兄弟姊妹各自营谋，彼此间少往来。
你与兄弟姊妹间的感情关系会有波动，时好时坏。</item>
      <item>你的伴侣形象很好，很有魅力，有异性缘，年轻时会有很多追求者，但对于异性感情却是有点抵触，不会轻易接受。
你的伴侣性格外表温和，内里刚强，所有在恋爱时或婚后需要注意伴侣的心情态度，努力维系感情。</item>
      <item>你的子女是好奇宝宝，对事物充满好奇和探索心，有冒险精神，个性强硬，有叛逆性。
你和孩子的感情较好，通过沟通能知道孩子内心想法。</item>
      <item>你易患的疾病多与心及血有关，脏腑疾病则以肺心病和呼吸器官病为主，还有可能患慢性肾炎。 </item>
      <item>你在外求职发展会比较顺利，你有好的交际手段，能拓展人际关系，也可得贵人相助。</item>
      <item>你有人缘，能结交不同行业的朋友，对待朋友会付出真感情，重情重义。你有异性缘，能获得异性帮助。</item>
      <item>你可向高科技产业发展，同时也可在娱乐服务业、演艺界、酒家舞厅内服务等行业工作。
从政或在行政机关任职，也能展现你的才华。</item>
      <item>你的祖产变动大，要完全继承机率很小，需要靠自己后天努力购置产业。</item>
      <item>你的父母性情变化比较大，脾气时好时坏，亲子间缺乏沟通协调，时有争吵。</item>
    </gong>
  </xingdi>
  <xingdi id="6" name="天府">
    <gong>
      <item>你性情忠厚，聪明而有毅力，敏感而能适应环境，善为人排忧解难。
你心性温和善良，聪明机智，安分守己，具有学习之天才。
你有领导统御、企划组织、处理财务的特长，不喜欢受他人约束。
你喜欢争夺权力、与人计较利益。
你喜欢学习新事物，对于目标非常执着。不认输，同时又注重细节。
你懂得积财、理财，因此比较有钱。虽然缺乏开创力，但善于守成。</item>
      <item>你为人忠厚慈祥，聪明机巧，旺夫教子，能急人之急、忧人之忧。
你心性温和善良，聪明机智，安分守己，具有学习之天才。
你有领导统御、企划组织、处理财务的特长，不喜欢受他人约束。
你喜欢争夺权力、与人计较利益。
你喜欢学习新事物，对于目标非常执着。不认输，同时又注重细节。
你懂得积财、理财，因此比较有钱。虽然缺乏开创力，但善于守成。</item>
      <item>你的兄弟姊妹间感情稳定，相处很好。兄弟姊妹能力较强，或者事业有成，能为你提供帮助。</item>
      <item>男性的你会娶到贤慧可靠的妻子，妻子能力强，可以给你提供帮助，能为家中分担经济支出，共同解决生活中的各种问题。同时，伴侣理财能力不错，可以帮助调控家庭收支情况。
女性的你会有一个感情丰富、英俊有为的丈夫，对家庭有责任感，事业能力也不错，可以养家糊口。</item>
      <item>你的子女心性温和善良，聪明伶俐，有孝心，非常听话。应变能力强，可能会把一些心事藏于心中，对别人的评价较为看重。</item>
      <item>你一生很少灾病，有病时也容易治好。易患的疾病以胃病、肌肉病患为主。</item>
      <item>你出外发展会有福气，可能会遇到贵人扶持、帮助，从而获得利益。</item>
      <item>你认识的朋友多，但交友很谨慎，会筛选朋友的好坏，能亲近益友，与损友保持一定距离。工作方面能和同事相处合作融洽。</item>
      <item>你的事业兴旺，利于守成。应在现成的事业上渐渐发展，不适宜开创新的事业。
工作性质偏向稳定，不会有太多变化和高度竞争。你可能会接受上级的提拔，从事极安定的工作。</item>
      <item>你可以继承祖业，也能通过自身努力去增加物业，能创能守，使家产逐渐丰厚。</item>
      <item>你的父母为人和气谨慎，与子女感情融洽，你可获得父母的帮助。</item>
    </gong>
  </xingdi>
  <xingdi id="7" name="太阴">
    <gong>
      <item>你性格较为内向，聪明俊秀，性情温和，易与人亲近。宁愿自己吃点亏，也希望能保持人际间和谐的气氛，人缘好，很有异性缘，在外颇受欢迎。
你多思多虑，温和耿直，态度端庄。
你喜欢享受，注重外在美，讲究打扮，穿着考究，有文学、艺术的天赋。
你做事低调，带点神秘感。
你重视精神层面的生活，喜欢浪漫的气氛，充满想象力。</item>
      <item>你性格较为内向，聪明俊秀，性情温和，易与人亲近，重情感，助夫教子之命。宁愿自己吃点亏，也希望能保持人际间和谐的气氛，人缘好，很有异性缘，在外颇受欢迎。
你带有古典气质的美丽，举手投足间，颇有韵味。
你多思多虑，温和耿直，态度端庄。
你喜欢享受，注重外在美，讲究打扮，穿着考究，有文学、艺术的天赋。
你做事低调，带点神秘感。
你重视精神层面的生活，喜欢浪漫的气氛，充满想象力。</item>
      <item>你和兄弟姊妹之间感情很好，遇到烦恼能相互帮助，一起解决问题。
兄弟姊妹缘份深厚，其中有人才艺和经济状况较好。</item>
      <item>男性的你择偶的标准较高，喜欢大家闺秀型的女性，外表美丽，内心温柔体贴。由于眼光高，对身边的异性较为挑剔，交朋友可以，至于结婚对象还是不会轻易决定。当然你也是个专一好男人，一经认准了结婚对象，会用浪漫手段打动对方，努力维系感情。
女性的你会选择温和型的男士，个性要温和体贴的，而且不能缺乏感性。你的丈夫也会是个顾家好男人，有家庭观念，具有同情心。</item>
      <item>你的孩子聪明文雅，心性温和，有礼貌，具有文学才能，做事谨慎小心，喜欢干净。</item>
      <item>你一生易患的疾病以肾病、生殖系统疾病、泌尿系统疾病为主。</item>
      <item>你在外处世手段柔软，不会轻易得罪人，喜欢广结各阶层朋友。有人缘，特别受女性朋友喜爱。</item>
      <item>你很有人缘，能结交很多朋友，而且女性朋友对你有较多帮助。</item>
      <item>你对于艺术很敏感，并且包含一股追求美的气息，从事和艺术有关的事业，能发挥太阴星多才艺的特性，使得事业有成，在社会上享有名声。</item>
      <item>你有钱时喜欢购置田宅，或者会以农场种植树木花果来获取利益，也可靠不动产的交易而获利。</item>
      <item>你的父母性情温和，对子女疼爱有加，亲子关系融洽，双亲之中受母亲影响较大，与母亲缘分较深。</item>
    </gong>
  </xingdi>
  <xingdi id="8" name="贪狼">
    <gong>
      <item>你是一个理想主义者或完美主义者，做事不拘小节，放浪形骸。
你性情外向活泼，举止大方，交际手腕高明，判断能力强，做事积极。
你有才艺，生活多姿多彩，喜欢吃喝，爱过夜生活，善交际应酬。
你能言善道，做事明快，不怕辛苦，懂得进退应对的道理。
你敢赚敢花，为人随和，特别关怀异性。</item>
      <item>你是一个理想主义者或完美主义者，做事不拘小节，放浪形骸。
你性情外向活泼，举止大方，交际手腕高明，判断能力强，做事积极。
你有才艺，生活多姿多彩，喜欢吃喝，爱过夜生活，善交际应酬。
你能言善道，做事明快，不怕辛苦，懂得进退应对的道理。
你敢赚敢花，为人随和，特别关怀异性。</item>
      <item>你与兄弟姊妹间沟通可能并不多，彼此不会互相干涉，互相帮助的机会也少。
你可能会有叛逆心较强的兄弟姊妹，容易出现纠纷，或与父母意见不合。</item>
      <item>贪狼星是第一桃花星，利于谈恋爱，但是婚姻生活就需要以迟婚或婚前克服阻碍而使得婚姻生活美满。
男性的你，伴侣相貌较为美艳，个性也较为活泼外向，喜欢社交，工作上也会花费较多的心思，婚后还是会这样，会令你觉得是个不顾家的女性，或者需要好好沟通处理这些问题。
女性的你，伴侣很注重外表打扮，具有绅士风度。善于通过经营人际关系来拓展事业，平时交际应酬的机率颇高，因此容易晚归回家。</item>
      <item>你的子女多才多艺，个性冲动多变，有好胜心，做事讲求速度，待人处事手段多样，有交际手段。</item>
      <item>你一生易患的疾病以肝胆病和肾病为主。</item>
      <item>你在外异性缘好，喜欢热闹、刺激，有冲劲，工作积极忙碌，会有相同嗜好的朋友，应酬比较多。</item>
      <item>你的交友很广，朋友众多，但是多是酒肉朋友，喜欢找你吃喝玩乐，知心好友少。
工作方面，下属同事不得力，事事需要自己亲力亲为。</item>
      <item>你充满事业欲，对各种行业都有其特别的心得与看法，并且对工作非常感兴趣且非常奋力。
你适合从事与人际关系有关的工作，能在交际应酬中成事业，如外交、销售或娱乐方面的工作。</item>
      <item>你的祖业变动大，可以继承的几率较小，适合通过自己努力去购买物业产业。
可能你在买了田宅后，常常不是自己在使用或耕种。投资时因注意保值与周转性。避免买了后任由荒芜损坏。</item>
      <item>你的父母专心于自身事业，对子女干涉较少，有点疏于照顾，放任子女自由发展。</item>
    </gong>
  </xingdi>
  <xingdi id="9" name="巨门">
    <gong>
      <item>你性情忠厚，面目清秀，目光锐利，善于察言观色，反应快。
你的口才好，善辩论。心思细腻，会留意细微之处。对于事情的分析、联想、记忆力优于一般人，会产生有创意的看法。
你有正义感，无事奔忙，多学少精，能学法律、机械、医学及星相杂艺，或是大众师表、帮会领袖。
你言语犀利，总是要争赢别人不可，因此有损别人对于自己的观感，口服而心不服。有时还会掀起一场口舌纠纷，有损人缘。
你虽然嘴巴利害，其实内心是不错的。旁人有困难时，总是会出手帮忙。
你性格带点傲气，自尊心强，比较不易满足于现实。话多，牢骚成分较大，言语上易与人起冲突。</item>
      <item>你性情忠厚，面目清秀，目光锐利，善于察言观色，反应快。
你的口才好，善辩论。心思细腻，会留意细微之处。对于事情的分析、联想、记忆力优于一般人，会产生有创意的看法。
你有正义感，无事奔忙，多学少精，能学法律、机械、医学及星相杂艺，或是大众师表、帮会领袖。
你言语犀利，总是要争赢别人不可，因此有损别人对于自己的观感，口服而心不服。有时还会掀起一场口舌纠纷，有损人缘。
你虽然嘴巴利害，其实内心是不错的。旁人有困难时，总是会出手帮忙。
你性格带点傲气，自尊心强，比较不易满足于现实。话多，牢骚成分较大，言语上易与人起冲突。</item>
      <item>你的兄弟姊妹口才好，能言善辩，容易产生意见分歧，沟通不良，导致吵架。
你的兄弟姊妹不和睦，无情义，或暗中捣乱，兄弟姊妹中有人较为傲慢。</item>
      <item>你的伴侣口才不错，容易和你产生矛盾，夫妻间吵架常常出现，选择年龄有一定差距的伴侣较为合适。
男性的你会觉得伴侣话很多，唠叨不停。当生活中遇到困难的时候，容易产生误会，难免又有吵上一架的冲动，所以生活更需要沟通妥协，不然婚姻生活会出现裂痕。
女性的你会有一个能力不错的伴侣，但是你的伴侣在交际社交方面的能力可能不太好，在工作上虽忙碌且投入心力，还是有可能吃了闷亏。应多给丈夫鼓励，增加其工作上坚持奋斗的力量。</item>
      <item>你的子女口才好，嘴巴甜，会说话讨父母欢心，但是生气时候说话很难听，会和父母顶嘴，做事有点优柔寡断，性格孤僻。迟生孩子较为适宜。</item>
      <item>你一生易患的疾病以消化系统疾病和呼吸道疾病为主，因精神抑郁、言语过度或饮酒过度致病。</item>
      <item>你停留在原地发展或在外地尽量少迁移才会较为顺利。
你的口才好，出外靠口才会得益，但要注意避免逞口舌之利，无故生灾，得罪别人。</item>
      <item>你的朋友间多口舌之争，时有吵闹，但朋友也能给你提供可行的意见和帮助，彼此间交谈会有所收获。
工作上会有说话很直白的同事下属，同事间也常有纷争，常要去调和。</item>
      <item>你事业上适合创业或发展专门技能，你口才好，头脑灵活，最适合从事和口才相关的职业，在言语上博得他人的敬重。</item>
      <item>你容易因为产业与邻里发生纠纷，应注意因不动产而招致是非。</item>
      <item>你的父母易吵嘴，对子女管教严格，亲子间代沟较大，家庭不和睦。父母容易遭遇变故。</item>
    </gong>
  </xingdi>
  <xingdi id="10" name="天相">
    <gong>
      <item>你性情宽厚，相貌有精神，言语诚实不虚伪，思虑周密，乐于助人，为人慷慨，有同情心。
你办事能力强，谨慎认真的做事态度，能得机关团体内主管的赏识，将你视为得力的助手，因此能升迁职务，一展长才。
你态度大方，举动稳重，有正义感。路见不平，能拔刀相助。
你外交能力强，有服务心，亲和力高。
你缺乏主见，凡事大都是交代遵办较多。突破开创性较缺乏。
你信仰宗教，喜修行，感情容易冲动。对于任何人困难或不良的遭遇，都会产生同情心。</item>
      <item>你聪明持重，有丈夫志气，性情宽厚，言语诚实不虚伪，思虑周密，乐于助人，为人慷慨，有同情心。
你办事能力强，谨慎认真的做事态度，能得机关团体内主管的赏识，将你视为得力的助手，因此能升迁职务，一展长才。
你态度大方，举动稳重，有正义感。路见不平，能拔刀相助。
你外交能力强，有服务心，亲和力高。
你缺乏主见，凡事大都是交代遵办较多。突破开创性较缺乏。
你信仰宗教，喜修行，感情容易冲动。对于任何人困难或不良的遭遇，都会产生同情心。</item>
      <item>你的兄弟姊妹不多，但感情会不错，互相关照。兄弟姊妹值得信赖，能为你提供帮助，互相提携。</item>
      <item>与你恋爱或结婚的对象可能是你认识已久的人，相遇后开始恋爱，最终迈入教堂。婚姻生活可能比较单调，缺少激情，需要想想办法去增加生活情趣。
男性的你会拥有聪明贤淑、持家有方、容貌美丽的妻子，能将家中事务打理得干干净净，井然有序，管教孩子有方，让你免受家庭烦恼。
女性的你会有一位宽宏大量、好脾气的伴侣，对你疼爱有加，兼顾事业的同时，愿意帮你分担家事及照顾小孩的责任。</item>
      <item>你的子女为人敦厚持重，诚实坦白，做事实事求是。诚恳、随和、公平正直，但也容易吃亏。有较强的执行力，但是主见可能并不足，需要好好培养自己的见解。</item>
      <item>你一生意见的疾病以膀胱、泌尿系统疾病为主。</item>
      <item>你可以出外发展，但不适合常迁移变动，当需变迁时也会再三考虑评估。出外有人缘，能得到贵人帮助。</item>
      <item>你的朋友多是和自身年龄段相同的人，朋友态度和善，相处和谐。工作上手下员工能力素质平凡，不会太出色。</item>
      <item>你在事业方面可以选择位于幕后的策划工作，不轻易变换职业，忠诚度高，深得上司或下属的喜爱。</item>
      <item>你有能力去购置物业，但在购置房地产时，应注意产权转移、权利瑕疵等事情。</item>
      <item>你的父母善于沟通协调，作风开明，亲子间互动良好，关系融洽。</item>
    </gong>
  </xingdi>
  <xingdi id="11" name="天梁">
    <gong>
      <item>你面容清秀，行事大方，有长者作风，看起来比较成熟。
你喜欢帮助别人，特别对晚辈更能给与照顾和关心。
你性情耿直，态度稳重，有分析能力，通情达理，对事情往往能看得较深远，能随机应变。
你的一生虽有灾祸，但都能够化解。
你有领导能力，带人能带心，是团体内不错的的领袖人选。</item>
      <item>你面容清秀，行事大方，有长者作风，看起来比较成熟。
你喜欢帮助别人，特别对晚辈更能给与照顾和关心。
你性情耿直，态度稳重，有分析能力，通情达理，对事情往往能看得较深远，能随机应变。
你的一生虽有灾祸，但都能够化解。
你有领导能力，带人能带心，是团体内不错的的领袖人选。</item>
      <item>你的兄弟姊妹很温和，不与人计较，感情和睦，能互相倾诉心声，互相扶持。</item>
      <item>夫妻年龄最好有一定差距，相差三岁以上较为合适。
男性的你会有一位善于处理家庭事务、个性坚强、有忍耐力的妻子，她能力强，能够为家庭提供经济支持。
女性的你会有一位性情沉着稳重的丈夫，在事业上有领导能力，对于家庭颇有责任感，能尽到关怀照顾的责任。</item>
      <item>你的子女光明磊落，果断而有谋略，个性独立，有老大作风，能够自己处理事物。有领导欲望，多会受到敬重。</item>
      <item>你一生的疾病以脾胃病为主，也有肝、肺、内分泌疾患。</item>
      <item>你出外会得到贵人扶持，年长的贵人对你帮助较大。</item>
      <item>你与比自己年龄大的人较有缘分，或者受到长辈照顾扶持。自己会也善待朋友、照顾他人。你工作上也是担任一个乐于照顾部下的可靠长辈的角色。</item>
      <item>你有不错的官运，同时也具备服务精神和敬业精神，善于守成，不善于创业。你可在祖业的基础上扩大发展，适合从事文职，来可发挥你脱俗清高的特性。</item>
      <item>你有祖业遗产可以继承，能得到家中在经济上的资助。</item>
      <item>你的父母慈祥，对子女照顾有加，也能给你提供助力。父母长寿，有子孙福气。</item>
    </gong>
  </xingdi>
  <xingdi id="12" name="七杀">
    <gong>
      <item>你的事业心比较重，有计谋，善于策划。处事时表现得很果断，实际上内心中已经分析过利弊。
你有很强的独立性，不喜欢受到他人管束。
你敢冲、敢冒险、敢面对危难，对因难有勇气将它们一一克服。不过，困难解决，便会失去兴趣守成。
你的外在作风虽看似粗犷，内心却实则有很多思虑盘算。因此你行事有威严，是个可以独当一面的人物。
你喜怒哀乐形于色，内心的喜怒哀乐会不掩饰的表露出来，脾气总是来的快去的也快，情绪化过后总会回复平常心，情绪变化能力令人惊讶。</item>
      <item>你的事业心比较重，有计谋，善于策划。处事时表现得很果断，实际上内心中已经分析过利弊。
你有很强的独立性，不喜欢受到他人管束。
你敢冲、敢冒险、敢面对危难，对因难有勇气将它们一一克服。不过，困难解决，便会失去兴趣守成。
你的外在作风虽看似粗犷，内心却实则有很多思虑盘算。因此你行事有威严，是个可以独当一面的人物。
你喜怒哀乐形于色，内心的喜怒哀乐会不掩饰的表露出来，脾气总是来的快去的也快，情绪化过后总会回复平常心，情绪变化能力令人惊讶。</item>
      <item>你的兄弟姊妹少，一起游玩聚餐的机会较少，不常在一起。兄弟姊妹对你的帮助较少，感情较淡，但遇到困难时，还是能伸出援手，与你一同度过难关。
你的兄弟姊妹胆大，但是体弱多病、急躁孤僻。</item>
      <item>你在谈恋爱时会较为冲动，容易陷入一时激情而没有长远的计划，可能会闪婚。但是婚后感情会慢慢变淡，需要花心思去经营。
男性的你会拥有一位个性独立、刚强的妻子，有自己的事业，不会对你过分依赖。妻子主观意识强，很多事情都是自己做决定，不考虑丈夫的意见，因此生活上的的争端难免。
女性的你会拥有一位性急、做事积极而有企图心的丈夫。在事业上有可能大起，也可能大落。丈夫对妻子说话直接，不善于婉转表达，容易造成误解，引起一些口角、摩擦。</item>
      <item>你的子女责任感强，好胜，有个性和个人魅力，有冒险精神，不畏艰难险阻。好动，刚强，不喜欢被拘束。怀孕时注意小产、流产，要定期做产检确保孩子健康。</item>
      <item>你一生易患的疾病以呼吸系统疾病为主。</item>
      <item>你出外活动力强，有地位，做事有冲劲，有威严，能使人敬畏，不喜欢呆在家，也不喜欢被约束。</item>
      <item>你可能会有点交友不慎，朋友个性冲动、固执，常让你卷入无谓的纠纷中，可能会被朋友所拖累、陷害、或遭遇小人妒忌。
工作上会有较难管教的下属，配合度较差，为自己增添麻烦。</item>
      <item>你具有强烈的事业心，会想办法克服种种困难，对竞争越激烈、越困难的工作越感兴趣，应注意成败起伏。
你在军警两界容易获取成就，而在工厂实业，掌握多数职工较为顺利。</item>
      <item>你的祖产所有权变动性大，而你对于不动产的拥有欲望强烈，可能会用不正当的手段去争取。自身也有能力购买田宅。</item>
      <item>你的父母中有人脾气暴躁，个性固执，对自己管教严厉。你和父母关系不融洽。</item>
    </gong>
  </xingdi>
  <xingdi id="13" name="破军">
    <gong>
      <item>你性格刚烈，有见地。坚强勇敢，遇困难多不逃避。做事能忠于职务，完成分内的工作。
你个性冲动急躁，恩怨分明，不轻易满足和妥协于现实。以牙还牙，以眼还眼的作风，有时会惹来外界的阻力，增加成功的困难度。
你习惯于冒险、变化、波动，因此具有可以在外地开创事业的特质。
你有创意，富有开创精神，不倾向于与人合伙，喜欢独立奋战，行动有魄力。在紧要关头，往往能咬牙，撑过关键决定的时期。开拓性强，适合做事业上的开路先锋。
你不重视金钱，喜欢花费于新奇事物，有财来财去的现象。对事物较易喜新厌旧，支出消耗较大。</item>
      <item>你性格刚烈，有见地。坚强勇敢，遇困难多不逃避。做事能忠于职务，完成分内的工作。
你个性冲动急躁，恩怨分明，不轻易满足和妥协于现实。以牙还牙，以眼还眼的作风，有时会惹来外界的阻力，增加成功的困难度。
你习惯于冒险、变化、波动，因此具有可以在外地开创事业的特质。
你有创意，富有开创精神，不倾向于与人合伙，喜欢独立奋战，行动有魄力。在紧要关头，往往能咬牙，撑过关键决定的时期。开拓性强，适合做事业上的开路先锋。
你不重视金钱，喜欢花费于新奇事物，有财来财去的现象。对事物较易喜新厌旧，支出消耗较大。</item>
      <item>你的兄弟姊妹可能会不合，不常在一起，各自经营自己的事业，缺少沟通和交流。
兄弟姊妹各怀己见，难以为你提供助力。你自己在兄弟姊妹中不是最大的，不利于兄姐。兄弟姊妹脾气较为暴躁，怪僻多变。</item>
      <item>你的爱情婚姻观念较为前卫，可以接受婚前同居或单身主义这种新潮的观念。恋爱过程变化多端，颇富戏剧性，当然波折也是不少的。早婚夫妻会不和，宜迟婚。若在结婚前遭遇他人破坏中伤，多困难波折，反而会能使婚姻生活美满，能白头偕老。
你的伴侣自我观念强，不喜欢受传统观念束缚，可能家庭责任感不强，较多的时间和心思会花在自己的事务上，这点在婚后的生活容易产生矛盾，需要好好沟通调解。</item>
      <item>你的子女好动，性格刚毅，任性独断，不愿受人管束，争强好胜。小时候能管教，破坏力强，家中的玩具用品免不了受遭殃。孩子容易受到伤害，怀孕时需要特别注意安全，会有堕胎、流产等风险。</item>
      <item>你一生易患的疾病以肾、泌尿生殖和消耗性疾病为主。</item>
      <item>你出外奔波忙碌，工作常有变动，以技巧艺术或专门特长为人敬服，从中可获得好成绩。</item>
      <item>你可能会因为朋友而破财，或因手下出卖陷害而致事业钱财遭遇破败。
工作上会有下属同事常违反公司规定，需要出面去约束他们。</item>
      <item>你适合担任武职，容易获得成就，不宜从事投机冒险性的工作，容易破财。倘若经商，也应谨慎小心，避免与人发生财务纠纷。事业工作可能会是一波三折，风浪迭起。可自己习得一技之长，创办小型企业，或选择较具严肃的行业。</item>
      <item>你在产业上会较为多波折，所拥有的不动产变化大。不应该过分期望继承祖上产业，需要努力去打拼获取。</item>
      <item>你与父母之间感情欠佳，会发生意见不合，容易有争执。</item>
    </gong>
  </xingdi>
  <xingdi id="14" name="禄存">
    <gong>
      <item>有赚钱的机会和能力，也可以积累财富。</item>
      <item>有赚钱的机会和能力，也可以积累财富。</item>
      <item>兄弟姊妹具有不错的财运，有助于提升社会身份地位或事业财富。 </item>
      <item>伴侣会给你资金上的援助或者为你带来赚钱的机会。</item>
      <item>子女人数不多，懂事，有经济观念，不会过分铺张浪费。</item>
      <item>身体弱的部位在脾肾，容易患脾胃病。</item>
      <item>出外发展较为顺利，有财运，赚钱能有积存，衣食无忧。</item>
      <item>心肠好，有人缘，能帮助别人，自己遇到困难也能得到朋友相助。</item>
      <item>有一定钱财积存能力，或者拥有一定的财富，资金方面不会有太大的麻烦。</item>
      <item>你为人勤俭，祖上有家业可以给你继承，祖上有一定财富，能继承并发展，为你提供助力。</item>
      <item>父母有一定的金钱积储，能得到父母在金钱上的支持。</item>
    </gong>
  </xingdi>
  <xingdi id="15" name="天马">
    <gong>
      <item>可能会容易有变动，比如搬家、旅行、换工作。</item>
      <item>可能会容易有变动，比如搬家、旅行、换工作。</item>
      <item>兄弟姊妹喜欢外出活动，放假或空闲时间会出外游玩，不太喜欢静静在家中呆着。</item>
      <item>伴侣有自己的事业，能力也不错，能为家庭提供贡献。</item>
      <item>子女机灵好动，在家会有点坐不住，喜欢往外跑。</item>
      <item>容易得流行病，要特别注意防范。</item>
      <item>出外常会奔波忙碌，赚钱辛苦，需要注意交通安全，防止意外发生。</item>
      <item>容易因为与朋友沟通过少而疏远。如果担任主管职位，应防止下属进行虚忙而无效率的工作，否则有手下流动率高的情况发生。</item>
      <item>可能为了事业而奔波忙碌，遇到升迁的机会可能会连跳几级，但要注意身体状况，切勿过度操劳。</item>
      <item>开店做生意容易成功，同时也适合担任不动产中介。自己所拥有的不动产更迭频率也可能较高。</item>
      <item>父母会有事业上的奔波忙碌，对子女管教不太严格。</item>
    </gong>
  </xingdi>
  <xingdi id="16" name="文曲">
    <gong>
      <item>有优异的文艺天分，学习能力强，能够在学术上取得好成绩。感情丰富，有异性缘。</item>
      <item>有优异的文艺天分，学习能力强，能够在学术上取得好成绩。感情丰富，有异性缘。</item>
      <item>兄弟姊妹可能对艺术、音乐或文学会比较感兴趣，擅长这些方面。彼此相处融洽。</item>
      <item>伴侣感情稳固，懂风雅，生活有情调。
注重感觉、气氛与气质。浪漫风韵的心，是推动爱情前进的催化剂。</item>
      <item>子女对艺术、文学有兴趣，很有这方面的才华，建议从小培养子女文艺方面的能力。同时子女乖巧有礼貌，亲子间的感情好。</item>
      <item>心情不稳，容易失眠，不注意的话脸上会有雀斑黑痣。</item>
      <item>自己有文学才能，可以从团队中结交好友，获得帮助。</item>
      <item>能结识有才能的朋友。下属同事有学识和能力，能为你分担烦恼。</item>
      <item>有文采，对于学术类的东西能够发挥出自身的能力水平，如果从事学术研究、出版、传播、教师、广告等工作，则可成为出色的人才。</item>
      <item>有机会继承祖业，或者能购买属于自己的田宅物业，但是要到中晚年才会有这样的机会。</item>
      <item>父母有学识，或者懂得社会中处事的方法，疼爱子女。</item>
    </gong>
  </xingdi>
  <xingdi id="17" name="文昌">
    <gong>
      <item>有优异的文艺天分，学习能力强，能够在学术上取得好成绩。感情丰富，有异性缘。</item>
      <item>有优异的文艺天分，学习能力强，能够在学术上取得好成绩。感情丰富，有异性缘。</item>
      <item>兄弟姊妹可能对艺术、音乐或文学会比较感兴趣，擅长这些方面。彼此相处融洽。</item>
      <item>伴侣感情稳固，懂风雅，生活有情调。
在爱情方面有理智，相当懂得情调，让感情如诗如画般优美，对爱情的选择注重着品位、格调与内涵。思绪灵敏的心，是推动爱情前进的催化剂。</item>
      <item>子女对艺术、文学有兴趣，很有这方面的才华，建议从小培养子女文艺方面能力。同时子女乖巧有礼貌，亲子间的感情好。</item>
      <item>身体的弱点在胆，可能出现精神不足的情况，脸上可能会有雀斑黑痣。</item>
      <item>自己有文学才能，可以从团队中结交好友，获得帮助。</item>
      <item>能结识有才能的朋友。下属同事有学识和能力，能为你分担烦恼。</item>
      <item>有文采，对于学术类的东西能够发挥出自身的能力水平，如果从事学术研究、出版、传播、教师、广告等工作，则可成为出色的人才。</item>
      <item>有机会继承祖业，或者能购买属于自己的田宅物业，但是要到中晚年才会有这样的机会。</item>
      <item>父母有学识，或者懂得社会中处事的方法，疼爱子女。</item>
    </gong>
  </xingdi>
  <xingdi id="18" name="左辅">
    <gong>
      <item>能得贵人相助，使得工作、事业进展顺利，能有突出的表现，生活富足。</item>
      <item>能得贵人相助，使得工作、事业进展顺利，能有突出的表现，生活富足。</item>
      <item>兄弟姊妹能互相照顾、帮忙，遇到问题可以一起商讨解决。</item>
      <item>在爱情方面善于沟通，对感情比较稳重、成熟，也懂得浪漫的情调。</item>
      <item>你对孩子管教有方，孩子很听话，并且对你产生依赖。</item>
      <item>健康运得到加强，会减少病痛困扰。
可能会患脾胃病。</item>
      <item>出外能遇到贵人，可以得到贵人相助，做事较为顺利。</item>
      <item>能结交有实力的朋友，在事业上也会有能力出众的下属来为你解决工作中的问题。</item>
      <item>在事业上会有贵人相助，可以帮助推动工作顺利执行。</item>
      <item>有祖业可以继承，可以不断发展壮大祖业，或者得到长辈帮助，获得属于自己的产业。</item>
      <item>父母在你的成长过程中起到重要贵人的作用。</item>
    </gong>
  </xingdi>
  <xingdi id="19" name="右弼">
    <gong>
      <item>能得贵人相助，使得工作、事业进展顺利，能有突出的表现，生活富足。</item>
      <item>能得贵人相助，使得工作、事业进展顺利，能有突出的表现，生活富足。</item>
      <item>兄弟姊妹能互相照顾、帮忙，遇到问题可以一起商讨解决。</item>
      <item>你柔情似水、风韵翩翩，所以对感情会比较浪漫，将一切的情爱韵味，充分表现于有无形中，让对方感受于心中，也将对方的心灵感受回流于自己心中。</item>
      <item>你对孩子管教有方，孩子很听话，并且对你产生依赖。</item>
      <item>健康运得到加强，会减少病痛困扰。
可能会有精神欠缺、性急心燥的症状。</item>
      <item>出外能遇到贵人，可以得到贵人相助，做事较为顺利。</item>
      <item>能结交有实力的朋友，在事业上也会有能力出众的下属来为你解决工作中的问题。</item>
      <item>在事业上会有贵人相助，可以帮助推动工作顺利执行。</item>
      <item>有祖业可以继承，可以不断发展壮大祖业，或者得到长辈帮助，获得属于自己的产业。</item>
      <item>父母在你的成长过程中起到重要贵人的作用。</item>
    </gong>
  </xingdi>
  <xingdi id="20" name="天魁">
    <gong>
      <item>能获得贵人的赏识提拔，一生中有很多赚钱的机会，好好把握将会赚得不少的财富。</item>
      <item>能获得贵人的赏识提拔，一生中有很多赚钱的机会，好好把握将会赚得不少的财富。</item>
      <item>兄弟姊妹中可能有人拥有不错的社会地位，或者能结交有地位的人，能与你互相帮助。</item>
      <item>伴侣很有魅力，外貌端庄，内心正直，有气质、有修养。在爱情方面很有理智，相当重视内心的感受，懂得关怀、体贴与照顾，让人感觉很温暖。相当有品味，选择也很慎重。</item>
      <item>孩子聪明伶俐，学习成绩好，从小就能形成很强的独立性，懂得打理自己的一切，自己的事情能自己完成。</item>
      <item>病情会向好的方面发展，或会遇到好的医生，很快把病治好。</item>
      <item>出外发展较为有利，会有好的机遇，并得贵人相助。</item>
      <item>能结识讲义气、正直的朋友或下属，遇到困难时能得到他们帮助。</item>
      <item>事业上能得到提携的机会，如果自行创业也能遇到不错的机会。</item>
      <item>可能会有楼房可以继承，也能不断发展祖业。长辈对于自己的发展会有帮助。</item>
      <item>父母有不错的身份地位或人脉关系，可以为自己的发展提供帮助。</item>
    </gong>
  </xingdi>
  <xingdi id="21" name="天钺">
    <gong>
      <item>能获得贵人的赏识提拔，一生中有很多赚钱的机会，好好把握将会赚得不少的财富。</item>
      <item>能获得贵人的赏识提拔，一生中有很多赚钱的机会，好好把握将会赚得不少的财富。</item>
      <item>兄弟姊妹中可能有人拥有不错的社会地位，或者能结交有地位的人，能与你互相帮助。</item>
      <item>伴侣很有魅力，外貌端庄，内心正直，有气质、有修养。在爱情方面很有理智，相当重视内心的感受，懂得关怀、体贴与照顾，让人感觉很温暖。相当有品味，选择也很慎重。</item>
      <item>孩子聪明伶俐，学习成绩好，从小就能形成很强的独立性，懂得打理自己的一切，自己的事情能自己完成。</item>
      <item>病情会向好的方面发展，或会遇到好的医生，很快把病治好。</item>
      <item>出外发展较为有利，会有好的机遇，并得贵人相助。</item>
      <item>能结识讲义气、正直的朋友或下属，遇到困难时能得到他们帮助。</item>
      <item>事业上能得到提携的机会，如果自行创业也能遇到不错的机会。</item>
      <item>可能会有楼房可以继承，也能不断发展祖业。长辈对于自己的发展会有帮助。</item>
      <item>父母有不错的身份地位或人脉关系，可以为自己的发展提供帮助。</item>
    </gong>
  </xingdi>
  <xingdi id="22" name="擎羊">
    <gong>
      <item>会有一些麻烦出现在你的生活中，工作上会遇到阻力，生活并不会很顺利，还需要注意意外伤害。</item>
      <item>会有一些麻烦出现在你的生活中，工作上会遇到阻力，生活并不会很顺利，还需要注意意外伤害。</item>
      <item>兄弟姊妹人数较少，可能不大容易相处，沟通不太顺畅。</item>
      <item>在爱情方面具有杀伤力，夫妻感情不太稳定，时好时坏，出现矛盾时要静心解决。</item>
      <item>子女个性比较孤僻或者比较急躁，有时不太好沟通。
怀孕时需要注意安全。</item>
      <item>你易患大肠和头部的疾病，一生会患一次大病或四肢受伤，需要格外注意。</item>
      <item>在外可能会与人发生冲突，需要约束自己的情绪，避免不必要的麻烦。</item>
      <item>朋友间容易发生争执，下属同事无法心悦臣服的接受你的领导，可能会拖延工作进度。</item>
      <item>事业上会遇到外来的阻力，一些人为的因素会阻碍事业的发展。但若在军警界工作，反能增加个人威望。</item>
      <item>继承祖业可能会遇到一些困难，可能会遇到资金问题，需要格外注意。</item>
      <item>与父母的沟通可能不顺畅，甚至有时会吵架。</item>
    </gong>
  </xingdi>
  <xingdi id="23" name="陀罗">
    <gong>
      <item>会有一些麻烦出现在你的生活中，工作上会遇到阻力，生活并不会很顺利，还需要注意意外伤害。</item>
      <item>会有一些麻烦出现在你的生活中，工作上会遇到阻力，生活并不会很顺利，还需要注意意外伤害。</item>
      <item>兄弟姊妹人数较少，可能不大容易相处，沟通不太顺畅。</item>
      <item>在爱情方面缺乏理智思考，不知道自己应该追求什么样的情爱。情爱很难专一，可能会朝三暮四。夫妻感情不太稳定，时好时坏，出现矛盾时要静心解决。</item>
      <item>子女个性比较孤僻或者比较急躁，有时不太好沟通。
怀孕时需要注意安全。</item>
      <item>你易患肺病，也比较容易患慢性病。</item>
      <item>在外可能会与人发生冲突，需要约束自己的情绪，避免不必要的麻烦。</item>
      <item>朋友间容易发生争执，下属同事无法心悦臣服的接受你的领导，可能会拖延工作进度。</item>
      <item>事业上会遇到外来的阻力，一些人为的因素会阻碍事业的发展。但若在军警界工作，反能增加个人威望。</item>
      <item>继承祖业可能会遇到一些困难，可能会遇到资金问题，需要格外注意。</item>
      <item>与父母的沟通可能不顺畅，甚至有时会吵架。</item>
    </gong>
  </xingdi>
  <xingdi id="24" name="火星">
    <gong>
      <item>一生中波折会比较多，需要加强解决麻烦的能力。</item>
      <item>一生中波折会比较多，需要加强解决麻烦的能力。</item>
      <item>兄弟姊妹不和睦，容易有争执，影响彼此感情。</item>
      <item>在爱情方面有些冲动暴躁，如同熊熊的烈火一般，很容易激起爱的火花，但是持续的时间也比较短。婚姻生活中容易产生冲突，需要控制自己的情绪。</item>
      <item>孩子较为容易受伤害，要注意子女小时候的安全。</item>
      <item>容易发热，有青春痘，也可能有眼睛的疾病。</item>
      <item>出门在外心情容易不安，可能会遇到突发事故，容易受外伤。</item>
      <item>容易结交损友，连累自己。朋友、同事对你依赖过强，遇到问题时不会自己努力解决，而是总会向你寻求帮助，而你自己遇到困难时则得不到帮助。</item>
      <item>事业上会出现突发的阻力，需要增强自身的应变能力。但如果在军警界服务，反能增加个人威望。</item>
      <item>有机会继承祖业，不过不太稳定，有可能会变卖掉。</item>
      <item>家庭问题较多，和父母互相不理解，相处不太融洽。</item>
    </gong>
  </xingdi>
  <xingdi id="25" name="铃星">
    <gong>
      <item>一生中波折会比较多，需要加强解决麻烦的能力。</item>
      <item>一生中波折会比较多，需要加强解决麻烦的能力。</item>
      <item>兄弟姊妹不和睦，容易有争执，影响彼此感情。</item>
      <item>在爱情方面有些冲动暴躁，如同熊熊的烈火一般，很容易激起爱的火花，但是持续的时间也比较短。婚姻生活中容易产生冲突，需要控制自己的情绪。</item>
      <item>孩子较为容易受伤害，要注意子女小时候的安全。</item>
      <item>火气旺盛，容易会有虚火症。</item>
      <item>出门在外心情容易不安，可能会遇到突发事故，容易受外伤。</item>
      <item>容易结交损友，连累自己。朋友、同事对你依赖过强，遇到问题时不会自己努力解决，而是总会向你寻求帮助，而你自己遇到困难时则得不到帮助。</item>
      <item>事业上会出现突发的阻力，需要增强自身的应变能力。但如果在军警界服务，反能增加个人威望。</item>
      <item>有机会继承祖业，不过不太稳定，有可能会变卖掉。</item>
      <item>家庭问题较多，和父母互相不理解，相处不太融洽。</item>
    </gong>
  </xingdi>
  <xingdi id="26" name="地空">
    <gong>
      <item>钱财不太容易聚集。情绪较不稳定，容易情绪化，有时会感觉空虚寂寞。</item>
      <item>钱财不太容易聚集。情绪较不稳定，容易情绪化，有时会感觉空虚寂寞。</item>
      <item>兄弟姊妹平常很少一起游玩，很少为你提供支持，反而你却可能为帮助兄弟而蒙受损失。</item>
      <item>伴侣身体较差，容易患病，需要好好保养身体。感情上可能会遇到“吃白果”的情况，好不容易培养的感情可能会直接消失，不能挽回。
你在爱情方面容易我行我素，容易爱上对方，但是对感情的持续力不够，纵使没有其他人介入破坏，也会因为时间的推移对婚姻感情趋于冷淡，而与伴侣聚少离多，渐行渐远。</item>
      <item>可能和子女缘分较薄，关系不和睦，或者聚少离多，年老得不到子女的供养帮助。</item>
      <item>容易失眠、腰痛。</item>
      <item>在外地发展容易受挫折，被他人连累。需要防止被小人算计、嫁祸。</item>
      <item>过于有责任感和自信，会将责任揽在自己身上。可能会有朋友或下属同事算计你，想从你身上获得好处。</item>
      <item>投资、投机事业容易出现变故，在投资之前应审慎评估，避免不当投资引起的损失。也不宜作投机性炒作，有可能吃亏。</item>
      <item>可以继承的祖业不多，产业可能不利于登记在自己名下。</item>
      <item>与父母缘分浅薄，聚少离多。与父母关系不合，矛盾多。</item>
    </gong>
  </xingdi>
  <xingdi id="27" name="地劫">
    <gong>
      <item>钱财不太容易聚集。情绪较不稳定，容易情绪化，有时会感觉空虚寂寞。</item>
      <item>钱财不太容易聚集。情绪较不稳定，容易情绪化，有时会感觉空虚寂寞。</item>
      <item>兄弟姊妹平常很少一起游玩，很少为你提供支持，反而你却可能为帮助兄弟而蒙受损失。</item>
      <item>伴侣身体较差，容易患病，需要好好保养身体。感情上可能会遇到“吃白果”的情况，好不容易培养的感情可能会直接消失，不能挽回。
在情爱方面喜欢新鲜的事物，追求刺激，感情多波折。婚姻关系中，夫妻彼此常会理念不同、意见不合，对于金钱价值观也有很大的出入，常会为金钱起冲突，感情也因此愈吵愈薄。</item>
      <item>可能和子女缘分较薄，关系不和睦，或者聚少离多，年老得不到子女的供养帮助。</item>
      <item>容易患消化系统疾病。</item>
      <item>在外地发展容易受挫折，被他人连累。需要防止被小人算计、嫁祸。</item>
      <item>过于有责任感和自信，会将责任揽在自己身上。可能会有朋友或下属同事算计你，想从你身上获得好处。</item>
      <item>投资、投机事业容易出现变故，在投资之前应审慎评估，避免不当投资引起的损失。也不宜作投机性炒作，有可能吃亏。</item>
      <item>可以继承的祖业不多，产业可能不利于登记在自己名下。</item>
      <item>与父母缘分浅薄，聚少离多。与父母关系不合，矛盾多。</item>
    </gong>
  </xingdi>
</root>