<?xml version="1.0" encoding="UTF-8"?>
<root><laoshi><xingdi id="0" name="紫微星"><jianyi>    您在情爱上的缺失，就是姿态会过高；将心灵精神面的情爱，用创业或掌理事业的那一套方式来面对与处理；过于认为情爱可以用物质、权力、地位的力量，来摆平或者换取，忽视情爱在心灵精神上的感受，是您情爱上，最易挫败的地方。</jianyi></xingdi><xingdi id="1" name="天机星"><jianyi>    您虽然重视心灵的契合与精神的融合，强调于真爱的传达与感受，却是应该多少顾及于现实上的物质力量。虽然，执着于心灵精神力，而不以物质力量作为情爱的传动，但也须以物质力量来作为心灵精神的后备补给力量，免得真爱受现实物质生活的牵就，导致情爱的美中不足。</jianyi></xingdi><xingdi id="2" name="太阳星"><jianyi>    您虽然有领导情爱的大男人（或大女人）心态，但多发自于内心的爱护，无论对方的心态如何，就是“我关心你，照顾你，爱护你，保护你，是对你好的”就对了。有时候对方心中在想些什么，或者是在暗示什么，自己则很难能意会得到，这是您在情爱上的最大缺失。</jianyi></xingdi><xingdi id="3" name="武曲星"><jianyi>    您教缺乏的情爱面，是没有柔美感，柔顺心，会因合则来不合则去的性格，常使情爱的过程多波折，或者有决裂的现象，而落得一身孤独。
    您对情爱的面对和处理方式，如果不要过于刚强，又加点柔美感、柔顺心，更将情爱用浪漫的色彩或感觉把它表达出来，情爱就会相当得顺利完美。</jianyi></xingdi><xingdi id="4" name="天同星"><jianyi>    您虽然是属于被关爱，坐享其乐的类型，但也是一个易受情爱伤害的人，禁不起情爱的挫折、煎熬或凌虐。所以您在情爱的面对上，应学有坚强的韧性，才不会连小小的情爱挫折都禁受不起。
    同时，更应充实自己的内涵与文墨，以此作为情爱上的有利条件，方能吸引打动他人来关哎自己；否则在平白无故之下，有谁肯愿意无所谓的来关爱自己。
    您对情爱的面对和处理方式，若在能“得”与“施”尽量取得平衡点，不要一味的只顾及自己被爱的享受上，同时多给对方一样的关爱的话，将可使男女情爱维系长久，相互关心体贴到老。</jianyi></xingdi><xingdi id="5" name="廉贞星"><jianyi>    您虽有刚艳外形的魅力，与擅于公关交际的手腕与口才，一时深深地吸引着对方，令人一见钟情。更有擅于调情的本能，激发对方爱的火花，挑起情爱的刺激感而让人倾心。但是您对情爱的占有欲和情绪化，会因过度强烈，令对方拥有情爱而失去自由；觉得爱得辛苦，爱得没有空间，爱得缺乏氧气，最后易成不欢而散，或者为此原因争执不休。</jianyi></xingdi><xingdi id="6" name="天府星"><jianyi>    您犹如长着一般，较缺乏情爱浪漫的一面，是富有关怀，爱护，体贴的心态与行为，但就不善于调情，是情爱上的美中不足之处。</jianyi></xingdi><xingdi id="7" name="太阴星"><jianyi>    您的心思和观察较为细腻，同时也太重于感受，所以较会挑剔，嫌这里不好、那里不对，成为情爱上选择与前进的阻力。</jianyi></xingdi><xingdi id="8" name="贪狼星"><jianyi>    您对情爱较不定性，喜欢新鲜、刺激感，长让情爱一段一段的走过。在不懂得拥有的珍惜，和太过于追求不易追求的对象，而忽略了自己到底在追求什么，自己真正需要的是什么。
    所以，您在情爱的面对上，是应该务实一点，多想点自己应该追求着什么，不应该过于虚浮。勿轻放身边所真实拥有的一切情爱，而去追逐遥不可及或缥缈的对象。</jianyi></xingdi><xingdi id="9" name="巨门星"><jianyi>    您对情爱的面对和处理方式，如能想法与行动一致，具有坚定的耐心，降低对他人的疑虑、猜忌，不令人有一种捉摸不定感；相信以您锐利的优点，加上口智手腕的技巧，必能得取到适当理想的对象。最怕的是自己弄糟了，对情爱的面对和处理方式，使感情常常面临着不顺利。</jianyi></xingdi><xingdi id="10" name="天相星"><jianyi>    您具有任劳任怨，逆来顺受，尽忠尽责的特色，可以说什么都好。但就是太爱面子，往往会因面子问题，吃了情爱的亏。</jianyi></xingdi><xingdi id="11" name="天梁星"><jianyi>    您属于稳重具长者风范，有重于照顾、关怀与荫护的人，所以就会令人感觉像长辈一般，是有温暖没错，但总觉得有点老成，而少掉了年轻的帅气、活泼感和情爱浪方面的调情剂。</jianyi></xingdi><xingdi id="12" name="七杀星"><jianyi>    您是应多多学习对情爱的描述与表白，最好是常吸收一些情爱哲学，将感情尽量的用出来，不要强忍地吞在肚子中，浪费情爱青春。同时，也应多用一些时间去思考情爱，将心思放细腻一点，不要太草率、粗躁和刚爆，才不会与情爱无缘。
    记住，您在情爱上的致命伤，是独断专行，刚爆孤僻容易冲动，思考轻率任性，有爱、有情、有义不愿说出口，性格与脑筋都太僵死，动不动就要决裂等等。</jianyi></xingdi><xingdi id="13" name="破军星"><jianyi>    您对情爱而言，是很难定下信赖，提不起又放不下，也欠缺稳重性欲成熟度，相当情绪化，说变就变，所以，在情爱的过程上，是一条颠簸之路。
    您在情爱道路，若要顺利如意的话，是必须从自我的性格来改善，切记，一切对情爱的妨碍，如心性喜恶不定，占有欲强，性格浮躁、冲动、狐疑。</jianyi></xingdi></laoshi></root>