<?xml version="1.0" encoding="UTF-8"?>
<root><xingdi id="5" name="廉贞"><gong><item>你有权威，更具领导能力，可使人服从与支持，作事顺利。\n又你的异性缘非常好，易惹桃花。</item><item>你的兄弟有异性缘，所以你本人也会有暗桃花。</item><item>你的配偶很有异性缘你需多加注意。</item><item>你的子女活泼，有异性缘。\n你的本人暗桃花，对象为年轻者。</item><item>你财运不错，做事、赚钱顺利。财源稳当，自已有权力支配收支。若会桃花星，可能要赚些桃花财，或耗些桃花财，财之进出多少与桃花有点关系。</item><item>你的桃花比较多，二性生活多，建议加以节制。</item><item>你的出外易得异性之助，且异性缘不错。</item><item>你的与朋友应酬，难免酒色、赌博，朋友也多半是狂妄之人。</item><item>廉贞为官禄你的，你的作事顺遂，又你的权责。\n化禄你的桃花，若身宫在官禄，桃花更烈，多得异性之助。</item><item>你的家中平安，财富不错，略带桃花，对象比会比你年纪大。\n你的家庭富裕，要有的家电设备都有，讲究室内摆设、装潢。</item><item>你的比较注重精神享受、同时也会有桃花的机会。</item><item>你和父母关系不错，男命与母亲感情深;女命与父亲感情深。</item></gong></xingdi><xingdi id="1" name="天机"><gong><item>你聪明、智慧、思想敏捷、联想力丰富。热爱宗教、阴阳学、哲学。</item><item>你的兄弟聪明有学识，且热心宗教、哲学、阴阳学。仅指兄弟而言，姐妹不包括在内。</item><item>你的异性缘佳，多为因工作关系常结识异性，并且常常能帮助到你。</item><item>你的男孩好动活泼、聪明机灵。</item><item>天机是动星、智慧星，不是财星；化禄时，钱财流动性大，遇吉则大进大出，遇凶则为过手过眼之财。味道上，钱财流动大，一进智慧之星就动脑筋让它出去，用在各方面。天机之财，不会有闲置之现金。</item><item>你很聪明，作事考虑周密圆融。</item><item>你的远行、迁居，到远处打天下之情事。</item><item>你的与朋友凭机缘认识，而彼此厚爱，大多为年龄相仿之男性。</item><item>你善于赚取智慧财，凭智慧创业。若与凶星煞星俱，恐会华而不实。</item><item>你的越变动田宅越好，一次比一次好，有计划性变迁。</item><item>你的喜欢计划性的生活，喜好宗教、哲学、玄佛学、阴阳学等学问。</item><item>你和父母的关系不错，你很聪明、脑筋灵活。</item></gong></xingdi><xingdi id="4" name="天同"><gong><item>你的运气不错常常能化解为难，但生性散漫，爱好享乐！</item><item>你的兄弟感情很好，常常能相互帮助。</item><item>你的配偶对你的事业帮助很大，常常能帮你化解为危难。</item><item>你的孩子，是个胖娃娃、福星型。本人在外多享福。</item><item>你虽有钱可享，但为人比较散漫，懒于赚钱。</item><item>你身材比较胖有福气，小病很快就会好。</item><item>你的在外有享受，为人乐观，但不太进取。</item><item>你的与朋友交，玩乐享福而已。</item><item>你的本人无啥作为，只靠福运，很少能开创的，慵懒之故。</item><item>你的有华丽之住宅，且喜将之布置得美观、舒适，而且喜欢赖在家中，享受舒适之家居生活。</item><item>由于天同化禄入福德最吉，可逢凶化吉，有解厄之功，你的寿又你的有福可享。</item><item>你会等到不少你父母照顾。</item></gong></xingdi><xingdi id="7" name="太阴"><gong><item>你的理财能力不错，即使收入不高但常常也能存到钱！</item><item>你的与姐妹感情很深，连系多，常常能相互帮助。</item><item>男命主太太贤惠能干，能主持事业。女命旺夫，结婚后方能助老公发展他的事业。</item><item>你的子女聪明，男孩日后异性缘佳。\n太阴旺守，你的本人不动产多</item><item>你的财库，财自远方来，财经异性之助而得。\n男命你的多得女性之助赚钱，女命你的有老板格，有实权。</item><item>你的心地光明，太阴失辉则心有苦闷，又常自已找解释，解开心结。</item><item>你的喜欢旅游，接近大自然，因太阴为田宅你的，你喜欢以外面为田宅。</item><item>你的与朋友享受，关注朋友。男命又你的桃花，女人缘、风流，并得女人之助。</item><item>男命你的太太贤惠，可为女老板。也有一种可能，有另一太太操掌事业，因夫妻你的内妻，官禄你的外妻。\n女命你的本人有老板之格，且掌实权。太阴旺守，事业顺遂；失辉，多半是大器晚成。</item><item>太阴是田宅你的，会有许有不动产，尤以太阴旺守宫位或太阳同宫，更你的家产难以计数。家里弄得干干净净的。可以经营不动产，会赚很多钱。</item><item>太阴化禄在福德照财帛，能积累一定的财富。\n女命有老板格，但无实权。</item><item>你的和你母亲关系很好，感情深重。</item></gong></xingdi><xingdi id="8" name="贪狼"><gong><item>你很聪明，对事物追求的欲望也比较大。财运方面，获得投机性质的钱财机会比较大。</item><item>你有获得偏财的计划，常与兄弟朋友交际应酬，饮酒作乐。</item><item>你的和配偶都很异性缘，需多注意预防外遇发生。</item><item>你的欲望很强，容易招惹桃花。\n你的子女聪明，求知欲高</item><item>你的财，能如愿赚钱。钱过程中，免不了请客应酬，吃花酒，带桃花性质。\n所赚之财多为偏财运，略带投机性。如商人间之赌博情事亦属之。</item><item>你身体挺好，但本人欲望较大，常会因2性问题而烦恼。</item><item>你的聪明，出外受欢迎，常有酒食，桃花难免。</item><item>你的慷慨好客，常请客。同时你也喜欢享受、结交异性。</item><item>你的财源，略带投机性、娱乐性。工作场合中，多得异性之助。</item><item>居住地方多有桃花。</item><item>你的对事物追求的欲望强烈特别对感情方面，占用欲特别强！</item><item>你的父母有长寿者。</item></gong></xingdi><xingdi id="3" name="武曲"><gong><item>你为人个性刚强，且善于赚钱。赚钱多靠自己打拼，且能取得成功</item><item>你的兄弟个性很性强，脾气不太好！</item><item>你的配偶个性强，很会赚钱。</item><item>你的子女聪明倔强，来日很会赚钱。\n你的本人在外金钱调度灵活</item><item>武曲为正财星，正坐财帛又化禄，杠上开花加一台，一生不欠钱财，赚钱有一套。</item><item>你的是外柔内刚的人，遇事常常能自行解决。</item><item>你的外出易得财禄。</item><item>你的与朋友交际、应酬、享乐，皆为钱财事。</item><item>武曲化禄入官禄宫你的财，工作顺遂。事业上金钱进出顺遂如意，或从事与金融有关之职务或事业。</item><item>你的居室很好，财守得住，而且你又很会赚钱，不愁没钱。</item><item>你比较会享受生活，虽对金钱不是很看重，但并不缺钱用。</item><item>你的父母缘不错，父母个性较刚，很有生意头脑。</item></gong></xingdi><xingdi id="2" name="太阳"><gong><item>你很有大老板的风范，而且掌有比较大的权力。即使是受雇于人，也常常是管理领导阶层！但如果是女命的话，反而不太适合！</item><item>你的本人虽有老板之命，但无实权，多为投资人或合伙股东。</item><item>男命主太太贤惠能干，能主持事业。女命也能助丈夫事业发展，但权力没有男方大。</item><item>男命你的本人结婚有子以后，方可当老板或与人合伙，但皆无实权。</item><item>你有老板格，且有实权。太阳化禄，谋财理财都有一套，又很会花钱，太阳爱面子之故。</item><item>易患中医的所谓阳明症候，例如身体有病即易头痛、头晕。</item><item>你比较喜远游；如果是一般上班族的话，也是管理或领导阶层。</item><item>你的交际应酬，又你的本人纵为老板亦无实权，或只是合伙事业。</item><item>男命你的有老板格，且拥实权，纵为上班族，亦为有权力之你的管。\n女命你的先生所干，可创业为老板，或为公民营机构你的管。</item><item>可当老板，但无实权，成为合伙生意。\n男命你的先成家后立业，赚钱先买房子。\n若与太阴同宫，会获得不少家产。</item><item>你的心地光明，快乐无忧。\n男命你的有老板格，但无实权。</item><item>你父亲对你管教会比较严，但你受你父亲影响会不小。</item></gong></xingdi><xingdi id="9" name="巨门"><gong><item>你的口才好、口福好，以口为业，说话也能赚钱。</item><item>你的本人交际应酬多，喜欢与兄弟朋友吃吃喝喝，或斗嘴聊天。</item><item>你的异性缘很好，但与另一版关系不太好，经常吵架。双方应多注意体谅。</item><item>你的子女口才好，喜斗嘴。</item><item>你多用嘴巴口才赚钱。如卖空气的播音员，理直气壮论人非我是的律师、法官，和人竞标、比价的掮客、推销员、经纪人、中间人。巨门不你的财，故须以口争竞入财。</item><item>主口福不错，但要注意病从口入</item><item>你的口才、口福好。喜外交、争辨。</item><item>你的口福、食禄之应酬，与朋友谈说愉快。</item><item>你的以口为业，争竞之职、文化传播者是。因工作环境之关系，常有口福。</item><item>你的家中常备酒食与朋友共聚，高谈阔论、谈天说地。</item><item>你的一生有口福。</item><item>你的与父母很有话说，尤以母亲为最。\n又你的本人口才不错，口福亦佳。</item></gong></xingdi><xingdi id="11" name="天梁"><gong><item>你说话善尽，天下没有不懂的事。福气很好，遇事常常能转危为安</item><item>你很会为人处世，也兄弟姐妹关系很好！</item><item>你的配偶常常能帮到你，事业上多长辈帮助。</item><item>你的子女易受长辈们的疼爱。</item><item>天梁你的荫不你的财，化禄乃受长上福荫之财。另一财源是耍老大、吹嘘而招财，一般都是暴发。因这世界上，有一半的人喜欢结识这种人，另一半搞不清楚这种人的真正实力。</item><item>身体一般比较健朗，多得长辈之助，遇凶厄可解。</item><item>你出门在外易得长辈扶助关爱。</item><item>你的对年长的朋友较敬重，亦受扶助。但须防吹嘘之朋友，煞忌冲破，易遭连累。</item><item>你的受上司恩宠、提拔，可得高位。多得年长者之福荫、照顾。</item><item>你的居室会是你不错的庇佑地方，能帮你化解许多灾祸。</item><item>你的福荫不错，逢厄可解，身体健康。</item><item>你父母福荫不错，常能保佑你平安度过灾劫。</item></gong></xingdi><xingdi id="13" name="破军"><gong><item>你的变迁机会比较多，你的夫妻、子女、朋友都可以助你取得钱财。</item><item>你与朋友相处和谐，常常能相互帮助。</item><item>您的异性缘很好，朋友多，遇到麻烦也能得朋友贵人相助，逢凶化吉。</item><item>你的子女生在生活上会比较铺张浪费，注意节制不要太宠坏他们。</item><item>破军之财乃意外之财、暴得之财。受煞忌冲破，也要横破，或质押借得之巨款。\n亦你的桃花是用钱买的。</item><item>身体或健康方面的花销会比较多。</item><item>你在外开销大，但又喜外出消费。</item><item>你的有人缘，朋友之助力大。</item><item>你的能得配偶之助，使工作、事业顺遂。</item><item>你的与子女相处很好，且对家庭有助力。</item><item>你的好享受，为享受用钱无度。</item><item>你的父母容易为财事劳碌。</item></gong></xingdi></root>