﻿<?xml version="1.0" encoding="UTF-8"?>
<root>
	<gongweizhuxing>
		<zhuxing  id="0"  name="紫微星"  character="0">
			<item>60</item>
			<item  name="男">夫妻生活彼此都很想要去驾驭对方，谁也不服谁，都想当老大，因此很容易出问题，疑心病很重，婚姻往往都败在自己的不信任感，容易和另一半在沟通上出问题，即使双方感情很好，但是还是会猜忌对方。</item>
			<item  name="女">夫妻生活彼此都很想要去驾驭对方，谁也不服谁，都想当老大，因此很容易出问题，疑心病很重，婚姻往往都败在自己的不信任感，容易和另一半在沟通上出问题，即使双方感情很好，但是还是会猜忌对方。</item>
			<item  name="化解方法">未婚的朋友可以选择请圣品$T56#$T56#星光粉晶七星阵#$#$放在家里的个人桃花位，提升自身桃花运，彰显个人魅力，赶走烂桃花，提升桃花正能量，成为自身守护魅力之神，促成美好良缘。再配合【$F22#招桃花符#$】可招来桃花情缘，增加异性缘分，获取异性好感。
已婚的朋友在卧室摆放$T57#$T57#天然粉水晶鸳鸯一对#$#$可以有效改善夫妻关系。鸳鸯永恒爱情的象征，是一夫一妻、相亲相爱、白头偕老的表率，粉水晶还能加强心肺功能的健康，可松弛紧张情绪，舒缓烦躁心情。粉水晶鸳鸯可协助改善夫妻关系，化解煞星带来的围绕在您们夫妻间的煞气。同时可以请【$F24#夫妻合和符#$】催动和合二仙和月下老人促成姻缘，化解矛盾，令夫妻二人情投意合，恩爱百年。</item>
	    </zhuxing>
	    <zhuxing  id="1"  name="天机星"  character="1">
			<item>40</item>
			<item  name="男">大致上夫妻相处没有问题，可是另外一半个性容易朝令夕改，常常让对方不知道该如何应对，在感情方面会有所多变，很容易交往到年纪比较大的异性，因为本身较为容易对年纪大的异性产生好感，要注意婚后跟另一半感情的问题，因为异性缘很好，如果稍有不慎很容易影响婚姻。</item>
			<item  name="女">大致上夫妻相处没有问题，可是另外一半个性容易朝令夕改，常常让对方不知道该如何应对，在感情方面会有所多变，很容易交往到年纪比较大的异性，因为本身较为容易对年纪大的异性产生好感，要注意婚后跟另一半感情的问题，因为异性缘很好，如果稍有不慎很容易影响婚姻。</item>
			<item  name="化解方法">未婚的朋友可以选择请圣品$T56#$T56#星光粉晶七星阵#$#$放在家里的个人桃花位，提升自身桃花运，彰显个人魅力，赶走烂桃花，提升桃花正能量，成为自身守护魅力之神，促成美好良缘。再配合【$F22#招桃花符#$】可招来桃花情缘，增加异性缘分，获取异性好感。
已婚的朋友在卧室摆放$T57#$T57#天然粉水晶鸳鸯一对#$#$可以有效改善夫妻关系。鸳鸯永恒爱情的象征，是一夫一妻、相亲相爱、白头偕老的表率，粉水晶还能加强心肺功能的健康，可松弛紧张情绪，舒缓烦躁心情。粉水晶鸳鸯可协助改善夫妻关系，化解煞星带来的围绕在您们夫妻间的煞气。同时可以请【$F24#夫妻合和符#$】催动和合二仙和月下老人促成姻缘，化解矛盾，令夫妻二人情投意合，恩爱百年。</item>
	    </zhuxing>
	      <zhuxing  id="2"  name="太阳星"  character="2">
			<item>40</item>
			<item  name="男">大致上夫妻相处没有问题，可是另外一半个性容易朝令夕改，常常让对方不知道该如何应对，在感情方面会有所多变，很容易交往到年纪比较大的异性，因为本身较为容易对年纪大的异性产生好感，要注意婚后跟另一半感情的问题，因为异性缘很好，如果稍有不慎很容易影响婚姻。</item>
			<item  name="女">大致上夫妻相处没有问题，丈夫家境比较好或能力较强，可是另外一半个性容易朝令夕改，常常让对方不知道该如何应对，在感情方面会有所多变，很容易交往到年纪比较大的异性，因为本身较为容易对年纪大的异性产生好感，要注意婚后跟另一半感情的问题，因为异性缘很好，如果稍有不慎很容易影响婚姻。></item>
			<item  name="化解方法">未婚的朋友可以选择请圣品$T56#$T56#星光粉晶七星阵#$#$放在家里的个人桃花位，提升自身桃花运，彰显个人魅力，赶走烂桃花，提升桃花正能量，成为自身守护魅力之神，促成美好良缘。再配合【$F22#招桃花符#$】可招来桃花情缘，增加异性缘分，获取异性好感。
已婚的朋友在卧室摆放$T57#$T57#天然粉水晶鸳鸯一对#$#$可以有效改善夫妻关系。鸳鸯永恒爱情的象征，是一夫一妻、相亲相爱、白头偕老的表率，粉水晶还能加强心肺功能的健康，可松弛紧张情绪，舒缓烦躁心情。粉水晶鸳鸯可协助改善夫妻关系，化解煞星带来的围绕在您们夫妻间的煞气。同时可以请【$F24#夫妻合和符#$】催动和合二仙和月下老人促成姻缘，化解矛盾，令夫妻二人情投意合，恩爱百年。</item>
	    </zhuxing>
	      <zhuxing  id="3"  name="武曲星"  character="3">
			<item>90</item>
			<item  name="男">感情路会走的跌跌撞撞，夫妻彼此之间的相处是非常刚烈的，武曲本来就是一颗孤寡之星，容易与伴侣产生矛盾，夫妻关系可能会不和谐，严重的可能会导致离婚分离。</item>
			<item  name="女">感情路会走的跌跌撞撞，夫妻彼此之间的相处是非常刚烈的，武曲本来就是一颗孤寡之星，容易与伴侣产生矛盾，夫妻关系可能会不和谐，严重的可能会导致离婚分离。</item>
			<item  name="化解方法">未婚的朋友可以选择请圣品$T56#$T56#星光粉晶七星阵#$#$放在家里的个人桃花位，提升自身桃花运，彰显个人魅力，赶走烂桃花，提升桃花正能量，成为自身守护魅力之神，促成美好良缘。再配合【$F22#招桃花符#$】可招来桃花情缘，增加异性缘分，获取异性好感。
已婚的朋友在卧室摆放$T57#$T57#天然粉水晶鸳鸯一对#$#$可以有效改善夫妻关系。鸳鸯永恒爱情的象征，是一夫一妻、相亲相爱、白头偕老的表率，粉水晶还能加强心肺功能的健康，可松弛紧张情绪，舒缓烦躁心情。粉水晶鸳鸯可协助改善夫妻关系，化解煞星带来的围绕在您们夫妻间的煞气。同时可以请【$F24#夫妻合和符#$】催动和合二仙和月下老人促成姻缘，化解矛盾，令夫妻二人情投意合，恩爱百年。</item>
	    </zhuxing>
	      <zhuxing  id="4"  name="天同星"  character="4">
			<item>40</item>
			<item  name="男">大致上夫妻相处没有问题，可是另外一半个性容易朝令夕改，常常让对方不知道该如何应对，在感情方面会有所多变，很容易交往到年纪比较大的异性，因为本身较为容易对年纪大的异性产生好感，要注意婚后跟另一半感情的问题，因为异性缘很好，如果稍有不慎很容易影响婚姻。</item>
			<item  name="女">大致上夫妻相处没有问题，可是另外一半个性容易朝令夕改，常常让对方不知道该如何应对，在感情方面会有所多变，很容易交往到年纪比较大的异性，因为本身较为容易对年纪大的异性产生好感，要注意婚后跟另一半感情的问题，因为异性缘很好，如果稍有不慎很容易影响婚姻。</item>
			<item  name="化解方法">未婚的朋友可以选择请圣品$T56#$T56#星光粉晶七星阵#$#$放在家里的个人桃花位，提升自身桃花运，彰显个人魅力，赶走烂桃花，提升桃花正能量，成为自身守护魅力之神，促成美好良缘。再配合【$F22#招桃花符#$】可招来桃花情缘，增加异性缘分，获取异性好感。
已婚的朋友在卧室摆放$T57#$T57#天然粉水晶鸳鸯一对#$#$可以有效改善夫妻关系。鸳鸯永恒爱情的象征，是一夫一妻、相亲相爱、白头偕老的表率，粉水晶还能加强心肺功能的健康，可松弛紧张情绪，舒缓烦躁心情。粉水晶鸳鸯可协助改善夫妻关系，化解煞星带来的围绕在您们夫妻间的煞气。同时可以请【$F24#夫妻合和符#$】催动和合二仙和月下老人促成姻缘，化解矛盾，令夫妻二人情投意合，恩爱百年。</item>
	    </zhuxing>
		  <zhuxing  id="5"  name="廉贞星"  character="5">
			<item>80</item>
			<item  name="男">感情路会走的跌跌撞撞，容易受其它星影响，没有吉星扶持，夫妻彼此之间的相处是非常刚烈的，容易出现关系不和，不融洽，进而发生吵闹，易生矛盾。</item>
			<item  name="女">感情路会走的跌跌撞撞，容易受其它星影响，没有吉星扶持，夫妻彼此之间的相处是非常刚烈的，容易出现关系不和，不融洽，进而发生吵闹，易生矛盾。</item>
			<item  name="化解方法">未婚的朋友可以选择请圣品$T56#$T56#星光粉晶七星阵#$#$放在家里的个人桃花位，提升自身桃花运，彰显个人魅力，赶走烂桃花，提升桃花正能量，成为自身守护魅力之神，促成美好良缘。再配合【$F22#招桃花符#$】可招来桃花情缘，增加异性缘分，获取异性好感。
已婚的朋友在卧室摆放$T57#$T57#天然粉水晶鸳鸯一对#$#$可以有效改善夫妻关系。鸳鸯永恒爱情的象征，是一夫一妻、相亲相爱、白头偕老的表率，粉水晶还能加强心肺功能的健康，可松弛紧张情绪，舒缓烦躁心情。粉水晶鸳鸯可协助改善夫妻关系，化解煞星带来的围绕在您们夫妻间的煞气。同时可以请【$F24#夫妻合和符#$】催动和合二仙和月下老人促成姻缘，化解矛盾，令夫妻二人情投意合，恩爱百年。</item>
	    </zhuxing>
	      <zhuxing  id="6"  name="天府星"  character="6">
			<item>60</item>
			<item  name="男">夫妻生活彼此都很想要去驾驭对方，谁也不服谁，都想当老大，因此很容易出问题，疑心病很重，婚姻往往都败在自己的不信任感，容易和另一半在沟通上出问题，即使双方感情很好，但是还是会猜忌对方。</item>
			<item  name="女">夫妻生活彼此都很想要去驾驭对方，谁也不服谁，都想当老大，因此很容易出问题，疑心病很重，婚姻往往都败在自己的不信任感，容易和另一半在沟通上出问题，即使双方感情很好，但是还是会猜忌对方。</item>
			<item  name="化解方法">未婚的朋友可以选择请圣品$T56#$T56#星光粉晶七星阵#$#$放在家里的个人桃花位，提升自身桃花运，彰显个人魅力，赶走烂桃花，提升桃花正能量，成为自身守护魅力之神，促成美好良缘。再配合【$F22#招桃花符#$】可招来桃花情缘，增加异性缘分，获取异性好感。
已婚的朋友在卧室摆放$T57#$T57#天然粉水晶鸳鸯一对#$#$可以有效改善夫妻关系。鸳鸯永恒爱情的象征，是一夫一妻、相亲相爱、白头偕老的表率，粉水晶还能加强心肺功能的健康，可松弛紧张情绪，舒缓烦躁心情。粉水晶鸳鸯可协助改善夫妻关系，化解煞星带来的围绕在您们夫妻间的煞气。同时可以请【$F24#夫妻合和符#$】催动和合二仙和月下老人促成姻缘，化解矛盾，令夫妻二人情投意合，恩爱百年。</item>
	    </zhuxing>
	      <zhuxing  id="7"  name="太阴星"  character="7">
			<item>40</item>
			<item  name="男">大致上夫妻相处没有问题，可是另外一半个性容易朝令夕改，常常让对方不知道该如何应对，在感情方面会有所多变，很容易交往到年纪比较大的异性，因为本身较为容易对年纪大的异性产生好感，要注意婚后跟另一半感情的问题，因为异性缘很好，如果稍有不慎很容易影响婚姻。</item>
			<item  name="女">大致上夫妻相处没有问题，可是另外一半个性容易朝令夕改，常常让对方不知道该如何应对，在感情方面会有所多变，很容易交往到年纪比较大的异性，因为本身较为容易对年纪大的异性产生好感，要注意婚后跟另一半感情的问题，因为异性缘很好，如果稍有不慎很容易影响婚姻。</item>
			<item  name="化解方法">未婚的朋友可以选择请圣品$T56#$T56#星光粉晶七星阵#$#$放在家里的个人桃花位，提升自身桃花运，彰显个人魅力，赶走烂桃花，提升桃花正能量，成为自身守护魅力之神，促成美好良缘。再配合【$F22#招桃花符#$】可招来桃花情缘，增加异性缘分，获取异性好感。
已婚的朋友在卧室摆放$T57#$T57#天然粉水晶鸳鸯一对#$#$可以有效改善夫妻关系。鸳鸯永恒爱情的象征，是一夫一妻、相亲相爱、白头偕老的表率，粉水晶还能加强心肺功能的健康，可松弛紧张情绪，舒缓烦躁心情。粉水晶鸳鸯可协助改善夫妻关系，化解煞星带来的围绕在您们夫妻间的煞气。同时可以请【$F24#夫妻合和符#$】催动和合二仙和月下老人促成姻缘，化解矛盾，令夫妻二人情投意合，恩爱百年。</item>
	    </zhuxing>
	      <zhuxing  id="8"  name="贪狼星"  character="8">
			<item>70</item>
			<item  name="男">您的感情世界容易出现三人行情况，家里有一个外面也有一个，思想上可能出现多多益善，来者不拒的想法，也就是即使结婚后还有恋爱的机会，需要多约束好自己才能维系家庭幸福。</item>
			<item  name="女">您的感情世界容易出现三人行情况，家里有一个外面也有一个，思想上可能出现多多益善，来者不拒的想法，也就是即使结婚后还有恋爱的机会，需要多约束好自己才能维系家庭幸福。</item>
			<item  name="化解方法">未婚的朋友可以选择请圣品$T56#$T56#星光粉晶七星阵#$#$放在家里的个人桃花位，提升自身桃花运，彰显个人魅力，赶走烂桃花，提升桃花正能量，成为自身守护魅力之神，促成美好良缘。再配合【$F22#招桃花符#$】可招来桃花情缘，增加异性缘分，获取异性好感。
已婚的朋友在卧室摆放$T57#$T57#天然粉水晶鸳鸯一对#$#$可以有效改善夫妻关系。鸳鸯永恒爱情的象征，是一夫一妻、相亲相爱、白头偕老的表率，粉水晶还能加强心肺功能的健康，可松弛紧张情绪，舒缓烦躁心情。粉水晶鸳鸯可协助改善夫妻关系，化解煞星带来的围绕在您们夫妻间的煞气。同时可以请【$F24#夫妻合和符#$】催动和合二仙和月下老人促成姻缘，化解矛盾，令夫妻二人情投意合，恩爱百年。</item>
	    </zhuxing>
	      <zhuxing  id="9"  name="巨门星"  character="9">
			<item>60</item>
			<item  name="男">夫妻生活彼此都很想要去驾驭对方，谁也不服谁，都想当老大，因此很容易出问题，疑心病很重，婚姻往往都败在自己的不信任感，容易和另一半在沟通上出问题，即使双方感情很好，但是还是会猜忌对方。</item>
			<item  name="女">夫妻生活彼此都很想要去驾驭对方，谁也不服谁，都想当老大，因此很容易出问题，疑心病很重，婚姻往往都败在自己的不信任感，容易和另一半在沟通上出问题，即使双方感情很好，但是还是会猜忌对方。</item>
			<item  name="化解方法">未婚的朋友可以选择请圣品$T56#$T56#星光粉晶七星阵#$#$放在家里的个人桃花位，提升自身桃花运，彰显个人魅力，赶走烂桃花，提升桃花正能量，成为自身守护魅力之神，促成美好良缘。再配合【$F22#招桃花符#$】可招来桃花情缘，增加异性缘分，获取异性好感。
已婚的朋友在卧室摆放$T57#$T57#天然粉水晶鸳鸯一对#$#$可以有效改善夫妻关系。鸳鸯永恒爱情的象征，是一夫一妻、相亲相爱、白头偕老的表率，粉水晶还能加强心肺功能的健康，可松弛紧张情绪，舒缓烦躁心情。粉水晶鸳鸯可协助改善夫妻关系，化解煞星带来的围绕在您们夫妻间的煞气。同时可以请【$F24#夫妻合和符#$】催动和合二仙和月下老人促成姻缘，化解矛盾，令夫妻二人情投意合，恩爱百年。</item>
	    </zhuxing>
	      <zhuxing  id="10"  name="天相星"  character="10">
			<item>20</item>
			<item  name="男">在恋爱的过程中可以和伴侣互相扶持，彼此都很好沟通，男人有天相的人可以娶好老婆，在事业上有所帮助。</item>
			<item  name="女">在恋爱的过程中可以和伴侣互相扶持，彼此都很好沟通，女人有天相的老公会是一个好好先生，善体人意，而且天相是一颗很柔的星，双方相处会很融洽。</item>
			<item  name="化解方法">未婚的朋友可以选择请圣品$T56#$T56#星光粉晶七星阵#$#$放在家里的个人桃花位，提升自身桃花运，彰显个人魅力，赶走烂桃花，提升桃花正能量，成为自身守护魅力之神，促成美好良缘。再配合【$F22#招桃花符#$】可招来桃花情缘，增加异性缘分，获取异性好感。
已婚的朋友在卧室摆放$T57#$T57#天然粉水晶鸳鸯一对#$#$可以有效改善夫妻关系。鸳鸯永恒爱情的象征，是一夫一妻、相亲相爱、白头偕老的表率，粉水晶还能加强心肺功能的健康，可松弛紧张情绪，舒缓烦躁心情。粉水晶鸳鸯可协助改善夫妻关系，化解煞星带来的围绕在您们夫妻间的煞气。同时可以请【$F24#夫妻合和符#$】催动和合二仙和月下老人促成姻缘，化解矛盾，令夫妻二人情投意合，恩爱百年。</item>
	    </zhuxing>
	      <zhuxing  id="11"  name="天梁星"  character="11">
			<item>40</item>
			<item  name="男">大致上夫妻相处没有问题，可是另外一半个性容易朝令夕改，常常让对方不知道该如何应对，在感情方面会有所多变，很容易交往到年纪比较大的异性，因为本身较为容易对年纪大的异性产生好感，要注意婚后跟另一半感情的问题，因为异性缘很好，如果稍有不慎很容易影响婚姻。</item>
			<item  name="女">大致上夫妻相处没有问题，可是另外一半个性容易朝令夕改，常常让对方不知道该如何应对，在感情方面会有所多变，很容易交往到年纪比较大的异性，因为本身较为容易对年纪大的异性产生好感，要注意婚后跟另一半感情的问题，因为异性缘很好，如果稍有不慎很容易影响婚姻。</item>
			<item  name="化解方法">未婚的朋友可以选择请圣品$T56#$T56#星光粉晶七星阵#$#$放在家里的个人桃花位，提升自身桃花运，彰显个人魅力，赶走烂桃花，提升桃花正能量，成为自身守护魅力之神，促成美好良缘。再配合【$F22#招桃花符#$】可招来桃花情缘，增加异性缘分，获取异性好感。
已婚的朋友在卧室摆放$T57#$T57#天然粉水晶鸳鸯一对#$#$可以有效改善夫妻关系。鸳鸯永恒爱情的象征，是一夫一妻、相亲相爱、白头偕老的表率，粉水晶还能加强心肺功能的健康，可松弛紧张情绪，舒缓烦躁心情。粉水晶鸳鸯可协助改善夫妻关系，化解煞星带来的围绕在您们夫妻间的煞气。同时可以请【$F24#夫妻合和符#$】催动和合二仙和月下老人促成姻缘，化解矛盾，令夫妻二人情投意合，恩爱百年。</item>
	    </zhuxing>
	      <zhuxing  id="12"  name="七杀星"  character="12">
			<item>90</item>
			<item  name="男">感情路会走的跌跌撞撞，夫妻彼此之间的相处波折甚多。结婚前会多阻碍波折或多争吵，婚后也并不平静，易生矛盾或家庭问题。若想家庭幸福，对女性要求较高或需迟婚等特别的方法。</item>
			<item  name="女">感情路会走的跌跌撞撞，夫妻彼此之间的相处波折甚多。结婚前会多阻碍波折或多争吵，婚后也并不平静，易生矛盾或家庭问题。若想家庭幸福，对女性要求较高或需迟婚等特别的方法。</item>
			<item  name="化解方法">未婚的朋友可以选择请圣品$T56#$T56#星光粉晶七星阵#$#$放在家里的个人桃花位，提升自身桃花运，彰显个人魅力，赶走烂桃花，提升桃花正能量，成为自身守护魅力之神，促成美好良缘。再配合【$F22#招桃花符#$】可招来桃花情缘，增加异性缘分，获取异性好感。
已婚的朋友在卧室摆放$T57#$T57#天然粉水晶鸳鸯一对#$#$可以有效改善夫妻关系。鸳鸯永恒爱情的象征，是一夫一妻、相亲相爱、白头偕老的表率，粉水晶还能加强心肺功能的健康，可松弛紧张情绪，舒缓烦躁心情。粉水晶鸳鸯可协助改善夫妻关系，化解煞星带来的围绕在您们夫妻间的煞气。同时可以请【$F24#夫妻合和符#$】催动和合二仙和月下老人促成姻缘，化解矛盾，令夫妻二人情投意合，恩爱百年。</item>
	    </zhuxing>
	      <zhuxing  id="13"  name="破军星"  character="13">
			<item>90</item>
			<item  name="男">感情路会走的跌跌撞撞，夫妻彼此之间的相处是非常刚烈的，婚姻生活难以和谐，可能会夫妻分离或徒有夫妻之名而无夫妻之实的情况，容易会有一次破碎的婚姻。</item>
			<item  name="女">感情路会走的跌跌撞撞，夫妻彼此之间的相处是非常刚烈的，婚姻生活难以和谐，可能会夫妻分离或徒有夫妻之名而无夫妻之实的情况，容易会有一次破碎的婚姻。</item>
			<item  name="化解方法">未婚的朋友可以选择请圣品$T56#$T56#星光粉晶七星阵#$#$放在家里的个人桃花位，提升自身桃花运，彰显个人魅力，赶走烂桃花，提升桃花正能量，成为自身守护魅力之神，促成美好良缘。再配合【$F22#招桃花符#$】可招来桃花情缘，增加异性缘分，获取异性好感。
已婚的朋友在卧室摆放$T57#$T57#天然粉水晶鸳鸯一对#$#$可以有效改善夫妻关系。鸳鸯永恒爱情的象征，是一夫一妻、相亲相爱、白头偕老的表率，粉水晶还能加强心肺功能的健康，可松弛紧张情绪，舒缓烦躁心情。粉水晶鸳鸯可协助改善夫妻关系，化解煞星带来的围绕在您们夫妻间的煞气。同时可以请【$F24#夫妻合和符#$】催动和合二仙和月下老人促成姻缘，化解矛盾，令夫妻二人情投意合，恩爱百年。</item>
	    </zhuxing>
	      <zhuxing  id="14"  name="太阳星+太阴星"  character="2#7">
			<item>70</item>
			<item  name="男">您的感情世界容易出现三人行情况，家里有一个外面也有一个，思想上可能出现多多益善，来者不拒的想法，也就是即使结婚后还有恋爱的机会，需要多约束好自己才能维系家庭幸福。</item>
			<item  name="女">您的感情世界容易出现三人行情况，家里有一个外面也有一个，思想上可能出现多多益善，来者不拒的想法，也就是即使结婚后还有恋爱的机会，需要多约束好自己才能维系家庭幸福。</item>
			<item  name="化解方法">未婚的朋友可以选择请圣品$T56#$T56#星光粉晶七星阵#$#$放在家里的个人桃花位，提升自身桃花运，彰显个人魅力，赶走烂桃花，提升桃花正能量，成为自身守护魅力之神，促成美好良缘。再配合【$F22#招桃花符#$】可招来桃花情缘，增加异性缘分，获取异性好感。
已婚的朋友在卧室摆放$T57#$T57#天然粉水晶鸳鸯一对#$#$可以有效改善夫妻关系。鸳鸯永恒爱情的象征，是一夫一妻、相亲相爱、白头偕老的表率，粉水晶还能加强心肺功能的健康，可松弛紧张情绪，舒缓烦躁心情。粉水晶鸳鸯可协助改善夫妻关系，化解煞星带来的围绕在您们夫妻间的煞气。同时可以请【$F24#夫妻合和符#$】催动和合二仙和月下老人促成姻缘，化解矛盾，令夫妻二人情投意合，恩爱百年。</item>
	    </zhuxing>
	      <zhuxing  id="15"  name="紫微星+破军星"  character="0#13">
			<item>74</item>
			<item  name="男">夫妻生活彼此都很想要去驾驭对方，谁也不服谁，都想当老大，因此很容易出问题，疑心病很重，婚姻往往都败在自己的不信任感，容易和另一半在沟通上出问题，即使双方感情很好，但是还是会猜忌对方。
与此同时可能出现，感情路会走的跌跌撞撞，夫妻彼此之间的相处是非常刚烈的，婚姻生活难以和谐，可能会夫妻分离或徒有夫妻之名而无夫妻之实的情况，容易会有一次破碎的婚姻</item>
			<item  name="女">夫妻生活彼此都很想要去驾驭对方，谁也不服谁，都想当老大，因此很容易出问题，疑心病很重，婚姻往往都败在自己的不信任感，容易和另一半在沟通上出问题，即使双方感情很好，但是还是会猜忌对方。
与此同时可能出现，感情路会走的跌跌撞撞，夫妻彼此之间的相处是非常刚烈的，婚姻生活难以和谐，可能会夫妻分离或徒有夫妻之名而无夫妻之实的情况，容易会有一次破碎的婚姻。</item>
			<item  name="化解方法">未婚的朋友可以选择请圣品$T56#$T56#星光粉晶七星阵#$#$放在家里的个人桃花位，提升自身桃花运，彰显个人魅力，赶走烂桃花，提升桃花正能量，成为自身守护魅力之神，促成美好良缘。再配合【$F22#招桃花符#$】可招来桃花情缘，增加异性缘分，获取异性好感。
已婚的朋友在卧室摆放$T57#$T57#天然粉水晶鸳鸯一对#$#$可以有效改善夫妻关系。鸳鸯永恒爱情的象征，是一夫一妻、相亲相爱、白头偕老的表率，粉水晶还能加强心肺功能的健康，可松弛紧张情绪，舒缓烦躁心情。粉水晶鸳鸯可协助改善夫妻关系，化解煞星带来的围绕在您们夫妻间的煞气。同时可以请【$F24#夫妻合和符#$】催动和合二仙和月下老人促成姻缘，化解矛盾，令夫妻二人情投意合，恩爱百年。</item>
	    </zhuxing>
	      <zhuxing  id="16"  name="紫微星+天府星"  character="0#6">
			<item>64</item>
			<item  name="男">夫妻生活彼此都很想要去驾驭对方，谁也不服谁，都想当老大，因此很容易出问题，疑心病很重，婚姻往往都败在自己的不信任感，容易和另一半在沟通上出问题，即使双方感情很好，但是还是会猜忌对方。</item>
			<item  name="女">夫妻生活彼此都很想要去驾驭对方，谁也不服谁，都想当老大，因此很容易出问题，疑心病很重，婚姻往往都败在自己的不信任感，容易和另一半在沟通上出问题，即使双方感情很好，但是还是会猜忌对方。</item>
			<item  name="化解方法">未婚的朋友可以选择请圣品$T56#$T56#星光粉晶七星阵#$#$放在家里的个人桃花位，提升自身桃花运，彰显个人魅力，赶走烂桃花，提升桃花正能量，成为自身守护魅力之神，促成美好良缘。再配合【$F22#招桃花符#$】可招来桃花情缘，增加异性缘分，获取异性好感。
已婚的朋友在卧室摆放$T57#$T57#天然粉水晶鸳鸯一对#$#$可以有效改善夫妻关系。鸳鸯永恒爱情的象征，是一夫一妻、相亲相爱、白头偕老的表率，粉水晶还能加强心肺功能的健康，可松弛紧张情绪，舒缓烦躁心情。粉水晶鸳鸯可协助改善夫妻关系，化解煞星带来的围绕在您们夫妻间的煞气。同时可以请【$F24#夫妻合和符#$】催动和合二仙和月下老人促成姻缘，化解矛盾，令夫妻二人情投意合，恩爱百年。</item>
	    </zhuxing>
	     <zhuxing  id="17"  name="紫微星+贪狼星"  character="0#8">
			<item>68</item>
			<item  name="男">夫妻生活彼此都很想要去驾驭对方，谁也不服谁，都想当老大，因此很容易出问题，疑心病很重，婚姻往往都败在自己的不信任感，容易和另一半在沟通上出问题，即使双方感情很好，但是还是会猜忌对方。
与此同时，您的感情世界容易出现三人行情况，家里有一个外面也有一个，思想上可能出现多多益善，来者不拒的想法，也就是即使结婚后还有恋爱的机会，需要多约束好自己才能维系家庭幸福。</item>
			<item  name="女">夫妻生活彼此都很想要去驾驭对方，谁也不服谁，都想当老大，因此很容易出问题，疑心病很重，婚姻往往都败在自己的不信任感，容易和另一半在沟通上出问题，即使双方感情很好，但是还是会猜忌对方。
与此同时，您的感情世界容易出现三人行情况，家里有一个外面也有一个，思想上可能出现多多益善，来者不拒的想法，也就是即使结婚后还有恋爱的机会，需要多约束好自己才能维系家庭幸福。</item>
			<item  name="化解方法">未婚的朋友可以选择请圣品$T56#$T56#星光粉晶七星阵#$#$放在家里的个人桃花位，提升自身桃花运，彰显个人魅力，赶走烂桃花，提升桃花正能量，成为自身守护魅力之神，促成美好良缘。再配合【$F22#招桃花符#$】可招来桃花情缘，增加异性缘分，获取异性好感。
已婚的朋友在卧室摆放$T57#$T57#天然粉水晶鸳鸯一对#$#$可以有效改善夫妻关系。鸳鸯永恒爱情的象征，是一夫一妻、相亲相爱、白头偕老的表率，粉水晶还能加强心肺功能的健康，可松弛紧张情绪，舒缓烦躁心情。粉水晶鸳鸯可协助改善夫妻关系，化解煞星带来的围绕在您们夫妻间的煞气。同时可以请【$F24#夫妻合和符#$】催动和合二仙和月下老人促成姻缘，化解矛盾，令夫妻二人情投意合，恩爱百年。</item>
	    </zhuxing>
	      <zhuxing  id="18"  name="紫微星+天相星"  character="0#10">
			<item>35</item>
			<item  name="男">在恋爱的过程中可以和伴侣互相扶持，彼此都很好沟通，男人有天相的人可以娶好老婆，在事业上有所帮助。
与此同时也可能会夫妻生活彼此都很想要去驾驭对方，谁也不服谁，都想当老大，因此很容易出问题，疑心病很重，婚姻往往都败在自己的不信任感，容易和另一半在沟通上出问题，即使双方感情很好，但是还是会猜忌对方。</item>
			<item  name="女">在恋爱的过程中可以和伴侣互相扶持，彼此都很好沟通，女人有天相的老公会是一个好好先生，善体人意，而且天相是一颗很柔的星，双方相处会很融洽。
与此同时也可能会夫妻生活彼此都很想要去驾驭对方，谁也不服谁，都想当老大，因此很容易出问题，疑心病很重，婚姻往往都败在自己的不信任感，容易和另一半在沟通上出问题，即使双方感情很好，但是还是会猜忌对方。</item>
			<item  name="化解方法">未婚的朋友可以选择请圣品$T56#$T56#星光粉晶七星阵#$#$放在家里的个人桃花位，提升自身桃花运，彰显个人魅力，赶走烂桃花，提升桃花正能量，成为自身守护魅力之神，促成美好良缘。再配合【$F22#招桃花符#$】可招来桃花情缘，增加异性缘分，获取异性好感。
已婚的朋友在卧室摆放$T57#$T57#天然粉水晶鸳鸯一对#$#$可以有效改善夫妻关系。鸳鸯永恒爱情的象征，是一夫一妻、相亲相爱、白头偕老的表率，粉水晶还能加强心肺功能的健康，可松弛紧张情绪，舒缓烦躁心情。粉水晶鸳鸯可协助改善夫妻关系，化解煞星带来的围绕在您们夫妻间的煞气。同时可以请【$F24#夫妻合和符#$】催动和合二仙和月下老人促成姻缘，化解矛盾，令夫妻二人情投意合，恩爱百年。</item>
	    </zhuxing>
	      <zhuxing  id="19"  name="紫微星+七杀星"  character="0#12">
			<item>66</item>
			<item  name="男">夫妻生活彼此都很想要去驾驭对方，谁也不服谁，都想当老大，因此很容易出问题，疑心病很重，婚姻往往都败在自己的不信任感，容易和另一半在沟通上出问题，即使双方感情很好，但是还是会猜忌对方。
与此同时也可能出现，感情路会走的跌跌撞撞，夫妻彼此之间的相处波折甚多。结婚前会多阻碍波折或多争吵，婚后也并不平静，易生矛盾或家庭问题。若想家庭幸福，对女性要求较高或需迟婚等特别的方法。</item>
			<item  name="女">夫妻生活彼此都很想要去驾驭对方，谁也不服谁，都想当老大，因此很容易出问题，疑心病很重，婚姻往往都败在自己的不信任感，容易和另一半在沟通上出问题，即使双方感情很好，但是还是会猜忌对方。
与此同时也可能出现，感情路会走的跌跌撞撞，夫妻彼此之间的相处波折甚多。结婚前会多阻碍波折或多争吵，婚后也并不平静，易生矛盾或家庭问题。若想家庭幸福，对女性要求较高或需迟婚等特别的方法。</item>
			<item  name="化解方法">未婚的朋友可以选择请圣品$T56#$T56#星光粉晶七星阵#$#$放在家里的个人桃花位，提升自身桃花运，彰显个人魅力，赶走烂桃花，提升桃花正能量，成为自身守护魅力之神，促成美好良缘。再配合【$F22#招桃花符#$】可招来桃花情缘，增加异性缘分，获取异性好感。
已婚的朋友在卧室摆放$T57#$T57#天然粉水晶鸳鸯一对#$#$可以有效改善夫妻关系。鸳鸯永恒爱情的象征，是一夫一妻、相亲相爱、白头偕老的表率，粉水晶还能加强心肺功能的健康，可松弛紧张情绪，舒缓烦躁心情。粉水晶鸳鸯可协助改善夫妻关系，化解煞星带来的围绕在您们夫妻间的煞气。同时可以请【$F24#夫妻合和符#$】催动和合二仙和月下老人促成姻缘，化解矛盾，令夫妻二人情投意合，恩爱百年。</item>
	    </zhuxing>
	      <zhuxing  id="20"  name="天机星+太阴星"  character="1#7">
			<item>40</item>
			<item  name="男">大致上夫妻相处没有问题，可是另外一半个性容易朝令夕改，常常让对方不知道该如何应对，在感情方面会有所多变，很容易交往到年纪比较大的异性，因为本身较为容易对年纪大的异性产生好感，要注意婚后跟另一半感情的问题，因为异性缘很好，如果稍有不慎很容易影响婚姻。</item>
			<item  name="女">大致上夫妻相处没有问题，可是另外一半个性容易朝令夕改，常常让对方不知道该如何应对，在感情方面会有所多变，很容易交往到年纪比较大的异性，因为本身较为容易对年纪大的异性产生好感，要注意婚后跟另一半感情的问题，因为异性缘很好，如果稍有不慎很容易影响婚姻。</item>
			<item  name="化解方法">未婚的朋友可以选择请圣品$T56#$T56#星光粉晶七星阵#$#$放在家里的个人桃花位，提升自身桃花运，彰显个人魅力，赶走烂桃花，提升桃花正能量，成为自身守护魅力之神，促成美好良缘。再配合【$F22#招桃花符#$】可招来桃花情缘，增加异性缘分，获取异性好感。
已婚的朋友在卧室摆放$T57#$T57#天然粉水晶鸳鸯一对#$#$可以有效改善夫妻关系。鸳鸯永恒爱情的象征，是一夫一妻、相亲相爱、白头偕老的表率，粉水晶还能加强心肺功能的健康，可松弛紧张情绪，舒缓烦躁心情。粉水晶鸳鸯可协助改善夫妻关系，化解煞星带来的围绕在您们夫妻间的煞气。同时可以请【$F24#夫妻合和符#$】催动和合二仙和月下老人促成姻缘，化解矛盾，令夫妻二人情投意合，恩爱百年。</item>
	    </zhuxing>
	      <zhuxing  id="21"  name="天机星+巨门星"  character="1#9">
			<item>50</item>
			<item  name="男">大致上夫妻相处没有问题，可是另外一半个性容易朝令夕改，常常让对方不知道该如何应对，在感情方面会有所多变，很容易交往到年纪比较大的异性，因为本身较为容易对年纪大的异性产生好感，要注意婚后跟另一半感情的问题，因为异性缘很好，如果稍有不慎很容易影响婚姻。
与此同时也可能出现，夫妻生活彼此都很想要去驾驭对方，谁也不服谁，都想当老大，因此很容易出问题，疑心病很重，婚姻往往都败在自己的不信任感，容易和另一半在沟通上出问题，即使双方感情很好，但是还是会猜忌对方。</item>
			<item  name="女">大致上夫妻相处没有问题，可是另外一半个性容易朝令夕改，常常让对方不知道该如何应对，在感情方面会有所多变，很容易交往到年纪比较大的异性，因为本身较为容易对年纪大的异性产生好感，要注意婚后跟另一半感情的问题，因为异性缘很好，如果稍有不慎很容易影响婚姻。
与此同时也可能出现，夫妻生活彼此都很想要去驾驭对方，谁也不服谁，都想当老大，因此很容易出问题，疑心病很重，婚姻往往都败在自己的不信任感，容易和另一半在沟通上出问题，即使双方感情很好，但是还是会猜忌对方。</item>
			<item  name="化解方法">未婚的朋友可以选择请圣品$T56#$T56#星光粉晶七星阵#$#$放在家里的个人桃花位，提升自身桃花运，彰显个人魅力，赶走烂桃花，提升桃花正能量，成为自身守护魅力之神，促成美好良缘。再配合【$F22#招桃花符#$】可招来桃花情缘，增加异性缘分，获取异性好感。
已婚的朋友在卧室摆放$T57#$T57#天然粉水晶鸳鸯一对#$#$可以有效改善夫妻关系。鸳鸯永恒爱情的象征，是一夫一妻、相亲相爱、白头偕老的表率，粉水晶还能加强心肺功能的健康，可松弛紧张情绪，舒缓烦躁心情。粉水晶鸳鸯可协助改善夫妻关系，化解煞星带来的围绕在您们夫妻间的煞气。同时可以请【$F24#夫妻合和符#$】催动和合二仙和月下老人促成姻缘，化解矛盾，令夫妻二人情投意合，恩爱百年。</item>
	    </zhuxing>
	     <zhuxing  id="22"  name="天机星+天梁星"  character="1#11">
			<item>38</item>
			<item  name="男">大致上夫妻相处没有问题，可是另外一半个性容易朝令夕改，常常让对方不知道该如何应对，在感情方面会有所多变，很容易交往到年纪比较大的异性，因为本身较为容易对年纪大的异性产生好感，要注意婚后跟另一半感情的问题，因为异性缘很好，如果稍有不慎很容易影响婚姻。</item>
			<item  name="女">大致上夫妻相处没有问题，可是另外一半个性容易朝令夕改，常常让对方不知道该如何应对，在感情方面会有所多变，很容易交往到年纪比较大的异性，因为本身较为容易对年纪大的异性产生好感，要注意婚后跟另一半感情的问题，因为异性缘很好，如果稍有不慎很容易影响婚姻。</item>
			<item  name="化解方法">未婚的朋友可以选择请圣品$T56#$T56#星光粉晶七星阵#$#$放在家里的个人桃花位，提升自身桃花运，彰显个人魅力，赶走烂桃花，提升桃花正能量，成为自身守护魅力之神，促成美好良缘。再配合【$F22#招桃花符#$】可招来桃花情缘，增加异性缘分，获取异性好感。
已婚的朋友在卧室摆放$T57#$T57#天然粉水晶鸳鸯一对#$#$可以有效改善夫妻关系。鸳鸯永恒爱情的象征，是一夫一妻、相亲相爱、白头偕老的表率，粉水晶还能加强心肺功能的健康，可松弛紧张情绪，舒缓烦躁心情。粉水晶鸳鸯可协助改善夫妻关系，化解煞星带来的围绕在您们夫妻间的煞气。同时可以请【$F24#夫妻合和符#$】催动和合二仙和月下老人促成姻缘，化解矛盾，令夫妻二人情投意合，恩爱百年。</item>
	    </zhuxing>
	     <zhuxing  id="23"  name="太阳星+巨门星"  character="2#9">
			<item>53</item>
			<item  name="男">大致上夫妻相处没有问题，可是另外一半个性容易朝令夕改，常常让对方不知道该如何应对，在感情方面会有所多变，很容易交往到年纪比较大的异性，因为本身较为容易对年纪大的异性产生好感，要注意婚后跟另一半感情的问题，因为异性缘很好，如果稍有不慎很容易影响婚姻。
与此同时也可能出现，夫妻生活彼此都很想要去驾驭对方，谁也不服谁，都想当老大，因此很容易出问题，疑心病很重，婚姻往往都败在自己的不信任感，容易和另一半在沟通上出问题，即使双方感情很好，但是还是会猜忌对方。</item>
			<item  name="女">大致上夫妻相处没有问题，丈夫家境比较好或能力较强，可是另外一半个性容易朝令夕改，常常让对方不知道该如何应对，在感情方面会有所多变，很容易交往到年纪比较大的异性，因为本身较为容易对年纪大的异性产生好感，要注意婚后跟另一半感情的问题，因为异性缘很好，如果稍有不慎很容易影响婚姻。
与此同时也可能出现，夫妻生活彼此都很想要去驾驭对方，谁也不服谁，都想当老大，因此很容易出问题，疑心病很重，婚姻往往都败在自己的不信任感，容易和另一半在沟通上出问题，即使双方感情很好，但是还是会猜忌对方。</item>
			<item  name="化解方法">未婚的朋友可以选择请圣品$T56#$T56#星光粉晶七星阵#$#$放在家里的个人桃花位，提升自身桃花运，彰显个人魅力，赶走烂桃花，提升桃花正能量，成为自身守护魅力之神，促成美好良缘。再配合【$F22#招桃花符#$】可招来桃花情缘，增加异性缘分，获取异性好感。
已婚的朋友在卧室摆放$T57#$T57#天然粉水晶鸳鸯一对#$#$可以有效改善夫妻关系。鸳鸯永恒爱情的象征，是一夫一妻、相亲相爱、白头偕老的表率，粉水晶还能加强心肺功能的健康，可松弛紧张情绪，舒缓烦躁心情。粉水晶鸳鸯可协助改善夫妻关系，化解煞星带来的围绕在您们夫妻间的煞气。同时可以请【$F24#夫妻合和符#$】催动和合二仙和月下老人促成姻缘，化解矛盾，令夫妻二人情投意合，恩爱百年。</item>
	    </zhuxing>
	     <zhuxing  id="24"  name="太阳星+天梁星"  character="2#11">
			<item>40</item>
			<item  name="男">大致上夫妻相处没有问题，可是另外一半个性容易朝令夕改，常常让对方不知道该如何应对，在感情方面会有所多变，很容易交往到年纪比较大的异性，因为本身较为容易对年纪大的异性产生好感，要注意婚后跟另一半感情的问题，因为异性缘很好，如果稍有不慎很容易影响婚姻。</item>
			<item  name="女">大致上夫妻相处没有问题，丈夫家境比较好或能力较强，可是另外一半个性容易朝令夕改，常常让对方不知道该如何应对，在感情方面会有所多变，很容易交往到年纪比较大的异性，因为本身较为容易对年纪大的异性产生好感，要注意婚后跟另一半感情的问题，因为异性缘很好，如果稍有不慎很容易影响婚姻。</item>
			<item  name="化解方法">未婚的朋友可以选择请圣品$T56#$T56#星光粉晶七星阵#$#$放在家里的个人桃花位，提升自身桃花运，彰显个人魅力，赶走烂桃花，提升桃花正能量，成为自身守护魅力之神，促成美好良缘。再配合【$F22#招桃花符#$】可招来桃花情缘，增加异性缘分，获取异性好感。
已婚的朋友在卧室摆放$T57#$T57#天然粉水晶鸳鸯一对#$#$可以有效改善夫妻关系。鸳鸯永恒爱情的象征，是一夫一妻、相亲相爱、白头偕老的表率，粉水晶还能加强心肺功能的健康，可松弛紧张情绪，舒缓烦躁心情。粉水晶鸳鸯可协助改善夫妻关系，化解煞星带来的围绕在您们夫妻间的煞气。同时可以请【$F24#夫妻合和符#$】催动和合二仙和月下老人促成姻缘，化解矛盾，令夫妻二人情投意合，恩爱百年。</item>
	    </zhuxing>
	     <zhuxing  id="25"  name="武曲星+七杀星"  character="3#12">
			<item>93</item>
			<item  name="男">感情路会走的跌跌撞撞，夫妻彼此之间的相处是非常刚烈的，武曲本来就是一颗孤寡之星，容易与伴侣产生矛盾，夫妻关系可能会不和谐，严重的可能会导致离婚分离。
与此同时，结婚前会多阻碍波折或多争吵，婚后也并不平静，易生矛盾或家庭问题。若想家庭幸福，对女性要求较高或需迟婚等特别的方法。</item>
			<item  name="女">感情路会走的跌跌撞撞，夫妻彼此之间的相处是非常刚烈的，武曲本来就是一颗孤寡之星，容易与伴侣产生矛盾，夫妻关系可能会不和谐，严重的可能会导致离婚分离。
与此同时，结婚前会多阻碍波折或多争吵，婚后也并不平静，易生矛盾或家庭问题。若想家庭幸福，对女性要求较高或需迟婚等特别的方法。</item>
			<item  name="化解方法">未婚的朋友可以选择请圣品$T56#$T56#星光粉晶七星阵#$#$放在家里的个人桃花位，提升自身桃花运，彰显个人魅力，赶走烂桃花，提升桃花正能量，成为自身守护魅力之神，促成美好良缘。再配合【$F22#招桃花符#$】可招来桃花情缘，增加异性缘分，获取异性好感。
已婚的朋友在卧室摆放$T57#$T57#天然粉水晶鸳鸯一对#$#$可以有效改善夫妻关系。鸳鸯永恒爱情的象征，是一夫一妻、相亲相爱、白头偕老的表率，粉水晶还能加强心肺功能的健康，可松弛紧张情绪，舒缓烦躁心情。粉水晶鸳鸯可协助改善夫妻关系，化解煞星带来的围绕在您们夫妻间的煞气。同时可以请【$F24#夫妻合和符#$】催动和合二仙和月下老人促成姻缘，化解矛盾，令夫妻二人情投意合，恩爱百年。</item>
	    </zhuxing>
	     <zhuxing  id="26"  name="武曲星+天相星"  character="3#10">
			<item>55</item>
			<item  name="男">在恋爱的过程中可以和伴侣互相扶持，彼此都很好沟通，男人有天相的人可以娶好老婆，在事业上有所帮助。
与此同时也可能出现，感情路会走的跌跌撞撞，夫妻彼此之间的相处是非常刚烈的，武曲本来就是一颗孤寡之星，容易与伴侣产生矛盾，夫妻关系可能会不和谐，严重的可能会导致离婚分离。</item>
			<item  name="女">在恋爱的过程中可以和伴侣互相扶持，彼此都很好沟通，女人有天相的老公会是一个好好先生，善体人意，而且天相是一颗很柔的星，双方相处会很融洽。
与此同时也可能出现，感情路会走的跌跌撞撞，夫妻彼此之间的相处是非常刚烈的，武曲本来就是一颗孤寡之星，容易与伴侣产生矛盾，夫妻关系可能会不和谐，严重的可能会导致离婚分离。</item>
			<item  name="化解方法">未婚的朋友可以选择请圣品$T56#$T56#星光粉晶七星阵#$#$放在家里的个人桃花位，提升自身桃花运，彰显个人魅力，赶走烂桃花，提升桃花正能量，成为自身守护魅力之神，促成美好良缘。再配合【$F22#招桃花符#$】可招来桃花情缘，增加异性缘分，获取异性好感。
已婚的朋友在卧室摆放$T57#$T57#天然粉水晶鸳鸯一对#$#$可以有效改善夫妻关系。鸳鸯永恒爱情的象征，是一夫一妻、相亲相爱、白头偕老的表率，粉水晶还能加强心肺功能的健康，可松弛紧张情绪，舒缓烦躁心情。粉水晶鸳鸯可协助改善夫妻关系，化解煞星带来的围绕在您们夫妻间的煞气。同时可以请【$F24#夫妻合和符#$】催动和合二仙和月下老人促成姻缘，化解矛盾，令夫妻二人情投意合，恩爱百年。</item>
	    </zhuxing>
	      <zhuxing  id="27"  name="武曲星+破军星"  character="3#13">
			<item>91</item>
			<item  name="男">感情路会走的跌跌撞撞，夫妻彼此之间的相处是非常刚烈的，武曲本来就是一颗孤寡之星，容易与伴侣产生矛盾，夫妻关系可能会不和谐，严重的可能会导致离婚分离，或者会徒有夫妻之名而无夫妻之实的情况，容易会有一次破碎的婚姻。</item>
			<item  name="女">感情路会走的跌跌撞撞，夫妻彼此之间的相处是非常刚烈的，武曲本来就是一颗孤寡之星，容易与伴侣产生矛盾，夫妻关系可能会不和谐，严重的可能会导致离婚分离，或者会徒有夫妻之名而无夫妻之实的情况，容易会有一次破碎的婚姻。</item>
			<item  name="化解方法">未婚的朋友可以选择请圣品$T56#$T56#星光粉晶七星阵#$#$放在家里的个人桃花位，提升自身桃花运，彰显个人魅力，赶走烂桃花，提升桃花正能量，成为自身守护魅力之神，促成美好良缘。再配合【$F22#招桃花符#$】可招来桃花情缘，增加异性缘分，获取异性好感。
已婚的朋友在卧室摆放$T57#$T57#天然粉水晶鸳鸯一对#$#$可以有效改善夫妻关系。鸳鸯永恒爱情的象征，是一夫一妻、相亲相爱、白头偕老的表率，粉水晶还能加强心肺功能的健康，可松弛紧张情绪，舒缓烦躁心情。粉水晶鸳鸯可协助改善夫妻关系，化解煞星带来的围绕在您们夫妻间的煞气。同时可以请【$F24#夫妻合和符#$】催动和合二仙和月下老人促成姻缘，化解矛盾，令夫妻二人情投意合，恩爱百年。</item>
	    </zhuxing>
	      <zhuxing  id="28"  name="武曲星+天府星"  character="3#6">
			<item>75</item>
			<item  name="男">夫妻生活彼此都很想要去驾驭对方，谁也不服谁，都想当老大，因此很容易出问题，疑心病很重，婚姻往往都败在自己的不信任感，容易和另一半在沟通上出问题，即使双方感情很好，但是还是会猜忌对方。
与此同时，感情路会走的跌跌撞撞，夫妻彼此之间的相处是非常刚烈的，武曲本来就是一颗孤寡之星，容易与伴侣产生矛盾，夫妻关系可能会不和谐，严重的可能会导致离婚分离。</item>
			<item  name="女">夫妻生活彼此都很想要去驾驭对方，谁也不服谁，都想当老大，因此很容易出问题，疑心病很重，婚姻往往都败在自己的不信任感，容易和另一半在沟通上出问题，即使双方感情很好，但是还是会猜忌对方。
与此同时，感情路会走的跌跌撞撞，夫妻彼此之间的相处是非常刚烈的，武曲本来就是一颗孤寡之星，容易与伴侣产生矛盾，夫妻关系可能会不和谐，严重的可能会导致离婚分离。</item>
			<item  name="化解方法">未婚的朋友可以选择请圣品$T56#$T56#星光粉晶七星阵#$#$放在家里的个人桃花位，提升自身桃花运，彰显个人魅力，赶走烂桃花，提升桃花正能量，成为自身守护魅力之神，促成美好良缘。再配合【$F22#招桃花符#$】可招来桃花情缘，增加异性缘分，获取异性好感。
已婚的朋友在卧室摆放$T57#$T57#天然粉水晶鸳鸯一对#$#$可以有效改善夫妻关系。鸳鸯永恒爱情的象征，是一夫一妻、相亲相爱、白头偕老的表率，粉水晶还能加强心肺功能的健康，可松弛紧张情绪，舒缓烦躁心情。粉水晶鸳鸯可协助改善夫妻关系，化解煞星带来的围绕在您们夫妻间的煞气。同时可以请【$F24#夫妻合和符#$】催动和合二仙和月下老人促成姻缘，化解矛盾，令夫妻二人情投意合，恩爱百年。</item>
	    </zhuxing>
	      <zhuxing  id="29"  name="武曲星+贪狼星"  character="3#8">
			<item>80</item>
			<item  name="男">感情路会走的跌跌撞撞，夫妻彼此之间的相处是非常刚烈的，武曲本来就是一颗孤寡之星，容易与伴侣产生矛盾，夫妻关系可能会不和谐，严重的可能会导致离婚分离。
与此同时，您的感情世界容易出现三人行情况，家里有一个外面也有一个，思想上可能出现多多益善，来者不拒的想法，也就是即使结婚后还有恋爱的机会，需要多约束好自己才能维系家庭幸福。</item>
			<item  name="女">感情路会走的跌跌撞撞，夫妻彼此之间的相处是非常刚烈的，武曲本来就是一颗孤寡之星，容易与伴侣产生矛盾，夫妻关系可能会不和谐，严重的可能会导致离婚分离。
与此同时，您的感情世界容易出现三人行情况，家里有一个外面也有一个，思想上可能出现多多益善，来者不拒的想法，也就是即使结婚后还有恋爱的机会，需要多约束好自己才能维系家庭幸福。</item>
			<item  name="化解方法">未婚的朋友可以选择请圣品$T56#$T56#星光粉晶七星阵#$#$放在家里的个人桃花位，提升自身桃花运，彰显个人魅力，赶走烂桃花，提升桃花正能量，成为自身守护魅力之神，促成美好良缘。再配合【$F22#招桃花符#$】可招来桃花情缘，增加异性缘分，获取异性好感。
已婚的朋友在卧室摆放$T57#$T57#天然粉水晶鸳鸯一对#$#$可以有效改善夫妻关系。鸳鸯永恒爱情的象征，是一夫一妻、相亲相爱、白头偕老的表率，粉水晶还能加强心肺功能的健康，可松弛紧张情绪，舒缓烦躁心情。粉水晶鸳鸯可协助改善夫妻关系，化解煞星带来的围绕在您们夫妻间的煞气。同时可以请【$F24#夫妻合和符#$】催动和合二仙和月下老人促成姻缘，化解矛盾，令夫妻二人情投意合，恩爱百年。</item>
	    </zhuxing>
	      <zhuxing  id="30"  name="天同星+巨门星"  character="4#9">
			<item>50</item>
			<item  name="男">大致上夫妻相处没有问题，可是另外一半个性容易朝令夕改，常常让对方不知道该如何应对，在感情方面会有所多变，很容易交往到年纪比较大的异性，因为本身较为容易对年纪大的异性产生好感，要注意婚后跟另一半感情的问题，因为异性缘很好，如果稍有不慎很容易影响婚姻。
与此同时也可能出现，夫妻生活彼此都很想要去驾驭对方，谁也不服谁，都想当老大，因此很容易出问题，疑心病很重，婚姻往往都败在自己的不信任感，容易和另一半在沟通上出问题，即使双方感情很好，但是还是会猜忌对方。</item>
			<item  name="女">大致上夫妻相处没有问题，可是另外一半个性容易朝令夕改，常常让对方不知道该如何应对，在感情方面会有所多变，很容易交往到年纪比较大的异性，因为本身较为容易对年纪大的异性产生好感，要注意婚后跟另一半感情的问题，因为异性缘很好，如果稍有不慎很容易影响婚姻。
与此同时也可能出现，夫妻生活彼此都很想要去驾驭对方，谁也不服谁，都想当老大，因此很容易出问题，疑心病很重，婚姻往往都败在自己的不信任感，容易和另一半在沟通上出问题，即使双方感情很好，但是还是会猜忌对方。</item>
			<item  name="化解方法">未婚的朋友可以选择请圣品$T56#$T56#星光粉晶七星阵#$#$放在家里的个人桃花位，提升自身桃花运，彰显个人魅力，赶走烂桃花，提升桃花正能量，成为自身守护魅力之神，促成美好良缘。再配合【$F22#招桃花符#$】可招来桃花情缘，增加异性缘分，获取异性好感。
已婚的朋友在卧室摆放$T57#$T57#天然粉水晶鸳鸯一对#$#$可以有效改善夫妻关系。鸳鸯永恒爱情的象征，是一夫一妻、相亲相爱、白头偕老的表率，粉水晶还能加强心肺功能的健康，可松弛紧张情绪，舒缓烦躁心情。粉水晶鸳鸯可协助改善夫妻关系，化解煞星带来的围绕在您们夫妻间的煞气。同时可以请【$F24#夫妻合和符#$】催动和合二仙和月下老人促成姻缘，化解矛盾，令夫妻二人情投意合，恩爱百年。</item>
	    </zhuxing>
	      <zhuxing  id="31"  name="天同星+天梁星"  character="4#11">
			<item>38</item>
			<item  name="男">大致上夫妻相处没有问题，可是另外一半个性容易朝令夕改，常常让对方不知道该如何应对，在感情方面会有所多变，很容易交往到年纪比较大的异性，因为本身较为容易对年纪大的异性产生好感，要注意婚后跟另一半感情的问题，因为异性缘很好，如果稍有不慎很容易影响婚姻。</item>
			<item  name="女">大致上夫妻相处没有问题，可是另外一半个性容易朝令夕改，常常让对方不知道该如何应对，在感情方面会有所多变，很容易交往到年纪比较大的异性，因为本身较为容易对年纪大的异性产生好感，要注意婚后跟另一半感情的问题，因为异性缘很好，如果稍有不慎很容易影响婚姻。</item>
			<item  name="化解方法">未婚的朋友可以选择请圣品$T56#$T56#星光粉晶七星阵#$#$放在家里的个人桃花位，提升自身桃花运，彰显个人魅力，赶走烂桃花，提升桃花正能量，成为自身守护魅力之神，促成美好良缘。再配合【$F22#招桃花符#$】可招来桃花情缘，增加异性缘分，获取异性好感。
已婚的朋友在卧室摆放$T57#$T57#天然粉水晶鸳鸯一对#$#$可以有效改善夫妻关系。鸳鸯永恒爱情的象征，是一夫一妻、相亲相爱、白头偕老的表率，粉水晶还能加强心肺功能的健康，可松弛紧张情绪，舒缓烦躁心情。粉水晶鸳鸯可协助改善夫妻关系，化解煞星带来的围绕在您们夫妻间的煞气。同时可以请【$F24#夫妻合和符#$】催动和合二仙和月下老人促成姻缘，化解矛盾，令夫妻二人情投意合，恩爱百年。</item>
	    </zhuxing>
	      <zhuxing  id="32"  name="天同星+太阴星"  character="4#7">
			<item>37</item>
			<item  name="男">大致上夫妻相处没有问题，可是另外一半个性容易朝令夕改，常常让对方不知道该如何应对，在感情方面会有所多变，很容易交往到年纪比较大的异性，因为本身较为容易对年纪大的异性产生好感，要注意婚后跟另一半感情的问题，因为异性缘很好，如果稍有不慎很容易影响婚姻。</item>
			<item  name="女">大致上夫妻相处没有问题，可是另外一半个性容易朝令夕改，常常让对方不知道该如何应对，在感情方面会有所多变，很容易交往到年纪比较大的异性，因为本身较为容易对年纪大的异性产生好感，要注意婚后跟另一半感情的问题，因为异性缘很好，如果稍有不慎很容易影响婚姻。</item>
			<item  name="化解方法">未婚的朋友可以选择请圣品$T56#$T56#星光粉晶七星阵#$#$放在家里的个人桃花位，提升自身桃花运，彰显个人魅力，赶走烂桃花，提升桃花正能量，成为自身守护魅力之神，促成美好良缘。再配合【$F22#招桃花符#$】可招来桃花情缘，增加异性缘分，获取异性好感。
已婚的朋友在卧室摆放$T57#$T57#天然粉水晶鸳鸯一对#$#$可以有效改善夫妻关系。鸳鸯永恒爱情的象征，是一夫一妻、相亲相爱、白头偕老的表率，粉水晶还能加强心肺功能的健康，可松弛紧张情绪，舒缓烦躁心情。粉水晶鸳鸯可协助改善夫妻关系，化解煞星带来的围绕在您们夫妻间的煞气。同时可以请【$F24#夫妻合和符#$】催动和合二仙和月下老人促成姻缘，化解矛盾，令夫妻二人情投意合，恩爱百年。</item>
	    </zhuxing>
	      <zhuxing  id="33"  name="廉贞星+天府星"  character="5#6">
			<item>70</item>
			<item  name="男">感情路会走的跌跌撞撞，容易受其它星影响，没有吉星扶持，夫妻彼此之间的相处是非常刚烈的，容易出现关系不和，不融洽，进而发生吵闹，易生矛盾。
与此同时也可能出现，夫妻生活彼此都很想要去驾驭对方，谁也不服谁，都想当老大，因此很容易出问题，疑心病很重，婚姻往往都败在自己的不信任感，容易和另一半在沟通上出问题，即使双方感情很好，但是还是会猜忌对方。</item>
			<item  name="女">感情路会走的跌跌撞撞，容易受其它星影响，没有吉星扶持，夫妻彼此之间的相处是非常刚烈的，容易出现关系不和，不融洽，进而发生吵闹，易生矛盾。
与此同时也可能出现，夫妻生活彼此都很想要去驾驭对方，谁也不服谁，都想当老大，因此很容易出问题，疑心病很重，婚姻往往都败在自己的不信任感，容易和另一半在沟通上出问题，即使双方感情很好，但是还是会猜忌对方。</item>
			<item  name="化解方法">未婚的朋友可以选择请圣品$T56#$T56#星光粉晶七星阵#$#$放在家里的个人桃花位，提升自身桃花运，彰显个人魅力，赶走烂桃花，提升桃花正能量，成为自身守护魅力之神，促成美好良缘。再配合【$F22#招桃花符#$】可招来桃花情缘，增加异性缘分，获取异性好感。
已婚的朋友在卧室摆放$T57#$T57#天然粉水晶鸳鸯一对#$#$可以有效改善夫妻关系。鸳鸯永恒爱情的象征，是一夫一妻、相亲相爱、白头偕老的表率，粉水晶还能加强心肺功能的健康，可松弛紧张情绪，舒缓烦躁心情。粉水晶鸳鸯可协助改善夫妻关系，化解煞星带来的围绕在您们夫妻间的煞气。同时可以请【$F24#夫妻合和符#$】催动和合二仙和月下老人促成姻缘，化解矛盾，令夫妻二人情投意合，恩爱百年。</item>
	    </zhuxing>
	      <zhuxing  id="34"  name="廉贞星+贪狼星"  character="5#8">
			<item>78</item>
			<item  name="男">感情路会走的跌跌撞撞，容易受其它星影响，没有吉星扶持，夫妻彼此之间的相处是非常刚烈的，容易出现关系不和，不融洽，进而发生吵闹，易生矛盾。
与此同时，您的感情世界容易出现三人行情况，家里有一个外面也有一个，思想上可能出现多多益善，来者不拒的想法，也就是即使结婚后还有恋爱的机会，需要多约束好自己才能维系家庭幸福。</item>
			<item  name="女">感情路会走的跌跌撞撞，容易受其它星影响，没有吉星扶持，夫妻彼此之间的相处是非常刚烈的，容易出现关系不和，不融洽，进而发生吵闹，易生矛盾。
与此同时，您的感情世界容易出现三人行情况，家里有一个外面也有一个，思想上可能出现多多益善，来者不拒的想法，也就是即使结婚后还有恋爱的机会，需要多约束好自己才能维系家庭幸福。</item>
			<item  name="化解方法">未婚的朋友可以选择请圣品$T56#$T56#星光粉晶七星阵#$#$放在家里的个人桃花位，提升自身桃花运，彰显个人魅力，赶走烂桃花，提升桃花正能量，成为自身守护魅力之神，促成美好良缘。再配合【$F22#招桃花符#$】可招来桃花情缘，增加异性缘分，获取异性好感。
已婚的朋友在卧室摆放$T57#$T57#天然粉水晶鸳鸯一对#$#$可以有效改善夫妻关系。鸳鸯永恒爱情的象征，是一夫一妻、相亲相爱、白头偕老的表率，粉水晶还能加强心肺功能的健康，可松弛紧张情绪，舒缓烦躁心情。粉水晶鸳鸯可协助改善夫妻关系，化解煞星带来的围绕在您们夫妻间的煞气。同时可以请【$F24#夫妻合和符#$】催动和合二仙和月下老人促成姻缘，化解矛盾，令夫妻二人情投意合，恩爱百年。</item>
	    </zhuxing>
	      <zhuxing  id="35"  name="廉贞星+天相星"  character="5#10">
			<item>50</item>
			<item  name="男">在恋爱的过程中可以和伴侣互相扶持，彼此都很好沟通，男人有天相的人可以娶好老婆，在事业上有所帮助。
与此同时也可能出现，感情路会走的跌跌撞撞，容易受其它星影响，没有吉星扶持，夫妻彼此之间的相处是非常刚烈的，容易出现关系不和，不融洽，进而发生吵闹，易生矛盾。</item>
			<item  name="女">在恋爱的过程中可以和伴侣互相扶持，彼此都很好沟通，女人有天相的老公会是一个好好先生，善体人意，而且天相是一颗很柔的星，双方相处会很融洽。
与此同时也可能出现，感情路会走的跌跌撞撞，容易受其它星影响，没有吉星扶持，夫妻彼此之间的相处是非常刚烈的，容易出现关系不和，不融洽，进而发生吵闹，易生矛盾。</item>
			<item  name="化解方法">未婚的朋友可以选择请圣品$T56#$T56#星光粉晶七星阵#$#$放在家里的个人桃花位，提升自身桃花运，彰显个人魅力，赶走烂桃花，提升桃花正能量，成为自身守护魅力之神，促成美好良缘。再配合【$F22#招桃花符#$】可招来桃花情缘，增加异性缘分，获取异性好感。
已婚的朋友在卧室摆放$T57#$T57#天然粉水晶鸳鸯一对#$#$可以有效改善夫妻关系。鸳鸯永恒爱情的象征，是一夫一妻、相亲相爱、白头偕老的表率，粉水晶还能加强心肺功能的健康，可松弛紧张情绪，舒缓烦躁心情。粉水晶鸳鸯可协助改善夫妻关系，化解煞星带来的围绕在您们夫妻间的煞气。同时可以请【$F24#夫妻合和符#$】催动和合二仙和月下老人促成姻缘，化解矛盾，令夫妻二人情投意合，恩爱百年。</item>
	    </zhuxing>
	      <zhuxing  id="36"  name="廉贞星+七杀星"  character="5#12">
			<item>92</item>
			<item  name="男">感情路会走的跌跌撞撞，夫妻彼此之间的相处波折甚多。结婚前会多阻碍波折或多争吵，婚后也并不平静，易生矛盾或家庭问题。若想家庭幸福，对女性要求较高或需迟婚等特别的方法。容易受其它星影响，没有吉星扶持，夫妻彼此之间的相处是非常刚烈的，容易出现关系不和，不融洽，进而发生吵闹，易生矛盾。</item>
			<item  name="女">感情路会走的跌跌撞撞，夫妻彼此之间的相处波折甚多。结婚前会多阻碍波折或多争吵，婚后也并不平静，易生矛盾或家庭问题。若想家庭幸福，对女性要求较高或需迟婚等特别的方法。容易受其它星影响，没有吉星扶持，夫妻彼此之间的相处是非常刚烈的，容易出现关系不和，不融洽，进而发生吵闹，易生矛盾。</item>
			<item  name="化解方法">未婚的朋友可以选择请圣品$T56#$T56#星光粉晶七星阵#$#$放在家里的个人桃花位，提升自身桃花运，彰显个人魅力，赶走烂桃花，提升桃花正能量，成为自身守护魅力之神，促成美好良缘。再配合【$F22#招桃花符#$】可招来桃花情缘，增加异性缘分，获取异性好感。
已婚的朋友在卧室摆放$T57#$T57#天然粉水晶鸳鸯一对#$#$可以有效改善夫妻关系。鸳鸯永恒爱情的象征，是一夫一妻、相亲相爱、白头偕老的表率，粉水晶还能加强心肺功能的健康，可松弛紧张情绪，舒缓烦躁心情。粉水晶鸳鸯可协助改善夫妻关系，化解煞星带来的围绕在您们夫妻间的煞气。同时可以请【$F24#夫妻合和符#$】催动和合二仙和月下老人促成姻缘，化解矛盾，令夫妻二人情投意合，恩爱百年。</item>
	    </zhuxing>
	      <zhuxing  id="37"  name="廉贞星+破军星"  character="5#13">
			<item>94</item>
			<item  name="男">感情路会走的跌跌撞撞，容易受其它星影响，夫妻彼此之间的相处是非常刚烈的，容易出现关系不和，不融洽，进而发生吵闹，易生矛盾。婚姻生活难以和谐，可能会夫妻分离或徒有夫妻之名而无夫妻之实的情况，容易会有一次破碎的婚姻。</item>
			<item  name="女">感情路会走的跌跌撞撞，容易受其它星影响，夫妻彼此之间的相处是非常刚烈的，容易出现关系不和，不融洽，进而发生吵闹，易生矛盾。婚姻生活难以和谐，可能会夫妻分离或徒有夫妻之名而无夫妻之实的情况，容易会有一次破碎的婚姻。</item>
			<item  name="化解方法">未婚的朋友可以选择请圣品$T56#$T56#星光粉晶七星阵#$#$放在家里的个人桃花位，提升自身桃花运，彰显个人魅力，赶走烂桃花，提升桃花正能量，成为自身守护魅力之神，促成美好良缘。再配合【$F22#招桃花符#$】可招来桃花情缘，增加异性缘分，获取异性好感。
已婚的朋友在卧室摆放$T57#$T57#天然粉水晶鸳鸯一对#$#$可以有效改善夫妻关系。鸳鸯永恒爱情的象征，是一夫一妻、相亲相爱、白头偕老的表率，粉水晶还能加强心肺功能的健康，可松弛紧张情绪，舒缓烦躁心情。粉水晶鸳鸯可协助改善夫妻关系，化解煞星带来的围绕在您们夫妻间的煞气。同时可以请【$F24#夫妻合和符#$】催动和合二仙和月下老人促成姻缘，化解矛盾，令夫妻二人情投意合，恩爱百年。</item>
	    </zhuxing>
	</gongweizhuxing>
</root>