<?xml version="1.0" encoding="UTF-8"?>
<root>
  <xingdi id="0" name="紫微星">
    <caibo>你追求成功，领导力强，正财、偏财运都不错，你的财富多半来自卓越的领导能力；周转能力也很不错，颇懂得运用钱转钱、钱赚钱的投资模式，但还是要小心因扩张信用而导致的经济危机；花钱也很大方慷慨，不会为了一点钱而斤斤计较，会为了面子而不惜花大钱，是别人眼中的“钻石男、海派男”，这就要小心打肿脸充胖子所带来的不良后果。|你追求成功，领导力强，正财、偏财运都不错，你的财富多半来自卓越的领导能力；周转能力也很不错，颇懂得运用钱转钱、钱赚钱的投资模式，但还是要小心因扩张信用而导致的经济危机；你花钱也很大方慷慨，不会为了一点钱而斤斤计较，会为了面子而不惜花大钱，是别人眼中的“财女”，这就要小心打肿脸充胖子所带来的不良后果。</caibo>
    <tianzai>你可能生于富贵之家，家里资产不错，但是家里的产业可能会有变动。</tianzai>
    <mingong>你取财的手段和方法很多，而且较为稳定。</mingong>
    <caibofengxian>你可能不太擅长理财，在花钱时需要更加谨慎，格外注意可能带来的不良后果。</caibofengxian>
  </xingdi>
  <xingdi id="1" name="天机星">
    <caibo>你对于创造财富，很有独特的想法，也颇喜欢研究赚钱之道，但是不敢冒险，在平稳中求财；偏财运还不错，常常能获利，中奖机会颇多，但也有因为贪心、失算而破财的可能；你的财运较稳定，多靠技术生财，协助别人赚大钱，自己赚小钱，所以，不易有大财；想赚钱，还得加强行动力及魄力，有点冒险精神才行；不过，你常常会有意外进财的小机会，兼职机会多。|你对于创造财富，很有独特的想法，也颇喜欢研究赚钱之道，但是不敢冒险，在平稳中求财；偏财运还不错，常常能获利，中奖机会颇多，但也有因为贪心、失算而破财的可能；你的财运较稳定，多靠技术生财，协助别人赚大钱，自己赚小钱，所以，不易有大财；想赚钱，还得加强行动力及魄力，有点冒险精神才行；不过，你常常会有意外进财的小机会，兼职机会多。</caibo>
    <tianzai>你可以自置产业，但产业少，常为产业而争执计较，家道有枯痿败退的趋势，时常把不动产变动，时买时卖。</tianzai>
    <mingong>你取财的手段和方法取决于你的想法，所以你能获取财富的多少存在变数，财来财去的现象很常见。</mingong>
    <caibofengxian>你的财产可能会经常变动，虽然收入不错，但是支出很大，如果不注意节俭，很难有钱积聚，甚至可能破财。</caibofengxian>
  </xingdi>
  <xingdi id="2" name="太阳星">
    <caibo>你信奉“君子爱财，取之有道”的理财原则，坚信“要收获，先栽种”，储蓄就是你理财的基本法门；虽然不容易大富大贵，但进财较稳定；你害怕荷包没钱的日子，有钱才能有安全感；中晚年后有颇多投资良机，也多能得贵人相助；你颇有公益心，热诚好客，为了公益不吝花钱；为善最乐，不计较小利，在钱财上常有无心插柳柳成荫的情形发生。|你信奉“君子爱财，取之有道”的理财原则，坚信“要收获，先栽种”，储蓄就是你理财的基本法门；虽然不容易大富大贵，但进财较稳定；你害怕荷包没钱的日子，有钱才能有安全感；中晚年后有颇多投资良机，也多能得贵人相助；你颇有公益心，热诚好客，为了公益不吝花钱；为善最乐，不计较小利，在钱财上常有无心插柳柳成荫的情形发生。</caibo>
    <tianzai>你的不动产运很旺盛，产业可能会有一些变动。</tianzai>
    <mingong>你取财的方法源于自己的辛勤努力和管理财富的能力，开销比较大，要学会理财。</mingong>
    <caibofengxian>你平时开销很大，乐善好施，出手大方，有时候会因爱面子、图虚荣而花费较多，会花一些冤枉钱。如果不好好理财的话，自己手头留不下钱财。</caibofengxian>
  </xingdi>
  <xingdi id="3" name="武曲星">
    <caibo>你对赚钱的兴趣浓厚，对数字较敏感，赚钱动力很强；对于商机的把握也很精准，能理性评估，只要多留意大环境的讯息，多能赚到钱；有大富大贵的机会，但是，你花钱也大手大脚，喜欢买奢侈品，注重形象，钱财进出频繁，难以守住钱财；还好，随着年龄的增长，你将会透过各种投资管道的理财规划而有不错的储蓄。|你对赚钱的兴趣浓厚，对数字较敏感，赚钱动力很强；对于商机的把握也很精准，能理性评估，只要多留意大环境的讯息，多能赚到钱；有大富大贵的机会，但是，你花钱也大手大脚，喜欢买奢侈品，爱打扮，钱财进出频繁，难以守住钱财；还好，随着年龄的增长，你将会透过各种投资管道的理财规划而有不错的储蓄。</caibo>
    <tianzai>你可以继承祖业，也能自置产业，容易变得很富裕。</tianzai>
    <mingong>你对于事业、人生规划都有自己的见解，容易通过努力赚取财富，但事业心较为重，可能不太会处理人际关系。</mingong>
    <caibofengxian>你是“先有事业后有财富”的类型，要想获得财富需要先在事业上取得成就。万不可眼高手低，导致事业没有进展。</caibofengxian>
  </xingdi>
  <xingdi id="4" name="天同星">
    <caibo>你对钱财有欲望但行动力偏弱，财运稳定但不易大发；你喜欢稳定的理财方式，求稳而不求快，有储蓄的概念；不过，你的情绪波折起伏，常受别人意见的困扰，因此在选择投资时要由你自己判断利害得失，不要听太多人的建议；亲自创业会很辛苦，想要赚大钱，就必须以赚钱为目标，而不要局限于自己的事业，借别人之手生财也是不错的方式。|你对钱财有欲望但行动力偏弱，财运稳定但不易大发；你喜欢稳定的理财方式，求稳而不求快，有储蓄的概念；不过，你的情绪波折起伏，常受别人意见的困扰，因此在选择投资时要由你自己判断利害得失，不要听太多人的建议；亲自创业会很辛苦，想要赚大钱，就必须以赚钱为目标，而不要局限于自己的事业，借别人之手生财也是不错的方式。</caibo>
    <tianzai>你能白手兴家，可积财，财产先少后多。</tianzai>
    <mingong>你很有福气，虽然赚的钱可能不多，但不会考虑通过辛勤工作去获取，会选择压力相对少一点的工作，尤其到了中晚年会非常顺利。</mingong>
    <caibofengxian>你比较贪图享乐，可能会对赚钱也会比较怠惰，这可能会让你失去获得财富的机会。</caibofengxian>
  </xingdi>
  <xingdi id="5" name="廉贞星">
    <caibo>你颇有投资眼光，也懂得运用人际关系来赚钱，特别容易得到女性的帮助或是赚取异性财，从事与女性相关的行业或是投资女性用品，都是很好的致富良机；你投资颇为大胆，很有雄心壮志；不过，你年轻时花钱也较随性，很难有储蓄，中晚年后才会有存钱概念；在投资上应收敛一些赌性，理性评估，你的财源会更稳定。|你颇有投资眼光，也懂得运用人际关系来赚钱，特别容易得到男士的帮助或是赚取异性财，从事与男士相关的行业或是投资男士用品，都是很好的致富良机；你投资颇为大胆，是事业型女性；不过，你年轻时花钱也较随性，很难有储蓄，中晚年后才会有存钱概念；在投资上应收敛一些赌性，理性评估，你的财源会更稳定。</caibo>
    <tianzai>你在继承或者购置产业时，要格外注意避免纠纷，否则会有很大风险。</tianzai>
    <mingong>你财源很足，有很多赚钱的机会。财富带有偏财性质，流动性较大，易得易失。</mingong>
    <caibofengxian>你的财富流动性较大，易得易失，求财的过程中可能会有很多竞争对手，要获得财富较为辛苦。如果做投资，那么在得财后应该见好就收，不宜再次出击。</caibofengxian>
  </xingdi>
  <xingdi id="6" name="天府星">
    <caibo>你在理财方面较理性，喜欢享受，对于你来说，赚钱要积极，花钱也要大方，赚钱就是为了花钱；你喜欢多渠道规划钱财，储蓄、金融投资、置产等都是你选择的范围，分散投资可降低风险，多渠道平稳赚钱；有机会开创副业，多方赚取钱财。|你在理财方面较理性，喜欢享受，对于你来说，赚钱要积极，花钱也要大方，赚钱就是为了花钱；你喜欢多渠道规划钱财，储蓄、金融投资、置产等都是你选择的范围，分散投资可降低风险，多渠道平稳赚钱；有机会开创副业，多方赚取钱财。</caibo>
    <tianzai>你的祖业较为丰厚，你也能在现成基业上发展，不动产稳步增多，晚年财产丰厚。</tianzai>
    <mingong>你的命中带贵气，容易成为人上人，财富收入丰厚，财源稳定，容易有财富积蓄。</mingong>
    <caibofengxian>你可能会在处理财富时过于保守，不舍得花钱，丧失更大的机会。</caibofengxian>
  </xingdi>
  <xingdi id="7" name="太阴星">
    <caibo>你在钱财方面有欲望但没有行动力，太在意周围人的看法，常受别人意见的困扰，缺少自信；情绪波折起伏，觉得自己不能太市侩、太功利主义，会让别人瞧不起；能节流而不易开源，为钱所苦，即使赚到钱心中也难免有不安全感；还应克服行动力不足的缺点，敢于开创，才能更好的把握赚钱机会。|你在钱财方面有欲望但没有行动力，太在意周围人的看法，常受别人意见的困扰，缺少自信；情绪波折起伏，觉得自己不能太市侩、太功利主义，会让别人瞧不起；能节流而不易开源，为钱所苦，即使赚到钱心中也难免有不安全感；还应克服行动力不足的缺点，敢于开创，才能更好的把握赚钱机会。</caibo>
    <tianzai>你会有一定祖业，或者可聚财而自置产业，不动产会不断增多。 </tianzai>
    <mingong>你能凭着一技之长收获财富，或通过计划性理财来让财富稳定增长，一般不会缺钱，中晚年才能发家致富。</mingong>
    <caibofengxian>你可能在处理财富时会过于犹豫不决，因而错过致富的绝佳机会。</caibofengxian>
  </xingdi>
  <xingdi id="8" name="贪狼星">
    <caibo>你对赚钱很感兴趣，也很喜欢花钱享受，当然，赚钱就是为了有钱花，你会凭自己的能力赚钱，也懂得运用人际关系赚钱，信奉“有钱好办事”的人生信条；你无法抵抗钱财诱惑，对于能赚钱的资讯会很敏感，有时会显得太冒险，有赌一把的心态，钱财有大起大落的倾向；随着心态的成熟，才会慢慢看淡一些钱财诱惑，财路也会更为顺畅。|你对赚钱很感兴趣，也很喜欢花钱享受，当然，赚钱就是为了有钱花，你会凭自己的能力赚钱，也懂得运用人际关系赚钱，颇有“女子不输男”的气概；你无法抵抗钱财诱惑，对于能赚钱的资讯会很敏感，有时会显得冒险，有赌一把的心态，钱财有大起大落的倾向；随着心态的成熟，才会慢慢看淡一些钱财诱惑，财路也会更为顺畅。</caibo>
    <tianzai>你一般无祖业，亦不靠祖业，多能自我创业而晚发。为求得财产，会不择手段，也会拼命干，总有不满足之心，不能安静守家，喜往外跑，劳碌奔波。</tianzai>
    <mingong>你财富需要自己努力争取，如饿狼扑食，贪得无厌，财富的收入并不算少，但生性浪费，花钱无度，早年有成败，时好时坏，中晚年才能平稳。</mingong>
    <caibofengxian>你生性喜欢花钱，但同时又视财如命，可以为了求财而使用一切手段，总是有赌博的倾向，财富会出现大起大落。</caibofengxian>
  </xingdi>
  <xingdi id="9" name="巨门星">
    <caibo>你对金钱的态度非常务实，相信一分耕耘才有一分收获，凭本事赚钱，甚少有贪求之心；你的钱财多来自于正财，需靠动口生财的管道比较适合你；你对理财有一套，但不敢冒险投资，多是替别人赚大钱，自己赚小钱，比如当顾问、分析师等；你辛勤工作，量入为出，有所储蓄，可考虑投资不动产、增值产业。|你对金钱的态度非常务实，相信一分耕耘才有一分收获，凭本事赚钱，甚少有贪求之心；你的钱财多来自于正财，需靠动口生财的管道比较适合你；你对理财有一套，但不敢冒险投资，多是替别人赚大钱，自己赚小钱，比如当顾问、分析师等；你辛勤工作，量入为出，有所储蓄，可考虑投资不动产、增值产业。</caibo>
    <tianzai>你需要自己通过努力而购置产业，走上幸福的生活轨迹。</tianzai>
    <mingong>你的财富突破点在于口才方面，你对人对事观察入微，理财消费都很谨慎。</mingong>
    <caibofengxian>你比较容易有暴发户心态，喜欢炫耀。可能会因为太高傲或者太贪心，而受到同事亲友排挤算计。</caibofengxian>
  </xingdi>
  <xingdi id="10" name="天相星">
    <caibo>你颇有理财概念，思虑周全，谨慎理财，投资求稳定，多能避开风险，稳中赚钱；工作带来的高收入使你的经济情况稳定，多能借助领导力赚钱；你是理财的好手，有利为他人规划钱财，或是投身于理财事业；不过，你有时也显得过于谨慎，求财计划不少，魄力却不足，若能更放开思路，大胆投资，可挖掘出你的赚钱潜能。|你颇有理财概念，思虑周全，谨慎理财，投资求稳定，多能避开风险，稳中赚钱；工作带来的高收入使你的经济情况稳定，多能借助领导力赚钱；你是管钱的好手，可以把握家中的经济大权，在你的打理下，家庭生活会很富余；不过，你有时也显得过于谨慎，求财计划不少，魄力却不足，若能更放开思路，大胆投资，可挖掘出你的赚钱潜能。</caibo>
    <tianzai>你很可能会继承祖产，但自身财富的积聚需要靠自己的奋斗。</tianzai>
    <mingong>你命中带贵气，财富收入较好，而且在理财方面能力很强，即使收入出现波动也能通过调控花销去保持理财计划顺利进行。</mingong>
    <caibofengxian>你的偏财运不稳定，不适合投身于投机类行业，也不能急功近利。</caibofengxian>
  </xingdi>
  <xingdi id="11" name="天梁星">
    <caibo>你的财运稳定，颇有理财经，要你发现理财见解，你可以说得头头是道，但真要你亲自实践，你就没了行动力，害怕冒风险；你从稳中求财，抱着随缘的态度，容易满足，即使赚的是小钱，你也甘之如饴；你在理财上要避免受周围人意见的干扰，道听途说或是犹豫不决，都会影响你的财运。|你的财运稳定，颇有理财经，要你发现理财见解，你可以说得头头是道，但真要你亲自实践，你就没了行动力，害怕冒风险；你从稳中求财，抱着随缘的态度，容易满足，即使赚的是小钱，你也甘之如饴；你在理财上要避免受周围人意见的干扰，道听途说或是犹豫不决，都会影响你的财运。</caibo>
    <tianzai>你会有祖产，也能通过自己努力聚财置业，增添个人不动产。</tianzai>
    <mingong>你命中福气很足，会得到很多长辈帮助而收获更多的财富，但也需要靠自我奋发而至富。</mingong>
    <caibofengxian>你是稳定赚钱的类型，不适合直接经商或者强行求财，如果有这方面的想法，则务必要特别小心谨慎。</caibofengxian>
  </xingdi>
  <xingdi id="12" name="七杀星">
    <caibo>你投资大胆，赚钱动力强，在赚钱方面很有气魄；花钱也很气派、贪图痛快，很难有积蓄；很重视朋友，讲义气，花钱豪爽，要小心钱赚得多也花得快，如若能稍微控制花钱欲望，就能聚沙成塔；你认为钱财往往险中求，所以，只要有利可图，可以不畏风险，不计后果，这样能赚到大钱，但起伏大，若能从专长领域入手，避免盲目投机，凭借敏锐的嗅觉及专业的方式来运作，才能更好的理财，钱财也更稳定。|你投资大胆，赚钱动力强，在赚钱方面很有女强人的气势；花钱也很气派、贪图痛快，很难有积蓄；很重视朋友，讲义气，花钱豪爽，要小心钱赚得多也花得快，如若能稍微控制花钱欲望，就能聚沙成塔；你认为钱财往往险中求，所以，只要有利可图，可以不畏风险，不计后果，这样能赚到大钱，但起伏大，若能从专长领域入手，避免盲目投机，凭借敏锐的嗅觉及专业的方式来运作，才能更好的理财，钱财也更稳定。</caibo>
    <tianzai>你可能喜欢把不动产倒来倒去，不利于从事房地产买卖。</tianzai>
    <mingong>你有较好的财运，善于争取财富，能在辛勤工作中生财。但生性浪费，喜欢投机冒险，可能会使你的财富出入变化大。</mingong>
    <caibofengxian>你花钱的欲望比较大，也并不善于守财，因此钱财得失波动大，需要加强财富的管理能力。</caibofengxian>
  </xingdi>
  <xingdi id="13" name="破军星">
    <caibo>你在理财上追求新鲜刺激，投资重绩效，看短期结果，不耐烦放长线钓大鱼；敢于冒险让你抢得先机，赚到不少钱，但是，也因为赌性太盛而财起财落，大笔钱财转眼成空；多到中年以后才逐渐体会到金钱的价值，因置产、积蓄而有所留；你对市场颇有洞察力，投资也有眼光，如果能多听听专业人士的意见，再加上你的魄力与创造力，岂有不赚钱的道理？|你在理财上追求新鲜刺激，投资重绩效，看短期结果，不耐烦放长线钓大鱼；敢于冒险让你抢得先机，赚到不少钱，但是，也因为赌性太盛而财起财落，大笔钱财转眼成空；多到中年以后才逐渐体会到金钱的价值，因置产、积蓄而有所留；你对市场颇有洞察力，投资也有眼光，如果能多听听专业人士的意见，再加上你的魄力与创造力，岂有不赚钱的道理？</caibo>
    <tianzai>你可能没有祖业，需要靠自己打拼置业。</tianzai>
    <mingong>你做事动力很足，机智胆大，善于争取财富，赚钱能力强。但生性浪费，来得快去得也快。</mingong>
    <caibofengxian>你花钱比较大手大脚，计划性略显不足，因此财富可能会损耗得很快。如果想投资，需要慎重考虑再下决定。</caibofengxian>
  </xingdi>
  <xingdi id="0#13" name="紫微星+破军星">
    <caibo>你追求成功，领导力强，在理财上追求新鲜刺激，投资重绩效，看短期结果，不耐烦放长线钓大鱼；你的周转能力也很不错，颇懂得运用钱转钱、钱赚钱的投资模式，但是，也因为赌性太盛而财起财落，大笔钱财转眼成空；多到中年以后才逐渐体会到金钱的价值，因置产、积蓄而有所留；你对市场颇有洞察力，投资也有眼光，如果能多听听专业人士的意见，再加上你的魄力与创造力，岂有不赚钱的道理？|你追求成功，领导力强，在理财上追求新鲜刺激，投资重绩效，看短期结果，不耐烦放长线钓大鱼；你的周转能力也很不错，颇懂得运用钱转钱、钱赚钱的投资模式，但是，也因为赌性太盛而财起财落，大笔钱财转眼成空；多到中年以后才逐渐体会到金钱的价值，因置产、积蓄而有所留；你对市场颇有洞察力，投资也有眼光，如果能多听听专业人士的意见，再加上你的魄力与创造力，岂有不赚钱的道理？</caibo>
    <tianzai>你会有一定祖业，不过自己也需要打拼置业。</tianzai>
    <mingong />
    <caibofengxian>你可能不太擅长理财，在花钱时需要更加谨慎，格外注意可能带来的不良后果。你花钱比较大手大脚，计划性略显不足，因此财富可能会损耗得很快。</caibofengxian>
  </xingdi>
  <xingdi id="0#6" name="紫微星+天府星">
    <caibo>你追求成功，领导力强，正财、偏财运都不错，你的财富多半来自卓越的领导能力；在理财方面较理性，喜欢享受，对于你来说，赚钱要积极，花钱也要大方，赚钱就是为了花钱，是别人眼中的“财主”，这就要小心打肿脸充胖子所带来的不良后果；可通过储蓄、金融投资、置产等赚钱，分散投资可降低风险，多渠道平稳赚钱。|你追求成功，领导力强，正财、偏财运都不错，你的财富多半来自卓越的领导能力；在理财方面较理性，喜欢享受，对于你来说，赚钱要积极，花钱也要大方，赚钱就是为了花钱，是别人眼中的“财女”，这就要小心打肿脸充胖子所带来的不良后果；可通过储蓄、金融投资、置产等赚钱，分散投资可降低风险，多渠道平稳赚钱。</caibo>
    <tianzai>你的祖业丰厚并能继承，自置也是不错的选择，不动产会稳步增多，晚年会财产丰厚。</tianzai>
    <mingong />
    <caibofengxian>你在花钱时需要更加谨慎，格外注意可能带来的不良后果。</caibofengxian>
  </xingdi>
  <xingdi id="0#8" name="紫微星+贪狼星">
    <caibo>你对赚钱很感兴趣，也很喜欢花钱享受，当然，赚钱就是为了有钱花，你会凭自己的能力赚钱，也懂得运用人际关系赚钱，认为男人就该会赚钱；你的财富多半来自卓越的领导能力；周转能力也很不错，颇懂得运用钱转钱、钱赚钱的投资模式，但还是要小心因扩张信用而导致的经济危机；随着心态的成熟，才会慢慢看淡一些钱财诱惑，财路也会更为顺畅。|你对赚钱很感兴趣，也很喜欢花钱享受，当然，赚钱就是为了有钱花，你会凭自己的能力赚钱，也懂得运用人际关系赚钱，颇有“女子不输男”的气概；你的财富多半来自卓越的领导能力；你的周转能力也很不错，颇懂得运用钱转钱、钱赚钱的投资模式，但还是要小心因扩张信用而导致的经济危机；随着心态的成熟，才会慢慢看淡一些钱财诱惑，财路也会更为顺畅。</caibo>
    <tianzai>你适合通过自己努力购置产业，搬迁也可能比较频繁。</tianzai>
    <mingong />
    <caibofengxian>你可能不太擅长理财，但又你生性喜欢花钱，因此要格外注意学习理财，否则可能有散财的风险。</caibofengxian>
  </xingdi>
  <xingdi id="0#10" name="紫微星+天相星">
    <caibo>你颇有理财概念，思虑周全，谨慎理财，投资求稳妥，多能避开风险，稳中赚钱；周转能力也很不错，颇懂得运用钱转钱、钱赚钱的投资模式，但还是要小心因扩张信用而导致的经济危机；你是理财好手，可以替他人理财，或是投身于理财事业；若能更放开思路，大胆投资，可挖掘出你的赚钱潜能。|你颇有理财概念，思虑周全，谨慎理财，投资求稳当，多能避开风险，稳中赚钱；周转能力也很不错，颇懂得运用钱转钱、钱赚钱的投资模式，但还是要小心因扩张信用而导致的经济危机；你是管钱的好手，可以把握家中的经济大权，在你的打理下，家庭生活会很富余；若能更放开思路，大胆投资，可挖掘出你的赚钱潜能。</caibo>
    <tianzai>你的祖业丰厚并能继承，自置也是不错的选择，不动产会稳步增多，晚年会财产丰厚。</tianzai>
    <mingong />
    <caibofengxian>财运不稳定。在花钱时需要更加谨慎，格外注意可能带来的不良后果。</caibofengxian>
  </xingdi>
  <xingdi id="0#12" name="紫微星+七杀星">
    <caibo>你投资大胆，赚钱动力强，正财、偏财运都不错，你的财富多半来自卓越的领导能力及开创力；你花钱也很大方慷慨，不会为了一点钱而斤斤计较，会为了面子而不惜花大钱，是别人眼中的“财主”，这就要小心打肿脸充胖子所带来的不良后果；另外，在投资方面，若能从专长领域入手，避免盲目投机，凭借敏锐的嗅觉及专业的方式来运作，才能更好的理财，钱财也更稳定。|你投资大胆，赚钱动力强，正财、偏财运都不错，你的财富多半来自卓越的领导能力及开创力；你花钱也很大方慷慨，不会为了一点钱而斤斤计较，会为了面子而不惜花大钱，是别人眼中的“财女”，这就要小心打肿脸充胖子所带来的不良后果；另外，在投资方面，若能从专长领域入手，避免盲目投机，凭借敏锐的嗅觉及专业的方式来运作，才能更好的理财，钱财也更稳定。</caibo>
    <tianzai>你适合通过自己努力去创造产业，财产波动可能会比较大。</tianzai>
    <mingong />
    <caibofengxian>你可能不太擅长理财，因此钱财得失波动大，可能会因为环境改变而破财，因此需要加强财富的管理能力，</caibofengxian>
  </xingdi>
  <xingdi id="1#7" name="天机星+太阴星">
    <caibo>你对于创造财富，很有些独特的想法，也颇喜欢研究赚钱之道，但是不敢冒险，在平稳中求财；在钱财面前有欲望但没有行动力，太在意周围人的看法，常受别人意见的困扰，缺少自信；你的财运较稳定，多靠技术生财，协助别人赚大钱，自己赚小钱，所以，不易有大财；想赚钱，还应克服行动力不足的缺点，敢于开创，才能更好的把握赚钱机会。|你对于创造财富，很有些独特的想法，也颇喜欢研究赚钱之道，但是不敢冒险，在平稳中求财；在钱财面前有欲望但没有行动力，太在意周围人的看法，常受别人意见的困扰，缺少自信；你的财运较稳定，多靠技术生财，协助别人赚大钱，自己赚小钱，所以，不易有大财；想赚钱，还应克服行动力不足的缺点，敢于开创，才能更好的把握赚钱机会。</caibo>
    <tianzai>你可能有一定的祖业，也可以自己努力购置产业，不动产不断增多。</tianzai>
    <mingong />
    <caibofengxian>你虽然收入不错，但是支出很大，如果不注意节俭，很难有钱积聚，甚至可能破财。你可能在处理财富时会过于犹豫不决，因而错过致富的绝佳机会。</caibofengxian>
  </xingdi>
  <xingdi id="1#9" name="天机星+巨门星">
    <caibo>你对金钱的态度非常务实，相信一分耕耘才有一分收获，凭本事赚钱，甚少有贪求之心；偏财运还不错，常常能获利，中奖机会颇多，但也有因为贪心、失算而破财的可能；你的赚钱动力不足，钱财多来自于正财，靠动口才生财的管道比较适合你；辛勤工作，量入为出，有所储蓄，可考虑投资不动产、增值产业，也常常会有意外进财的小机会，兼职机会多。|你对金钱的态度非常务实，相信一分耕耘才有一分收获，凭本事赚钱，甚少有贪求之心；偏财运还不错，常常能获利，中奖机会颇多，但也有因为贪心、失算而破财的可能；你的赚钱动力不足，钱财多来自于正财，靠动口才生财的管道比较适合你；你辛勤工作，量入为出，有所储蓄，可考虑投资不动产、增值产业，也常常会有意外进财的小机会，兼职机会多。</caibo>
    <tianzai>你可自置产业，但是可能会常为产业而争执。</tianzai>
    <mingong />
    <caibofengxian>你支出较大，如果不注意节俭，很难有钱积聚，甚至可能破财。你比较容易有暴发户心态，喜欢炫耀。可能会因为太高傲或者太贪心，而受到同事亲友排挤算计。</caibofengxian>
  </xingdi>
  <xingdi id="1#11" name="天机星+天梁星">
    <caibo>你对钱财有欲望但行动力偏弱，常抱怨没有机会，但真正机会来时又害怕失败；太在意别人的看法，觉得自己不能太市侩、太功利主义，会让别人瞧不起，因此想要赚大钱的话，就要克服这些理财盲点；独立创业较辛苦，粮草充足、机会来时，可以与人合伙；遇到好的创业途径，应敢于尝试，别怕失败，可以先求稳不求大，逐渐累积财富和经验后，再来慢慢扩大投资。|你对钱财有欲望但行动力偏弱，常抱怨没有机会，但真正机会来时又害怕失败；太在意别人的看法，觉得自己不能太市侩、太功利主义，会让别人瞧不起，因此想要赚大钱的话，就要克服这些理财盲点；独立创业较辛苦，粮草充足、机会来时，可以与人合伙；遇到好的创业途径，应敢于尝试，别怕失败，可以先求稳不求大，逐渐累积财富和经验后，再来慢慢扩大投资。</caibo>
    <tianzai>你可自置产业，但可能会常为产业而争执计较，中晚年时会较为富贵。</tianzai>
    <mingong />
    <caibofengxian>你的财产可能会经常变动，虽然收入不错，但是支出很大，如果不注意节俭，很难有钱积聚，甚至可能破财。你是稳定赚钱的类型，不适合直接经商或者强行求财，如果有这方面的想法，则务必要特别小心谨慎。</caibofengxian>
  </xingdi>
  <xingdi id="2#7" name="太阳星+太阴星">
    <caibo>你信奉“君子爱财，取之有道”的理财原则，坚信“要收获，先栽种”，储蓄就是你理财的基本法门；在钱财方面有欲望但没有行动力，太在意周围人的看法，常受别人意见的困扰，缺少自信；你颇有公益心，热诚好客，为了公益不吝花钱；不过，你能节流而不易开源，为钱所苦，即使赚到钱心中也难免有不安全感，还应敢于开创，才能更好的把握赚钱机会。|你信奉“君子爱财，取之有道”的理财原则，坚信“要收获，先栽种”，储蓄就是你理财的基本法门；在钱财方面有欲望但没有行动力，太在意周围人的看法，常受别人意见的困扰，缺少自信；你颇有公益心，热诚好客，为了公益不吝花钱；不过，你能节流而不易开源，为钱所苦，即使赚到钱心中也难免有不安全感，还应敢于开创，才能更好的把握赚钱机会。</caibo>
    <tianzai>你的不动产运很旺盛，自己通过努力产业，不动产会不断增多。 </tianzai>
    <mingong />
    <caibofengxian>你平时乐善好施，出手大方，有时候会因爱面子、图虚荣而花费较多，会花一些冤枉钱。如果不好好理财的话，自己手头留不下钱财。你可能在处理财富时会过于犹豫不决，因而错过致富的绝佳机会。</caibofengxian>
  </xingdi>
  <xingdi id="2#9" name="太阳星+巨门星">
    <caibo>你有不错的投资理财能力，但不会冒险投资，会经过调查以及深思熟虑后，才谨慎投资；很懂得生活，也有储蓄的习惯，不会乱花钱，但在人情往来上较大方，在外大方，花钱后回家再伤感；有利动口生财，运用沟通技巧、创意思维来赚钱，会有较稳定的收入；你在理财上分析力强，有较强的洞悉能力，适合做市场分析，但不会贸然投资；由于你不敢冒险，不贪求不义之财，求财取之有道；人生多是替别人赚大钱，你赚小钱。|你有不错的投资理财能力，但不会冒险投资，会经过调查以及深思熟虑后，才谨慎投资；很懂得生活，也有储蓄的习惯，不会乱花钱，但在人情往来上较大方，在外大方，花钱后回家再伤感；有利动口生财，运用沟通技巧、创意思维来赚钱，会有较稳定的收入；你在理财上分析力强，有较强的洞悉能力，适合做市场分析，但不会贸然投资；由于你不敢冒险，不贪求不义之财，求财取之有道；人生多是替别人赚大钱，你赚小钱。</caibo>
    <tianzai>你的不动产运很旺盛，需要自己努力购置产业，但是不宜投资房地产。</tianzai>
    <mingong />
    <caibofengxian>你平时开销很大，乐善好施，出手大方，有时候会因爱面子、图虚荣而花费较多，会花一些冤枉钱。如果不好好理财的话，自己手头留不下钱财。你可能会有暴发户心态，喜欢炫耀。可能会因为太高傲或者太贪心，而受到同事亲友排挤算计。</caibofengxian>
  </xingdi>
  <xingdi id="2#11" name="太阳星+天梁星">
    <caibo>你的财运稳定，颇有理财经，要你发现理财见解，你可以说得头头是道，但真要你亲自实践，你就没了行动力，害怕冒风险；为善最乐，不计较小利，在钱财上常是无心插柳柳成荫；你害怕荷包没钱的日子，有钱才能有安全感；在理财上若能避免受周围人意见的干扰，以及道听途说或是犹豫不决，财运会更旺盛。|你的财运稳定，颇有理财经，要你发现理财见解，你可以说得头头是道，但真要你亲自实践，你就没了行动力，害怕冒风险；为善最乐，不计较小利，在钱财上常是无心插柳柳成荫；你害怕荷包没钱的日子，有钱才能有安全感；在理财上若能避免受周围人意见的干扰，以及道听途说或是犹豫不决，财运会更旺盛。</caibo>
    <tianzai>你的不动产运很旺盛，会有祖产，也适合通过自己努力购置产业，增添个人不动产。</tianzai>
    <mingong />
    <caibofengxian>你平时开销很大，乐善好施，出手大方，有时候会因爱面子、图虚荣而花费较多，会花一些冤枉钱。如果不好好理财的话，自己手头留不下钱财。你是稳定赚钱的类型，不适合直接经商或者强行求财，如果有这方面的想法，则务必要特别小心谨慎。</caibofengxian>
  </xingdi>
  <xingdi id="3#12" name="武曲星+七杀星">
    <caibo>你的财运稳定，颇有理财经，要你发现理财见解，你可以说得头头是道，但真要你亲自实践，你就没了行动力，害怕冒风险；为善最乐，不计较小利，在钱财上常是无心插柳柳成荫；你害怕荷包没钱的日子，有钱才能有安全感；在理财上若能避免受周围人意见的干扰，以及道听途说或是犹豫不决，财运会更旺盛。|你的财运稳定，颇有理财经，要你发现理财见解，你可以说得头头是道，但真要你亲自实践，你就没了行动力，害怕冒风险；为善最乐，不计较小利，在钱财上常是无心插柳柳成荫；你害怕荷包没钱的日子，有钱才能有安全感；在理财上若能避免受周围人意见的干扰，以及道听途说或是犹豫不决，财运会更旺盛。</caibo>
    <tianzai>你的祖业可能较少，常搬家，中晚年可自置产业。</tianzai>
    <mingong />
    <caibofengxian>你是“先有事业后有财富”的类型，要想获得财富需要先在事业上取得成就。你花钱的欲望比较大，也并不善于守财，因此钱财得失波动大，需要加强财富的管理能力。</caibofengxian>
  </xingdi>
  <xingdi id="3#10" name="武曲星+天相星">
    <caibo>你颇有理财概念，思虑周全，谨慎理财，投资求稳当，多能避开风险，稳中赚钱；你对赚钱的兴趣浓厚，赚钱动力很强，对于商机的把握也很精准，能理性评估，只要多留意大环境的讯息，多能赚到钱；你是管钱的好手，可投身于理财事业；随着年龄的增长，你将会透过各种投资管道的理财规划而有不错的储蓄。|你颇有理财概念，思虑周全，谨慎理财，投资求稳当，多能避开风险，稳中赚钱；你对赚钱的兴趣浓厚，赚钱动力很强，对于商机的把握也很精准，能理性评估，只要多留意大环境的讯息，多能赚到钱；你是管钱的好手，可以把握家中的经济大权，在你的打理下，家庭生活会很富余；随着年龄的增长，你将会透过各种投资管道的理财规划而有不错的储蓄。</caibo>
    <tianzai>你适合通过自己努力去增加产业，可以在多处有住宅。</tianzai>
    <mingong />
    <caibofengxian>你是“先有事业后有财富”的类型，要想获得财富需要先在事业上取得成就。你的偏财运不稳定，不适合投身于投机类行业，也不能急功近利。</caibofengxian>
  </xingdi>
  <xingdi id="3#13" name="武曲星+破军星">
    <caibo>你对赚钱的兴趣浓厚，对数字较敏感，赚钱动力很强；有大富大贵的机会，但是，花钱也大手大脚，喜欢买奢侈品，也很注重外在形象，觉得男人也该活得光鲜，钱财进出频繁，难以守住钱财；敢于冒险让你抢得先机，赚到不少钱，但是，也因为赌性太盛而财起财落，大笔钱财转眼成空；如果能多听听专业人士的意见，再加上你的魄力与创造力，财运会更稳定。|你对赚钱的兴趣浓厚，对数字较敏感，赚钱动力很强；有大富大贵的机会，但是，你花钱也大手大脚，喜欢买奢侈品，爱打扮，钱财进出频繁，难以守住钱财；敢于冒险让你抢得先机，赚到不少钱，但是，也因为赌性太盛而财起财落，大笔钱财转眼成空；如果能多听听专业人士的意见，再加上你的魄力与创造力，财运会更稳定。</caibo>
    <tianzai>你比较适合自己努力积聚财富购置产业。</tianzai>
    <mingong />
    <caibofengxian>你是“先有事业后有财富”的类型，要想获得财富需要先在事业上取得成就。你花钱比较大手大脚，计划性略显不足，因此财富可能会损耗得很快。</caibofengxian>
  </xingdi>
  <xingdi id="3#6" name="武曲星+天府星">
    <caibo>你对赚钱的兴趣浓厚，对数字较敏感，赚钱动力很强；对于商机的把握也很精准，能理性评估，只要多留意大环境的讯息，多能赚到钱；你喜欢多渠道规划钱财，储蓄、金融投资、置产等都是你选择的范围，分散投资可降低风险；有大富大贵的机会，但是，你花钱也不手软，喜欢买奢侈品，很注重形象，钱财进出频繁，难以守住钱财；还好，随着年龄的增长，你将会透过各种投资管道的理财规划而有不错的储蓄。|你对赚钱的兴趣浓厚，对数字较敏感，赚钱动力很强；对于商机的把握也很精准，能理性评估，只要多留意大环境的讯息，多能赚到钱；你喜欢多渠道规划钱财，储蓄、金融投资、置产等都是你选择的范围，分散投资可降低风险；有大富大贵的机会，但是，你花钱也不手软，喜欢买奢侈品，爱打扮，钱财进出频繁，难以守住钱财；还好，随着年龄的增长，你将会透过各种投资管道的理财规划而有不错的储蓄。</caibo>
    <tianzai>你会有祖业或现成的事业，会有越做越好，不断兴旺。</tianzai>
    <mingong />
    <caibofengxian>你是“先有事业后有财富”的类型，要想获得财富需要先在事业上取得成就。万不可眼高手低，导致事业没有进展。你平时花费较多，计划性略显不足，因此财富可能会损耗得很快。</caibofengxian>
  </xingdi>
  <xingdi id="3#8" name="武曲星+贪狼星">
    <caibo>你对赚钱的兴趣浓厚，对数字较敏感，赚钱动力很强；也很喜欢花钱享受，当然，赚钱就是为了有钱花，你会凭自己的能力赚钱，也懂得运用人际关系赚钱，认为男人就该会赚钱；对于商机的把握也很精准，能理性评估，只要多留意大环境的讯息，多能赚到钱；随着心态的成熟，你才会慢慢看淡一些钱财诱惑，财路也会更为顺畅。|你对赚钱的兴趣浓厚，对数字较敏感，赚钱动力很强；也很喜欢花钱享受，当然，赚钱就是为了有钱花，你会凭自己的能力赚钱，也懂得运用人际关系赚钱，颇有“女子不输男”的气概；对于商机的把握也很精准，能理性评估，只要多留意大环境的讯息，多能赚到钱；随着心态的成熟，你才会慢慢看淡一些钱财诱惑，财路也会更为顺畅。</caibo>
    <tianzai>你并不看重祖业，喜欢自己努力拼搏获取产业，有横发机遇，到中晚年后才会购置不动产。</tianzai>
    <mingong />
    <caibofengxian>你是“先有事业后有财富”的类型，要想获得财富需要先在事业上取得成就。你生性喜欢花钱，但同时又视财如命，可以为了求财而使用一切手段，总是有赌博的倾向，财富会出现大起大落。</caibofengxian>
  </xingdi>
  <xingdi id="4#9" name="天同星+巨门星">
    <caibo>你对金钱的态度非常务实，相信一分耕耘才有一分收获，凭本事赚钱，甚少有贪求之心；喜欢稳定的理财方式，求稳而不求快，有储蓄的概念；不过，你的情绪波折起伏，常受别人意见的困扰，因此在选择投资时要由你自己判断利害得失，不要听太多人的建议；你的钱财多来自于正财，靠动口才生财的管道比较适合你；可考虑投资不动产、增值产业。|你对金钱的态度非常务实，相信一分耕耘才有一分收获，凭本事赚钱，甚少有贪求之心；喜欢稳定的理财方式，求稳而不求快，有储蓄的概念；不过，你的情绪波折起伏，常受别人意见的困扰，因此在选择投资时要由你自己判断利害得失，不要听太多人的建议；你的钱财多来自于正财，靠动口才生财的管道比较适合你；可考虑投资不动产、增值产业。</caibo>
    <tianzai>你可能不会继承祖业，需要通过自己努力才能置业，中年后会越来越好。</tianzai>
    <mingong />
    <caibofengxian>你比较贪图享乐，可能会对赚钱也会比较怠惰，这可能会让你失去获得财富的机会。你比较容易有暴发户心态，喜欢炫耀。可能会因为太高傲或者太贪心，而受到同事亲友排挤算计。</caibofengxian>
  </xingdi>
  <xingdi id="4#11" name="天同星+天梁星">
    <caibo>你的财运稳定，颇有理财经，要你发现理财见解，你可以说得头头是道，但真要你亲自实践，你就没了行动力，害怕冒风险；你的情绪波折起伏，常受别人意见的困扰，因此在选择投资时要由你自己判断利害得失，不要听太多旁人的建议；亲自创业会很辛苦，想要赚大钱，就必须以赚钱为目标，而不要局限于自己的事业，借别人之手生财也是不错的方式。|你的财运稳定，颇有理财经，要你发现理财见解，你可以说得头头是道，但真要你亲自实践，你就没了行动力，害怕冒风险；你的情绪波折起伏，常受别人意见的困扰，因此在选择投资时要由你自己判断利害得失，不要听太多旁人的建议；亲自创业会很辛苦，想要赚大钱，就必须以赚钱为目标，而不要局限于自己的事业，借别人之手生财也是不错的方式。</caibo>
    <tianzai>你会有祖产，不过也会通过自己努力聚财置业。</tianzai>
    <mingong />
    <caibofengxian>你是稳定赚钱的类型，不适合直接经商或者强行求财。你比较贪图享乐，可能会对赚钱也会比较怠惰，这可能会让你失去获得财富的机会。</caibofengxian>
  </xingdi>
  <xingdi id="4#7" name="天同星+太阴星">
    <caibo>你对钱财有欲望但行动力偏弱，财运稳定但不易大发；你喜欢稳定的理财方式，求稳而不求快，有储蓄的概念；在钱财方面太在意周围人的看法，常受别人意见的困扰，缺少自信；能节流而不易开源，为钱所苦，即使赚到钱心中也难免有不安全感；自行创业会很辛苦，想要赚大钱，就必须以赚钱为目标，而不要局限于自己的事业，借别人之手生财也是不错的方式。|你对钱财有欲望但行动力偏弱，财运稳定但不易大发；你喜欢稳定的理财方式，求稳而不求快，有储蓄的概念；在钱财方面有欲望但没有行动力，太在意周围人的看法，常受别人意见的困扰，缺少自信；能节流而不易开源，为钱所苦，即使赚到钱心中也难免有不安全感；亲自创业会很辛苦，想要赚大钱，就必须以赚钱为目标，而不要局限于自己的事业，借别人之手生财也是不错的方式。</caibo>
    <tianzai>你可以白手起家，初期较为艰辛，后期会越发顺畅，可聚财自置产业，不动产不断增多。 </tianzai>
    <mingong />
    <caibofengxian>你比较贪图享乐，可能会对赚钱也会比较怠惰，这可能会让你失去获得财富的机会。你可能在处理财富时会过于犹豫不决，因而错过致富的绝佳机会。</caibofengxian>
  </xingdi>
  <xingdi id="5#6" name="廉贞星+天府星">
    <caibo>你颇有投资眼光，也懂得运用人际关系来赚钱，特别容易得到女性的帮助或是赚取异性财，从事与女性相关的行业或是投资女性用品，都是很好的致富良机；你喜欢多渠道规划钱财，储蓄、金融投资、置产等都是你选择的范围，分散投资可降低风险；有机会开创副业，多方赚取钱财。|你颇有投资眼光，也懂得运用人际关系来赚钱，特别容易得到男士的帮助或是赚取异性财，从事与男士相关的行业或是投资男士用品，都是很好的致富良机；你喜欢多渠道规划钱财，储蓄、金融投资、置产等都是你选择的范围，分散投资可降低风险；有机会开创副业，多方赚取钱财。</caibo>
    <tianzai>你可能有一定的祖业，并能继承发展，也能通过自己努力打拼积累财富自置产业。</tianzai>
    <mingong />
    <caibofengxian>你的财富流动性较大，易得易失，求财的过程中可能会有很多竞争对手，要获得财富较为辛苦。如果做投资，那么在得财后应该见好就收，不宜再次出击。你可能会在处理财富时过于保守，不舍得花钱，丧失更大的机会。</caibofengxian>
  </xingdi>
  <xingdi id="5#8" name="廉贞星+贪狼星">
    <caibo>你颇有投资眼光，也很喜欢花钱享受，当然，赚钱就是为了有钱花，你会凭自己的能力赚钱，也懂得运用人际关系赚钱，信奉“有钱好办事”的信条；也懂得运用人际关系来赚钱，特别容易得到女性的帮助或是赚取异性财，从事与女性相关的行业或是投资女性用品，都是很好的致富良机；不过，你的财运起落无常，花钱也很大胆，特别要提醒自己，不要因为异性而破财。|你颇有投资眼光，也很喜欢花钱享受，当然，赚钱就是为了有钱花，你会凭自己的能力赚钱，也懂得运用人际关系赚钱，颇有“女子不输男”的气概；也懂得运用人际关系来赚钱，特别容易得到男士的帮助或是赚取异性财，从事与男士相关的行业或是投资男士用品，都是很好的致富良机；不过，你的财运起落无常，花钱也很大胆，特别要提醒自己，不要因为异性而破财。</caibo>
    <tianzai>你可能没有祖业，需要自己努力置业，可能会经常搬家。</tianzai>
    <mingong />
    <caibofengxian>你生性喜欢花钱，但同时又视财如命，可以为了求财而使用一切手段，总是有赌博的倾向，财富会出现大起大落。求财的过程中可能会有很多竞争对手，要获得财富较为辛苦。如果做投资，那么在得财后应该见好就收，不宜再次出击。</caibofengxian>
  </xingdi>
  <xingdi id="5#10" name="廉贞星+天相星">
    <caibo>你颇有投资眼光，也懂得运用人际关系来赚钱，特别容易得到女性的帮助或是赚取异性财，从事与女性相关的行业或是投资女性用品，都是很好的致富良机；工作带来的高收入使你的经济情况稳定，多能借助领导力赚钱；你是管钱的好手，理财有一套，有机会为他人打理钱财，投身到理财事业中。|你颇有投资眼光，也懂得运用人际关系来赚钱，特别容易得到男士的帮助或是赚取异性财，从事与男士相关的行业或是投资男士用品，都是很好的致富良机；工作带来的高收入使你的经济情况稳定，多能借助领导力赚钱；你是管钱的好手，可以把握家中的经济大权，在你的打理下，家庭生活会很富余。</caibo>
    <tianzai>你自身并不适合继承祖业，而更适合通过辛苦拼搏，获得自己的积蓄和产业。</tianzai>
    <mingong />
    <caibofengxian>你的财富流动性较大，易得易失，求财的过程中可能会有很多竞争对手，要获得财富较为辛苦。你的偏财运不稳定，不能急功近利。如果做投资，那么在得财后应该见好就收，不宜再次出击。</caibofengxian>
  </xingdi>
  <xingdi id="5#12" name="廉贞星+七杀星">
    <caibo>你投资大胆，赚钱动力强，在赚钱方面很有气魄；花钱也很气派、贪图痛快，很难有积蓄；很重视朋友，讲义气，花钱豪爽，要小心钱赚得多也花得快，如若能稍微控制花钱欲望，就能很快的聚沙成塔；你颇有投资眼光，特别容易得到女性的帮助或是赚取异性财，从事与女性相关的行业或是投资女性用品，都是很好的致富良机；若能在投资上收敛一些赌性，多一点理性评估，你的财源会更稳定。|你投资大胆，赚钱动力强，在赚钱方面很有女强人的气势；花钱也很气派、贪图痛快，很难有积蓄；很重视朋友，讲义气，花钱豪爽，要小心钱赚得多也花得快，若能稍微控制花钱欲望，就能很快的聚沙成塔；你颇有投资眼光，特别容易得到男士的帮助或是赚取异性财，从事与男士相关的行业或是投资男士用品，都是很好的致富良机；若能在投资上收敛一些赌性，多一点理性评估，你的财源会更稳定。</caibo>
    <tianzai>你可能会经常搬家，经过辛勤努力积蓄，最终会有稳定的产业。</tianzai>
    <mingong />
    <caibofengxian>你花钱的欲望比较大，也并不善于守财，因此财富流动性较大，易得易失，求财的过程中可能会有很多竞争对手，要获得财富较为辛苦，需要加强财富的管理能力。</caibofengxian>
  </xingdi>
  <xingdi id="5#13" name="廉贞星+破军星">
    <caibo>你在理财上追求新鲜刺激，投资重绩效，看短期结果，不耐烦放长线钓大鱼；敢于冒险让你抢得先机，赚到不少钱，但是，也因为赌性太盛而财起财落，大笔钱财转眼成空；你对市场颇有洞察力，投资也有眼光，如果能收敛一些赌性，理性评估，多听听专业人士的意见，再加上你的魄力与创造力，财运会更稳定。|你在理财上追求新鲜刺激，投资重绩效，看短期结果，不耐烦放长线钓大鱼；敢于冒险让你抢得先机，赚到不少钱，但是，也因为赌性太盛而财起财落，大笔钱财转眼成空；你对市场颇有洞察力，投资也有眼光，如果能收敛一些赌性，理性评估，多听听专业人士的意见，再加上你的魄力与创造力，财运会更稳定。</caibo>
    <tianzai>你可能没有祖业，要通过辛苦拼搏，最终会自置产业。</tianzai>
    <mingong />
    <caibofengxian>你的财富流动性较大，易得易失，求财的过程中可能会有很多竞争对手，要获得财富较为辛苦。如果做投资，那么在得财后应该见好就收，不宜再次出击。你花钱比较大手大脚，计划性略显不足，因此财富可能会损耗得很快。</caibofengxian>
  </xingdi>
  <xingdi id="14" name="禄存">
    <caibo>会给你增加财运，增加你赚钱的机会，提高你成为巨富的可能。</caibo>
    <tianzai>你的祖上可能会有家业给你继承并发展，为你提供助力，可以勤俭致富。</tianzai>
    <mingong>你应该会不愁吃穿，也有赚钱的机会和能力，勤俭节约，经过努力以后可以存财成富。</mingong>
  </xingdi>
  <xingdi id="15" name="天马">
    <caibo>可以帮助你在辛苦奔波中收获财富，让你的努力不会白白浪费。</caibo>
    <tianzai>你可以选择开店做生意，比较容易吸引到很多客人。你也可以担任不动产中介，而自己也可能会经常搬家。</tianzai>
    <mingong>你做事积极主动，有冲劲，讲求效率，而且能吃苦耐劳，生活中的变动也可能会比较，容易在动中取财。</mingong>
  </xingdi>
  <xingdi id="16" name="文曲">
    <caibo>可以提升你对财富的敏感度，让你头脑灵活，提升管理财富的能力。如果你从事文学方面的职业，还能增加收入。</caibo>
    <tianzai>你有机会继承祖业，或者能购买属于自己的田宅物业，中年以后的机会尤其更好。</tianzai>
    <mingong>你有优异的文艺天分，学习能力很强，有助于在学术上取得好成绩，提升自身的综合能力，从而使自己的取财能力更强。</mingong>
  </xingdi>
  <xingdi id="17" name="文昌">
    <caibo>可以提升你对财富的敏感度，让你头脑灵活，提升管理财富的能力。如果你从事文学方面的职业，还能增加收入。</caibo>
    <tianzai>你有机会继承祖业，或者能购买属于自己的田宅物业，中年以后的机会尤其更好。</tianzai>
    <mingong>你有优异的文艺天分，学习能力很强，有助于在学术上取得好成绩，提升自身的综合能力，从而使自己的取财能力更强。</mingong>
  </xingdi>
  <xingdi id="18" name="左辅">
    <caibo>可以提高你赚钱的能力，也会增加你赚钱的途径，提高你的财富管理能力。</caibo>
    <tianzai>你可能有祖业可以继承而且可以不断发展壮大，或者可以得到长辈的帮助而获得属于自己的田宅。</tianzai>
    <mingong>你能得到贵人相助，从而使得工作、事业进展顺利，能有突出的表现，让生活更加富足。</mingong>
  </xingdi>
  <xingdi id="19" name="右弼">
    <caibo>可以提高你赚钱的能力，也会增加你赚钱的途径，提高你的财富管理能力。</caibo>
    <tianzai>有祖业可以继承，可以不断发展壮大祖业，或者得到长辈帮助，获得属于自己的田宅。</tianzai>
    <mingong>你能得到贵人相助，从而使得工作、事业进展顺利，能有突出的表现，让生活更加富足。</mingong>
  </xingdi>
  <xingdi id="20" name="天魁">
    <caibo>可以辅助你的财运，让你在求财时能得到贵人的帮助，从而推进事业发展，有更好的财富收益。</caibo>
    <tianzai>你可能会有楼房可以继承，也能不断发展祖业；长辈对于你的发展会有帮助，你也容易得到公司、单位、政策给予的机会。</tianzai>
    <mingong>你可能会获得贵人的赏识提拔。你一生中有很多赚钱的机会，如果好好把握，将会赚得不少的财富。</mingong>
  </xingdi>
  <xingdi id="21" name="天钺">
    <caibo>可以辅助你的财运，让你在求财时能得到贵人的帮助，从而推进事业发展，有更好的财富收益。</caibo>
    <tianzai>你可能会有楼房可以继承，也能不断发展祖业；长辈对于你的发展会有帮助，你也容易得到公司、单位、政策给予的机会。</tianzai>
    <mingong>你可能会获得贵人的赏识提拔。你一生中有很多赚钱的机会，如果好好把握，将会赚得不少的财富。</mingong>
  </xingdi>
  <xingdi id="22" name="擎羊">
    <caibo>你在积累财富的过程中会比较辛苦，有可能会错失发财的机会，即使很小心地经营，还是可能会遇到突发变故导致钱财流失。</caibo>
    <tianzai>继承祖业可能会遇到一些困难，可能会遇到资金问题，需要格外注意。</tianzai>
    <mingong>会有一些麻烦出现在你的生活中，工作上会遇到阻力，生活并不会很顺利，还需要注意意外伤害。</mingong>
  </xingdi>
  <xingdi id="23" name="陀罗">
    <caibo>你在积累财富的过程中会比较辛苦，有可能会错失发财的机会，即使很小心地经营，还是可能会遇到突发变故导致钱财流失。</caibo>
    <tianzai>继承祖业可能会遇到一些困难，可能会遇到资金问题，需要格外注意。</tianzai>
    <mingong>会有一些麻烦出现在你的生活中，工作上会遇到阻力，生活并不会很顺利，还需要注意意外伤害。</mingong>
  </xingdi>
  <xingdi id="24" name="火星">
    <caibo>在积累财富的过程中，你可能会得到意外之财，但是也可能遇到突发的变故而意外失去财富，另外也可能因为金钱与别人闹矛盾。</caibo>
    <tianzai>有机会继承祖业，不过不太稳定，有可能会变卖掉。</tianzai>
    <mingong>一生中波折会比较多，需要加强解决麻烦的能力。</mingong>
  </xingdi>
  <xingdi id="25" name="铃星">
    <caibo>在积累财富的过程中，你可能会得到意外之财，但是也可能遇到突发的变故而意外失去财富，另外也可能因为金钱与别人闹矛盾。</caibo>
    <tianzai>有机会继承祖业，不过不太稳定，有可能会变卖掉。</tianzai>
    <mingong>一生中波折会比较多，需要加强解决麻烦的能力。</mingong>
  </xingdi>
  <xingdi id="26" name="地空">
    <caibo>你可能会出现先借钱然后出薪水时再还钱的情况，有时候会超支，这不利于你积累财富。</caibo>
    <tianzai>可以继承的祖业不多，产业可能不利于登记在自己名下。</tianzai>
    <mingong>钱财不太容易聚集。情绪较不稳定，容易情绪化，有时会感觉空虚寂寞。</mingong>
  </xingdi>
  <xingdi id="27" name="地劫">
    <caibo>你可能会出现先借钱然后出薪水时再还钱的情况，有时候会超支，这不利于你积累财富。</caibo>
    <tianzai>可以继承的祖业不多，产业可能不利于登记在自己名下。</tianzai>
    <mingong>钱财不太容易聚集。情绪较不稳定，容易情绪化，有时会感觉空虚寂寞。</mingong>
  </xingdi>
  <xingdi id="28" name="化禄">
    <caibo />
    <tianzai />
    <mingong />
  </xingdi>
  <xingdi id="29" name="化权">
    <caibo />
    <tianzai />
    <mingong />
  </xingdi>
  <xingdi id="30" name="化科">
    <caibo />
    <tianzai />
    <mingong />
  </xingdi>
  <xingdi id="31" name="化忌">
    <caibo />
    <tianzai />
    <mingong />
  </xingdi>
</root>