<?xml version="1.0" encoding="UTF-8"?>
<root>
	<dashizhenyan id="0" name="紫微">
		<dizhi id="0">
			<content id="1">自己劳碌，事业难成，子女与本人关系平常。子女虚荣心强，浪费成性。</content>
			<content id="2">自己劳碌，事业难成，子女与本人关系平常。子女虚荣心强，浪费成性。/n长子会有刑伤、破相或不足月产。
			</content>
		</dizhi>
		<dizhi id="1">
			<content id="1">自己劳碌，事业难成，子女与本人关系平常。子女虚荣心强，浪费成性，先生女会较为合适。
			</content>
			<content id="2">自己劳碌，事业难成，子女与本人关系平常。子女虚荣心强，浪费成性，先生女会较为合适。/n容易流产或小产，头胎生子或会有缺陷，重则和您刑克不和。
			</content>
		</dizhi>
		<dizhi id="2">
			<content id="1">自己劳碌，事业难成，子女与本人关系平常。子女虚荣心强，浪费成性。/n子女个性刚强，长大后事业有成。
			</content>
			<content id="2">自己劳碌，事业难成，子女与本人关系平常。子女虚荣心强，浪费成性。/n子女固执，骄慢，心术不正，称王称霸。
			</content>
		</dizhi>
		<dizhi id="3">
			<content id="1">自己劳碌，事业难成，子女与本人关系平常。子女虚荣心强，浪费成性。/n迟得子女，子女个性活泼、俊美、善交际、浪费挥霍。
			</content>
			<content id="2">自己劳碌，事业难成，子女与本人关系平常。子女虚荣心强，浪费成性。/n迟得子女，子女个性活泼、俊美、善交际、浪费挥霍，强烈善变。
			</content>
		</dizhi>
		<dizhi id="4">
			<content id="1">自己劳碌，事业难成，子女与本人关系平常。子女虚荣心强，浪费成性。/n子女志向远大，倔强主观，有独立能力，能成大器。
			</content>
			<content id="2">自己劳碌，事业难成，子女与本人关系平常。子女虚荣心强，浪费成性。/n子女性固执，骄慢霸道，心术不正，不听人言，以致堕落。
			</content>
		</dizhi>
		<dizhi id="5">
			<content id="1">自己劳碌，事业难成，子女与本人关系平常。子女虚荣心强，浪费成性。/n子女威武刚毅，顽劣，叛逆性强，适合选择武职，容易获取成功。
			</content>
			<content id="2">自己劳碌，事业难成，子女与本人关系平常。子女虚荣心强，浪费成性。/n子女威武刚毅，顽劣，叛逆性强，固执，暴躁，心术不正。
			</content>
		</dizhi>
		<dizhi id="6">
			<content id="1">自己劳碌，事业难成，子女与本人关系平常。子女虚荣心强，浪费成性。</content>
			<content id="2">自己劳碌，事业难成，子女与本人关系平常。子女虚荣心强，浪费成性。/n长子会有刑伤、破相或不足月产。
			</content>
		</dizhi>
		<dizhi id="7">
			<content id="1">自己劳碌，事业难成，子女与本人关系平常。子女虚荣心强，浪费成性，先生女会较为合适。
			</content>
			<content id="2">自己劳碌，事业难成，子女与本人关系平常。子女虚荣心强，浪费成性，先生女会较为合适。/n容易流产或小产，头胎生子或会有缺陷，重则和您刑克不和。
			</content>
		</dizhi>
		<dizhi id="8">
			<content id="1">自己劳碌，事业难成，子女与本人关系平常。子女虚荣心强，浪费成性。/n子女个性刚强，长大后事业有成。
			</content>
			<content id="2">自己劳碌，事业难成，子女与本人关系平常。子女虚荣心强，浪费成性。/n子女固执，骄慢，心术不正，称王称霸。
			</content>
		</dizhi>
		<dizhi id="9">
			<content id="1">自己劳碌，事业难成，子女与本人关系平常。子女虚荣心强，浪费成性。/n迟得子女，子女个性活泼、俊美、善交际、浪费挥霍。
			</content>
			<content id="2">自己劳碌，事业难成，子女与本人关系平常。子女虚荣心强，浪费成性。/n迟得子女，子女个性活泼、俊美、善交际、浪费挥霍，强烈善变。
			</content>
		</dizhi>
		<dizhi id="10">
			<content id="1">自己劳碌，事业难成，子女与本人关系平常。子女虚荣心强，浪费成性。/n子女志向远大，倔强主观，有独立能力，能成大器。
			</content>
			<content id="2">自己劳碌，事业难成，子女与本人关系平常。子女虚荣心强，浪费成性。/n子女性固执，骄慢霸道，心术不正，不听人言，以致堕落。
			</content>
		</dizhi>
		<dizhi id="11">
			<content id="1">自己劳碌，事业难成，子女与本人关系平常。子女虚荣心强，浪费成性。/n子女威武刚毅，顽劣，叛逆性强，适合选择武职，容易获取成功。
			</content>
			<content id="2">自己劳碌，事业难成，子女与本人关系平常。子女虚荣心强，浪费成性。/n子女威武刚毅，顽劣，叛逆性强，固执，暴躁，心术不正。
			</content>
		</dizhi>
	</dashizhenyan>
	<dashizhenyan id="1" name="天机">
		<dizhi id="0">
			<content id="1">或会有一子一女，聪明伶俐，口才好，但不喜欢正规教育。/n子女较为偏向于专业人才，如计划、管理、财经等，不适合经商。
			</content>
			<content id="2">或会有一子一女，聪明伶俐，口才好，但不喜欢正规教育。/n您与子女缘分薄，或因自己外出谋生等原因，幼年时与子女甚少相见。有流产或小产的可能，怀孕期间需要注意安全。
			</content>
		</dizhi>
		<dizhi id="1">
			<content id="1">子女可能会有一二人，品格低下，喜挑剔，彼此关系不好。</content>
			<content id="2">子女可能会有一二人，品格低下，喜挑剔，彼此关系不好。/n怀孕期间容易出现意外，流产或开刀产子，或绝后。
			</content>
		</dizhi>
		<dizhi id="2">
			<content id="1">子女聪明俊美，孝顺，成熟稳重，付出努力可以独立兴家。</content>
			<content id="2">子女聪明俊美，孝顺，成熟稳重，付出努力可以独立兴家。/n子女多病灾,或怀孕时容易有流产、小产。
			</content>
		</dizhi>
		<dizhi id="3">
			<content id="1">子女性孤僻、好学、多思虑。两代参商，主关系欠佳，长大后时刻分居，不然会刑克不和。
			</content>
			<content id="2">子女性孤僻、好学、多思虑。两代参商，主关系欠佳，长大后时刻分居，不然会刑克不和。
			</content>
		</dizhi>
		<dizhi id="4">
			<content id="1">子女聪明机智，口齿伶俐，孝顺，彼此缘厚。</content>
			<content id="2">子女聪明机智，口齿伶俐，孝顺，彼此缘厚。但子女品格低下，怀孕时或会有小产流产，子女幼年灾病，长大会远离父母。
			</content>
		</dizhi>
		<dizhi id="5">
			<content id="1">子女不好学，奸诈，而且没有孝心，管教需要劳心劳力。</content>
			<content id="2">子女不好学，奸诈，而且没有孝心，管教需要劳心劳力。</content>
		</dizhi>
		<dizhi id="6">
			<content id="1">或会有一子一女，聪明伶俐，口才好，但不喜欢正规教育。/n子女较为偏向于专业人才，如计划、管理、财经等，不适合经商。
			</content>
			<content id="2">或会有一子一女，聪明伶俐，口才好，但不喜欢正规教育。/n您与子女缘分薄，或因自己外出谋生等原因，幼年时与子女甚少相见。有流产或小产的可能，怀孕期间需要注意安全。
			</content>
		</dizhi>
		<dizhi id="7">
			<content id="1">子女可能会有一二人，品格低下，喜挑剔，彼此关系不好。</content>
			<content id="2">子女可能会有一二人，品格低下，喜挑剔，彼此关系不好。/n怀孕期间容易出现意外，流产或开刀产子，或绝后。
			</content>
		</dizhi>
		<dizhi id="8">
			<content id="1">子女聪明俊美，孝顺，成熟稳重，付出努力可以独立兴家。</content>
			<content id="2">子女聪明俊美，孝顺，成熟稳重，付出努力可以独立兴家。/n子女多病灾,或怀孕时容易有流产、小产。
			</content>
		</dizhi>
		<dizhi id="9">
			<content id="1">子女性孤僻、好学、多思虑。两代参商，主关系欠佳，长大后时刻分居，不然会刑克不和。
			</content>
			<content id="2">子女性孤僻、好学、多思虑。两代参商，主关系欠佳，长大后时刻分居，不然会刑克不和。
			</content>
		</dizhi>
		<dizhi id="10">
			<content id="1">子女聪明机智，口齿伶俐，孝顺，彼此缘厚。</content>
			<content id="2">子女聪明机智，口齿伶俐，孝顺，彼此缘厚。但子女品格低下，怀孕时或会有小产流产，子女幼年灾病，长大会远离父母。
			</content>
		</dizhi>
		<dizhi id="11">
			<content id="1">子女不好学，奸诈，而且没有孝心，管教需要劳心劳力。</content>
			<content id="2">子女不好学，奸诈，而且没有孝心，管教需要劳心劳力。</content>
		</dizhi>
	</dashizhenyan>
	<dashizhenyan id="2" name="太阳">
		<dizhi id="0">
			<content id="1">适合先生女，头胎为儿子不算太好，儿子或会有病灾，或先天不足，长大后事业难成，需要付出更多的努力。
			</content>
			<content id="2">适合先生女，头胎为儿子不算太好，儿子或会有病灾，或先天不足，长大后事业难成，需要付出更多的努力。/n子女刑克不和，顽劣且难成大器。
			</content>
		</dizhi>
		<dizhi id="1">
			<content id="1">子女活泼开朗好动，天真烂漫，慷慨大方，发展能力很强。/n子女俊美端庄，可能有干儿女，长大后事业会有所成就。
			</content>
			<content id="2">子女活泼开朗好动，天真烂漫，慷慨大方，发展能力很强。/n子女俊美端庄，可能有干儿女，长大后事业会有所成就，但头胎子女身体不好，多病痛。
			</content>
		</dizhi>
		<dizhi id="2">
			<content id="1">子女活泼开朗好动，天真烂漫，慷慨大方，发展能力很强。/n聪明、有口才，但高傲浮华，是非多，适合学习外语，多会离乡或出国，子女有成就。
			</content>
			<content id="2">子女活泼开朗好动，天真烂漫，慷慨大方，发展能力很强。/n聪明、有口才，但高傲浮华，是非多，适合学习外语，多会离乡或出国。/n与您刑克不和，容易出现病症，或会早夭。
			</content>
		</dizhi>
		<dizhi id="3">
			<content id="1">子女较娇气、傲慢懒惰，能孝顺父母。您与子女虽能融洽，但仍有代沟，子女容易远离自己。适合监察、法律、纪律等事业。
			</content>
			<content id="2">子女较娇气、傲慢懒惰，能孝顺父母。您与子女虽能融洽，但仍有代沟，子女容易远离自己。适合监察、法律、纪律等事业。
			</content>
		</dizhi>
		<dizhi id="4">
			<content id="1">子女活泼开朗好动，天真烂漫，慷慨大方，发展能力很强，聪敏，有魄力，长大后事业有成。
			</content>
			<content id="2">子女活泼开朗好动，天真烂漫，慷慨大方，发展能力很强，聪敏，有魄力，长大后事业有成。/n但子女身体不好，或会多病多灾。
			</content>
		</dizhi>
		<dizhi id="5">
			<content id="1">子女活泼开朗好动，天真烂漫，慷慨大方，发展能力很强，聪敏而较浮奢，会有挫折。</content>
			<content id="2">子女活泼开朗好动，天真烂漫，慷慨大方，发展能力很强，聪敏而较浮奢，会有挫折，成长多坎坷。
			</content>
		</dizhi>
		<dizhi id="6">
			<content id="1">子女活泼开朗好动，天真烂漫，慷慨大方，发展能力很强。有独立思考能力，事业有成。</content>
			<content id="2">子女活泼开朗好动，天真烂漫，慷慨大方，发展能力很强。有独立思考能力，事业有成。/n子女小时候容易遭遇意外或身体多病，需要预防早夭。
			</content>
		</dizhi>
		<dizhi id="7">
			<content id="1">子女活泼开朗好动，天真烂漫，慷慨大方，发展能力很强。/n子女俊美端庄，可能有干儿女，长大后事业会有所成就。
			</content>
			<content id="2">子女活泼开朗好动，天真烂漫，慷慨大方，发展能力很强。/n子女俊美端庄，可能有干儿女，长大后事业会有所成就，但头胎子女身体不好，多病痛。
			</content>
		</dizhi>
		<dizhi id="8">
			<content id="1">子女活泼开朗好动，天真烂漫，慷慨大方，发展能力很强。/n聪明、有口才，但高傲浮华，是非多，适合学习外语，多会离乡或出国，子女有成就。
			</content>
			<content id="2">子女活泼开朗好动，天真烂漫，慷慨大方，发展能力很强。/n聪明、有口才，但高傲浮华，是非多，适合学习外语，多会离乡或出国。/n与您刑克不和，容易出现病症，或会早夭。
			</content>
		</dizhi>
		<dizhi id="9">
			<content id="1">子女较娇气、傲慢懒惰，能孝顺父母。您与子女虽能融洽，但仍有代沟，子女容易远离自己。适合监察、法律、纪律等事业。
			</content>
			<content id="2">子女较娇气、傲慢懒惰，能孝顺父母。您与子女虽能融洽，但仍有代沟，子女容易远离自己。适合监察、法律、纪律等事业。
			</content>
		</dizhi>
		<dizhi id="10">
			<content id="1">子女活泼开朗好动，天真烂漫，慷慨大方，发展能力很强。但事业较为平常，长子或会多有病。
			</content>
			<content id="2">子女活泼开朗好动，天真烂漫，慷慨大方，发展能力很强，但事业较为平常。子女体质较弱，长子或会多有病。
			</content>
		</dizhi>
		<dizhi id="11">
			<content id="1">子女活泼开朗好动，天真烂漫，慷慨大方，发展能力很强，聪敏而阴沉，人生较坎坷。</content>
			<content id="2">子女活泼开朗好动，天真烂漫，慷慨大方，发展能力很强，聪敏而阴沉，人生较坎坷。</content>
		</dizhi>
	</dashizhenyan>
	<dashizhenyan id="3" name="武曲">
		<dizhi id="0">
			<content id="1">孩子性格刚强，有活力，有才干，但倔强，固执，陶气，好动，喜欢弄玩具。/n子女视财如命，能事业有成，富贵。
			</content>
			<content id="2">孩子性格刚强，有活力，有才干，但倔强，固执，陶气，好动，喜欢弄玩具。/n子女视财如命，能事业有成，富贵。但与您不和，或会破相。
			</content>
		</dizhi>
		<dizhi id="1">
			<content id="1">孩子性格刚强，有活力，有才干，但倔强，固执，陶气，好动，喜欢弄玩具。/n得子较晚，或再婚生子，或有私生子，子女不孝但有才干。
			</content>
			<content id="2">孩子性格刚强，有活力，有才干，但倔强，固执，陶气，好动，喜欢弄玩具。/n得子较晚，或再婚生子，或有私生子。早生容易离家或寄养，否则会刑克不和。
			</content>
		</dizhi>
		<dizhi id="2">
			<content id="1">孩子性格刚强，有活力，有才干，但倔强，固执，陶气，好动，喜欢弄玩具。/n与子女彼此关系欠佳，但子女能成器，有成就。
			</content>
			<content id="2">孩子性格刚强，有活力，有才干，但倔强，固执，陶气，好动，喜欢弄玩具。/n与子女彼此关系欠佳，但子女能成器，有成就。
			</content>
		</dizhi>
		<dizhi id="3">
			<content id="1">孩子性格刚强，有活力，有才干，但倔强，陶气，好动，喜欢弄玩具。/n子女刚傲固执，叛逆败家，长子容易伤残夭折。
			</content>
			<content id="2">孩子性格刚强，有活力，有才干，但倔强，陶气，好动，喜欢弄玩具。/n子女刚傲固执，叛逆败家。怀孕期间容易流产，甚至或会有肢体伤损、残缺的子女。/n不适合收养子女，反而会招怨，无益。
			</content>
		</dizhi>
		<dizhi id="4">
			<content id="1">孩子性格刚强，有活力，有才干，但倔强，固执，陶气，好动，喜欢弄玩具。/n婚后早得子，但仍以先生女为佳。子女多才多艺，但可能较会优柔寡断。
			</content>
			<content id="2">孩子性格刚强，有活力，有才干，但倔强，固执，陶气，好动，喜欢弄玩具。/n婚后早得子，但仍以先生女为佳。子女多才多艺，但可能较会优柔寡断，因骄奢而败家。/n子女身体不好，或怀孕期间容易流产。
			</content>
		</dizhi>
		<dizhi id="5">
			<content id="1">孩子性格刚强，有活力，有才干，但倔强，固执，陶气，好动，喜欢弄玩具。/n子女性情不好，好动败家，走路摇摇摆摆，父子不和或远离，容易有不足月或剖腹产子。
			</content>
			<content id="2">孩子性格刚强，有活力，有才干，但倔强，固执，陶气，好动，喜欢弄玩具。/n子女性情不好，好动败家，走路摇摇摆摆，父子不和或远离。容易有不足月或剖腹产子，子女身体不好，容易有病灾。
			</content>
		</dizhi>
		<dizhi id="6">
			<content id="1">孩子性格刚强，有活力，有才干，但倔强，固执，陶气，好动，喜欢弄玩具。/n子女视财如命，能事业有成，富贵。
			</content>
			<content id="2">孩子性格刚强，有活力，有才干，但倔强，固执，陶气，好动，喜欢弄玩具。/n子女视财如命，能事业有成，富贵。但与您不和，或会破相。
			</content>
		</dizhi>
		<dizhi id="7">
			<content id="1">孩子性格刚强，有活力，有才干，但倔强，固执，陶气，好动，喜欢弄玩具。/n得子较晚，或再婚生子，或有私生子，子女不孝但有才干。
			</content>
			<content id="2">孩子性格刚强，有活力，有才干，但倔强，固执，陶气，好动，喜欢弄玩具。/n得子较晚，或再婚生子，或有私生子。早生容易离家或寄养，否则会刑克不和。
			</content>
		</dizhi>
		<dizhi id="8">
			<content id="1">孩子性格刚强，有活力，有才干，但倔强，固执，陶气，好动，喜欢弄玩具。/n与子女彼此关系欠佳，但子女能成器，有成就。
			</content>
			<content id="2">孩子性格刚强，有活力，有才干，但倔强，固执，陶气，好动，喜欢弄玩具。/n与子女彼此关系欠佳，但子女能成器，有成就。
			</content>
		</dizhi>
		<dizhi id="9">
			<content id="1">孩子性格刚强，有活力，有才干，但倔强，陶气，好动，喜欢弄玩具。/n子女刚傲固执，叛逆败家，长子容易伤残夭折。
			</content>
			<content id="2">孩子性格刚强，有活力，有才干，但倔强，陶气，好动，喜欢弄玩具。/n子女刚傲固执，叛逆败家。怀孕期间容易流产，甚至或会有肢体伤损、残缺的子女。/n不适合收养子女，反而会招怨，无益。
			</content>
		</dizhi>
		<dizhi id="10">
			<content id="1">孩子性格刚强，有活力，有才干，但倔强，固执，陶气，好动，喜欢弄玩具。/n婚后早得子，但仍以先生女为佳。子女多才多艺，但可能较会优柔寡断。
			</content>
			<content id="2">孩子性格刚强，有活力，有才干，但倔强，固执，陶气，好动，喜欢弄玩具。/n婚后早得子，但仍以先生女为佳。子女多才多艺，但可能较会优柔寡断，因骄奢而败家。/n子女身体不好，或怀孕期间容易流产。
			</content>
		</dizhi>
		<dizhi id="11">
			<content id="1">孩子性格刚强，有活力，有才干，但倔强，固执，陶气，好动，喜欢弄玩具。/n子女性情不好，好动败家，走路摇摇摆摆，父子不和或远离，容易有不足月或剖腹产子。
			</content>
			<content id="2">孩子性格刚强，有活力，有才干，但倔强，固执，陶气，好动，喜欢弄玩具。/n子女性情不好，好动败家，走路摇摇摆摆，父子不和或远离。容易有不足月或剖腹产子，子女身体不好，容易有病灾。
			</content>
		</dizhi>
	</dashizhenyan>
	<dashizhenyan id="4" name="天同">
		<dizhi id="0">
			<content id="1">子女温顺听话，乖巧可爱，很孝顺，感情好，是优秀的人材，但较贪玩、依赖性强。/n一般先生女，多生女，子女较柔弱，多才艺。子女孝顺，有福泽，一生平稳。
			</content>
			<content id="2">子女温顺听话，乖巧可爱，很孝顺，感情好，是优秀的人材，但较贪玩、依赖性强。/n一般先生女，多生女，子女较柔弱，多才艺。/n子女刑克不和或伤残，游手好闲，不务正业，较阴险。
			</content>
		</dizhi>
		<dizhi id="1">
			<content id="1">子女温顺听话，乖巧可爱，很孝顺，感情好，是优秀的人材，但较贪玩、依赖性强。/n子女较懦弱怪僻，内向孤独，不合群。
			</content>
			<content id="2">子女叛逆，与您对立，感情恶化，但能激发而有进取心。/n子女较懦弱怪僻，内向孤独，不合群。
			</content>
		</dizhi>
		<dizhi id="2">
			<content id="1">子女温顺听话，乖巧可爱，很孝顺，感情好，是优秀的人材，但较贪玩、依赖性强。/n多会先生女后生男，先生女则较顺。子女外向，有上进心，人缘好，随心所欲，喜吃喝玩乐，需要预防走向异途。
			</content>
			<content id="2">子女温顺听话，乖巧可爱，很孝顺，感情好，是优秀的人材，但较贪玩、依赖性强。/n多会先生女后生男，先生女则较顺。子女外向，有上进心，人缘好，随心所欲，喜吃喝玩乐，需要预防走向异途。/n少子送终，子女比较笨。
			</content>
		</dizhi>
		<dizhi id="3">
			<content id="1">子女温顺听话，乖巧可爱，很孝顺，感情好，是优秀的人材，但较贪玩、依赖性强。/n女多子少，您到中年后才生育子女，子女独立能力差，懦弱。但工作能力还算可以，能有成就。
			</content>
			<content id="2">子女温顺听话，乖巧可爱，很孝顺，感情好，是优秀的人材，但较贪玩、依赖性强。/n女多子少，您到中年后才生育子女，子女独立能力差，懦弱，而且比较笨。
			</content>
		</dizhi>
		<dizhi id="4">
			<content id="1">子女温顺听话，乖巧可爱，很孝顺，感情好，是优秀的人材，但较贪玩、依赖性强。/n子女较重感情，懦弱无能，亲子不得力，养子或女婿反得力。
			</content>
			<content id="2">子女温顺听话，乖巧可爱，很孝顺，感情好，是优秀的人材，但较贪玩、依赖性强。/n子女较重感情，懦弱无能，子女孤单，意志薄弱，有病灾或流产。
			</content>
		</dizhi>
		<dizhi id="5">
			<content id="1">子女温顺听话，乖巧可爱，很孝顺，感情好，是优秀的人材，但较贪玩、依赖性强。/n先生女较好，子女性格较刚强而多才华。
			</content>
			<content id="2">子女温顺听话，乖巧可爱，很孝顺，感情好，是优秀的人材，但较贪玩、依赖性强。/n先生女较好，子女较懦弱无能，贪吃贪玩。/n子女会离家发展，且性情不定，反叛性强。
			</content>
		</dizhi>
		<dizhi id="6">
			<content id="1">子女温顺听话，乖巧可爱，很孝顺，感情好，是优秀的人材，但较贪玩、依赖性强。/n一般先生女，多生女，子女较柔弱，多才艺。子女孝顺，有福泽，一生平稳。
			</content>
			<content id="2">子女温顺听话，乖巧可爱，很孝顺，感情好，是优秀的人材，但较贪玩、依赖性强。/n一般先生女，多生女，子女较柔弱，多才艺。/n子女刑克不和或伤残，游手好闲，不务正业，较阴险。
			</content>
		</dizhi>
		<dizhi id="7">
			<content id="1">子女温顺听话，乖巧可爱，很孝顺，感情好，是优秀的人材，但较贪玩、依赖性强。/n子女较懦弱怪僻，内向孤独，不合群。
			</content>
			<content id="2">子女叛逆，与您对立，感情恶化，但能激发而有进取心。/n子女较懦弱怪僻，内向孤独，不合群。
			</content>
		</dizhi>
		<dizhi id="8">
			<content id="1">子女温顺听话，乖巧可爱，很孝顺，感情好，是优秀的人材，但较贪玩、依赖性强。/n多会先生女后生男，先生女则较顺。子女外向，有上进心，人缘好，随心所欲，喜吃喝玩乐，需要预防走向异途。
			</content>
			<content id="2">子女温顺听话，乖巧可爱，很孝顺，感情好，是优秀的人材，但较贪玩、依赖性强。/n多会先生女后生男，先生女则较顺。子女外向，有上进心，人缘好，随心所欲，喜吃喝玩乐，需要预防走向异途。/n少子送终，子女比较笨。
			</content>
		</dizhi>
		<dizhi id="9">
			<content id="1">子女温顺听话，乖巧可爱，很孝顺，感情好，是优秀的人材，但较贪玩、依赖性强。/n女多子少，您到中年后才生育子女，子女独立能力差，懦弱。但工作能力还算可以，能有成就。
			</content>
			<content id="2">子女温顺听话，乖巧可爱，很孝顺，感情好，是优秀的人材，但较贪玩、依赖性强。/n女多子少，您到中年后才生育子女，子女独立能力差，懦弱，而且比较笨。
			</content>
		</dizhi>
		<dizhi id="10">
			<content id="1">子女温顺听话，乖巧可爱，很孝顺，感情好，是优秀的人材，但较贪玩、依赖性强。/n子女较重感情，懦弱无能，亲子不得力，养子或女婿反得力。
			</content>
			<content id="2">子女温顺听话，乖巧可爱，很孝顺，感情好，是优秀的人材，但较贪玩、依赖性强。/n子女较重感情，懦弱无能，子女孤单，意志薄弱，有病灾或流产。
			</content>
		</dizhi>
		<dizhi id="11">
			<content id="1">子女温顺听话，乖巧可爱，很孝顺，感情好，是优秀的人材，但较贪玩、依赖性强。/n先生女较好，子女性格较刚强而多才华。
			</content>
			<content id="2">子女温顺听话，乖巧可爱，很孝顺，感情好，是优秀的人材，但较贪玩、依赖性强。/n先生女较好，子女较懦弱无能，贪吃贪玩。/n子女会离家发展，且性情不定，反叛性强。
			</content>
		</dizhi>
	</dashizhenyan>
	<dashizhenyan id="5" name="廉贞">
		<dizhi id="0">
			<content id="1">子女稀少，但感情深厚，您很爱子女。子女幼时较多麻烦事，懂事后彼此感情浓厚，会得佳儿佳女而感情得以宽慰。/n子女品格较好，两代和谐，但较傲气，容易有小产流产变故。子女可以成为行政管理的人材。
			</content>
			<content id="2">子女稀少，但感情深厚，您很爱子女。子女幼时较多麻烦事，懂事后彼此感情浓厚，会得佳儿佳女而感情得以宽慰。/n子女品格较好，但较傲气，和您关系较差，或子女有病灾，容易有小产流产变故。
			</content>
		</dizhi>
		<dizhi id="1">
			<content id="1">子女稀少，但感情深厚，您很爱子女。子女幼时较多麻烦事，懂事后彼此感情浓厚，会得佳儿佳女而感情得以宽慰。/n子女个性顽劣，感情淡薄，带来不少烦恼和麻烦。体质较差，但能勤恳，能力强。
			</content>
			<content id="2">子女稀少，但感情深厚，您很爱子女。子女幼时较多麻烦事，懂事后彼此感情浓厚，会得佳儿佳女而感情得以宽慰。/n子女个性顽劣，感情淡薄，带来不少烦恼和麻烦。能勤恳，但体质较差，或会有夭折或伤残的子女。
			</content>
		</dizhi>
		<dizhi id="2">
			<content id="1">子女稀少，但感情深厚，您很爱子女。子女幼时较多麻烦事，懂事后彼此感情浓厚，会得佳儿佳女而感情得以宽慰。/n或会先生女，子女聪明而有成就。
			</content>
			<content id="2">子女稀少，但感情深厚，您很爱子女。子女幼时较多麻烦事，懂事后彼此感情浓厚，会得佳儿佳女而感情得以宽慰。/n或会先生女，子女聪明而有成就，但身体不好，会有病灾。
			</content>
		</dizhi>
		<dizhi id="3">
			<content id="1">子女稀少，但感情深厚，您很爱子女。子女幼时较多麻烦事，懂事后彼此感情浓厚，会得佳儿佳女而感情得以宽慰。/n性质最不稳定，子女刚硬多疑，长子难养，或会有伤病破相的子女。
			</content>
			<content id="2">子女稀少，但感情深厚，您很爱子女。子女幼时较多麻烦事，懂事后彼此感情浓厚，会得佳儿佳女而感情得以宽慰。/n性质最不稳定，子女刚硬多疑，长子难养，子女忤逆不孝，以怨报德。
			</content>
		</dizhi>
		<dizhi id="4">
			<content id="1">子女稀少，但感情深厚，您很爱子女。子女幼时较多麻烦事，懂事后彼此感情浓厚，会得佳儿佳女而感情得以宽慰。/n会生贵子，子女聪明优秀，气质高尚，都有出息，彼此感情良好。
			</content>
			<content id="2">子女稀少，但感情深厚，您很爱子女。子女幼时较多麻烦事，懂事后彼此感情浓厚，会得佳儿佳女而感情得以宽慰。/n会生贵子，子女聪明优秀，气质高尚，都有出息，但与您会刑克不和。
			</content>
		</dizhi>
		<dizhi id="5">
			<content id="1">子女稀少，但感情深厚，您很爱子女。子女幼时较多麻烦事，懂事后彼此感情浓厚，会得佳儿佳女而感情得以宽慰。/n子女勤劳，但游荡好赌，不好学，不懂孝顺。
			</content>
			<content id="2">子女稀少，但感情深厚，您很爱子女。子女幼时较多麻烦事，懂事后彼此感情浓厚，会得佳儿佳女而感情得以宽慰。/n子女勤劳，但游荡好赌，不好学，不懂孝顺，或会有有小产流产。
			</content>
		</dizhi>
		<dizhi id="6">
			<content id="1">子女稀少，但感情深厚，您很爱子女。子女幼时较多麻烦事，懂事后彼此感情浓厚，会得佳儿佳女而感情得以宽慰。/n子女品格较好，两代和谐，但较傲气，容易有小产流产变故。子女可以成为行政管理的人材。
			</content>
			<content id="2">子女稀少，但感情深厚，您很爱子女。子女幼时较多麻烦事，懂事后彼此感情浓厚，会得佳儿佳女而感情得以宽慰。/n子女品格较好，但较傲气，和您关系较差，或子女有病灾，容易有小产流产变故。
			</content>
		</dizhi>
		<dizhi id="7">
			<content id="1">子女稀少，但感情深厚，您很爱子女。子女幼时较多麻烦事，懂事后彼此感情浓厚，会得佳儿佳女而感情得以宽慰。/n子女个性顽劣，感情淡薄，带来不少烦恼和麻烦。体质较差，但能勤恳，能力强。
			</content>
			<content id="2">子女稀少，但感情深厚，您很爱子女。子女幼时较多麻烦事，懂事后彼此感情浓厚，会得佳儿佳女而感情得以宽慰。/n子女个性顽劣，感情淡薄，带来不少烦恼和麻烦。能勤恳，但体质较差，或会有夭折或伤残的子女。
			</content>
		</dizhi>
		<dizhi id="8">
			<content id="1">子女稀少，但感情深厚，您很爱子女。子女幼时较多麻烦事，懂事后彼此感情浓厚，会得佳儿佳女而感情得以宽慰。/n或会先生女，子女聪明而有成就。
			</content>
			<content id="2">子女稀少，但感情深厚，您很爱子女。子女幼时较多麻烦事，懂事后彼此感情浓厚，会得佳儿佳女而感情得以宽慰。/n或会先生女，子女聪明而有成就，但身体不好，会有病灾。
			</content>
		</dizhi>
		<dizhi id="9">
			<content id="1">子女稀少，但感情深厚，您很爱子女。子女幼时较多麻烦事，懂事后彼此感情浓厚，会得佳儿佳女而感情得以宽慰。/n性质最不稳定，子女刚硬多疑，长子难养，或会有伤病破相的子女。
			</content>
			<content id="2">子女稀少，但感情深厚，您很爱子女。子女幼时较多麻烦事，懂事后彼此感情浓厚，会得佳儿佳女而感情得以宽慰。/n性质最不稳定，子女刚硬多疑，长子难养，子女忤逆不孝，以怨报德。
			</content>
		</dizhi>
		<dizhi id="10">
			<content id="1">子女稀少，但感情深厚，您很爱子女。子女幼时较多麻烦事，懂事后彼此感情浓厚，会得佳儿佳女而感情得以宽慰。/n会生贵子，子女聪明优秀，气质高尚，都有出息，彼此感情良好。
			</content>
			<content id="2">子女稀少，但感情深厚，您很爱子女。子女幼时较多麻烦事，懂事后彼此感情浓厚，会得佳儿佳女而感情得以宽慰。/n会生贵子，子女聪明优秀，气质高尚，都有出息，但与您会刑克不和。
			</content>
		</dizhi>
		<dizhi id="11">
			<content id="1">子女稀少，但感情深厚，您很爱子女。子女幼时较多麻烦事，懂事后彼此感情浓厚，会得佳儿佳女而感情得以宽慰。/n子女勤劳，但游荡好赌，不好学，不懂孝顺。
			</content>
			<content id="2">子女稀少，但感情深厚，您很爱子女。子女幼时较多麻烦事，懂事后彼此感情浓厚，会得佳儿佳女而感情得以宽慰。/n子女勤劳，但游荡好赌，不好学，不懂孝顺，或会有有小产流产。
			</content>
		</dizhi>
	</dashizhenyan>
	<dashizhenyan id="6" name="天府">
		<dizhi id="0">
			<content id="1"></content>
			<content id="2"></content>
		</dizhi>
		<dizhi id="1">
			<content id="1">子女聪明，温顺，稳重，孝顺，有才干，有号召力，但较高傲保守、动作迟缓。/n子女品学兼优，都有出息，必成大器。但有病灾和性情较差而难管教。
			</content>
			<content id="2">子女聪明，温顺，稳重，孝顺，有才干，有号召力，但较高傲保守、动作迟缓。/n子女品学兼优，都有出息，必成大器。但有病灾和性情较差而难管教。
			</content>
		</dizhi>
		<dizhi id="2">
			<content id="1"></content>
			<content id="2"></content>
		</dizhi>
		<dizhi id="3">
			<content id="1">子女聪明，温顺，稳重，孝顺，有才干，有号召力，但较高傲保守、动作迟缓。/n子女子女品学兼优，但有病灾和性情较差而难管教。
			</content>
			<content id="2">子女聪明，温顺，稳重，孝顺，有才干，有号召力，但较高傲保守、动作迟缓。/n子女子女品学兼优，但有病灾和性情较差而难管教。
			</content>
		</dizhi>
		<dizhi id="4">
			<content id="1"></content>
			<content id="2"></content>
		</dizhi>
		<dizhi id="5">
			<content id="1">子女聪明，温顺，稳重，孝顺，有才干，有号召力，但较高傲保守、动作迟缓。/n子女品学兼优，都有出息，子女有组织才干，能独当一面，必成大器。但有病灾和性情较差而难管教。
			</content>
			<content id="2">子女聪明，温顺，稳重，孝顺，有才干，有号召力，但较高傲保守、动作迟缓。/n子女品学兼优，都有出息，必成大器。但有病灾和性情较差而难管教。
			</content>
		</dizhi>
		<dizhi id="6">
			<content id="1"></content>
			<content id="2"></content>
		</dizhi>
		<dizhi id="7">
			<content id="1">子女聪明，温顺，稳重，孝顺，有才干，有号召力，但较高傲保守、动作迟缓。/n子女品学兼优，都有出息，必成大器。但有病灾和性情较差而难管教。
			</content>
			<content id="2">子女聪明，温顺，稳重，孝顺，有才干，有号召力，但较高傲保守、动作迟缓。/n子女品学兼优，都有出息，必成大器。但有病灾和性情较差而难管教。
			</content>
		</dizhi>
		<dizhi id="8">
			<content id="1"></content>
			<content id="2"></content>
		</dizhi>
		<dizhi id="9">
			<content id="1">子女聪明，温顺，稳重，孝顺，有才干，有号召力，但较高傲保守、动作迟缓。/n子女子女品学兼优，但有病灾和性情较差而难管教。
			</content>
			<content id="2">子女聪明，温顺，稳重，孝顺，有才干，有号召力，但较高傲保守、动作迟缓。/n子女子女品学兼优，但有病灾和性情较差而难管教。
			</content>
		</dizhi>
		<dizhi id="10">
			<content id="1"></content>
			<content id="2"></content>
		</dizhi>
		<dizhi id="11">
			<content id="1">子女聪明，温顺，稳重，孝顺，有才干，有号召力，但较高傲保守、动作迟缓。/n子女品学兼优，都有出息，子女有组织才干，能独当一面，必成大器。但有病灾和性情较差而难管教。
			</content>
			<content id="2">子女聪明，温顺，稳重，孝顺，有才干，有号召力，但较高傲保守、动作迟缓。/n子女品学兼优，都有出息，必成大器。但有病灾和性情较差而难管教。
			</content>
		</dizhi>
	</dashizhenyan>
	<dashizhenyan id="7" name="太阴">
		<dizhi id="0">
			<content id="1"></content>
			<content id="2"></content>
		</dizhi>
		<dizhi id="1">
			<content id="1"></content>
			<content id="2"></content>
		</dizhi>
		<dizhi id="2">
			<content id="1"></content>
			<content id="2"></content>
		</dizhi>
		<dizhi id="3">
			<content id="1">子女个性懦弱无能，或虚浮不成器。子女品性尚好，但缺乏领导的才能。/n桃花星重，子女容易招惹异性，有感情困扰。
			</content>
			<content id="2">子女个性懦弱无能，或虚浮不成器。子女品性尚好，但缺乏领导的才能。/n桃花星重，子女容易招惹异性，有感情困扰。
			</content>
		</dizhi>
		<dizhi id="4">
			<content id="1">子女个性懦弱无能，或虚浮不成器。子女品性尚好，但缺乏领导的才能。/n容易有吸烟吸毒的倾向，教育工作需要下工夫。
			</content>
			<content id="2">子女个性懦弱无能，或虚浮不成器。子女品性尚好，但缺乏领导的才能。/n容易有吸烟吸毒的倾向，教育工作需要下工夫。
			</content>
		</dizhi>
		<dizhi id="5">
			<content id="1">子女个性懦弱无能，或虚浮不成器。子女品性尚好，但缺乏领导的才能。/n父母容易离异，子女孤独寂寞。
			</content>
			<content id="2">子女个性懦弱无能，或虚浮不成器。子女品性尚好，但缺乏领导的才能。/n父母容易离异，子女孤独寂寞。
			</content>
		</dizhi>
		<dizhi id="6">
			<content id="1"></content>
			<content id="2"></content>
		</dizhi>
		<dizhi id="7">
			<content id="1"></content>
			<content id="2"></content>
		</dizhi>
		<dizhi id="8">
			<content id="1"></content>
			<content id="2"></content>
		</dizhi>
		<dizhi id="9">
			<content id="1">或会先女后男，孩子与父母感情深厚。子女很有才干，事业有成就，能富贵。/n桃花星重，子女容易招惹异性，有感情困扰。
			</content>
			<content id="2">或会先女后男，孩子与父母感情深厚。子女很有才干，事业有成就，能富贵。/n桃花星重，子女容易招惹异性，有感情困扰。/n子女眼睛容易出问题，会有眼病或戴眼镜。
			</content>
		</dizhi>
		<dizhi id="10">
			<content id="1">或会先女后男，孩子与父母感情深厚。子女很有才干，事业有成就，能富贵。/n容易有吸烟吸毒的倾向，教育工作需要下工夫。
			</content>
			<content id="2">或会先女后男，孩子与父母感情深厚。子女很有才干，事业有成就，能富贵。/n容易有吸烟吸毒的倾向，教育工作需要下工夫。
			</content>
		</dizhi>
		<dizhi id="11">
			<content id="1">或会先女后男，孩子与父母感情深厚。子女很有才干，事业有成就，能富贵。/n子女容易受感情所困。
			</content>
			<content id="2">或会先女后男，孩子与父母感情深厚。子女很有才干，事业有成就，能富贵。/n子女容易受感情所困。
			</content>
		</dizhi>
	</dashizhenyan>
	<dashizhenyan id="8" name="贪狼">
		<dizhi id="0">
			<content id="1">头胎多先生女，孩子顽皮不驯，很倔强，善变，反抗性强，贪玩好动，是非多，女美男荡，喜欢交往异性。/n成人后则富开创和奋斗精神，但好胜心强，欲望高，大多离乡发展。/n自己因孩子的不听话而苦恼，且容易纵欲无度，能博得异性喜欢，不适合早婚。/n子女聪明智慧、地位和成就高，但多贪图享受。
			</content>
			<content id="2">头胎多先生女，孩子顽皮不驯，很倔强，善变，反抗性强，贪玩好动，是非多，女美男荡，喜欢交往异性。/n成人后则富开创和奋斗精神，但好胜心强，欲望高，大多离乡发展。/n自己因孩子的不听话而苦恼，且容易纵欲无度，能博得异性喜欢，不适合早婚。/n子女聪明智慧、地位和成就高，但多贪图享受。
			</content>
		</dizhi>
		<dizhi id="1">
			<content id="1"></content>
			<content id="2"></content>
		</dizhi>
		<dizhi id="2">
			<content id="1">头胎多先生女，孩子顽皮不驯，很倔强，善变，反抗性强，贪玩好动，是非多，女美男荡，喜欢交往异性。/n成人后则富开创和奋斗精神，但好胜心强，欲望高，大多离乡发展。/n自己因孩子的不听话而苦恼，且容易纵欲无度，能博得异性喜欢，不适合早婚。/n得子较迟，彼此感情较好，子女机智好动，倔强，事业有成就。
			</content>
			<content id="2">头胎多先生女，孩子顽皮不驯，很倔强，善变，反抗性强，贪玩好动，是非多，女美男荡，喜欢交往异性。/n成人后则富开创和奋斗精神，但好胜心强，欲望高，大多离乡发展。/n自己因孩子的不听话而苦恼，且容易纵欲无度，能博得异性喜欢，不适合早婚。/n得子较迟，子女机智好动，倔强。子女品行不端正，刑克不和，甚则有早夭。
			</content>
		</dizhi>
		<dizhi id="3">
			<content id="1"></content>
			<content id="2"></content>
		</dizhi>
		<dizhi id="4">
			<content id="1">头胎多先生女，孩子顽皮不驯，很倔强，善变，反抗性强，贪玩好动，是非多，女美男荡，喜欢交往异性。/n成人后则富开创和奋斗精神，但好胜心强，欲望高，大多离乡发展。/n自己因孩子的不听话而苦恼，且容易纵欲无度，能博得异性喜欢，不适合早婚。/n亲子关系还算和谐，子女欲望大，好胜要强，作事多进退反复，事业有成，但还是会横发横破。
			</content>
			<content id="2">头胎多先生女，孩子顽皮不驯，很倔强，善变，反抗性强，贪玩好动，是非多，女美男荡，喜欢交往异性。/n成人后则富开创和奋斗精神，但好胜心强，欲望高，大多离乡发展。/n自己因孩子的不听话而苦恼，且容易纵欲无度，能博得异性喜欢，不适合早婚。/n亲子关系还算和谐，子女欲望大，好胜要强，作事多进退反复，横发横破。/n中年后与子女离别，很少机会能相见相聚。
			</content>
		</dizhi>
		<dizhi id="5">
			<content id="1"></content>
			<content id="2"></content>
		</dizhi>
		<dizhi id="6">
			<content id="1">头胎多先生女，孩子顽皮不驯，很倔强，善变，反抗性强，贪玩好动，是非多，女美男荡，喜欢交往异性。/n成人后则富开创和奋斗精神，但好胜心强，欲望高，大多离乡发展。/n自己因孩子的不听话而苦恼，且容易纵欲无度，能博得异性喜欢，不适合早婚。/n子女聪明智慧、地位和成就高，但多贪图享受。
			</content>
			<content id="2">头胎多先生女，孩子顽皮不驯，很倔强，善变，反抗性强，贪玩好动，是非多，女美男荡，喜欢交往异性。/n成人后则富开创和奋斗精神，但好胜心强，欲望高，大多离乡发展。/n自己因孩子的不听话而苦恼，且容易纵欲无度，能博得异性喜欢，不适合早婚。/n子女聪明智慧、地位和成就高，但多贪图享受。
			</content>
		</dizhi>
		<dizhi id="7">
			<content id="1"></content>
			<content id="2"></content>
		</dizhi>
		<dizhi id="8">
			<content id="1">头胎多先生女，孩子顽皮不驯，很倔强，善变，反抗性强，贪玩好动，是非多，女美男荡，喜欢交往异性。/n成人后则富开创和奋斗精神，但好胜心强，欲望高，大多离乡发展。/n自己因孩子的不听话而苦恼，且容易纵欲无度，能博得异性喜欢，不适合早婚。/n得子较迟，彼此感情较好，子女机智好动，倔强，事业有成就。
			</content>
			<content id="2">头胎多先生女，孩子顽皮不驯，很倔强，善变，反抗性强，贪玩好动，是非多，女美男荡，喜欢交往异性。/n成人后则富开创和奋斗精神，但好胜心强，欲望高，大多离乡发展。/n自己因孩子的不听话而苦恼，且容易纵欲无度，能博得异性喜欢，不适合早婚。/n得子较迟，子女机智好动，倔强。子女品行不端正，刑克不和，甚则有早夭。
			</content>
		</dizhi>
		<dizhi id="9">
			<content id="1"></content>
			<content id="2"></content>
		</dizhi>
		<dizhi id="10">
			<content id="1">头胎多先生女，孩子顽皮不驯，很倔强，善变，反抗性强，贪玩好动，是非多，女美男荡，喜欢交往异性。/n成人后则富开创和奋斗精神，但好胜心强，欲望高，大多离乡发展。/n自己因孩子的不听话而苦恼，且容易纵欲无度，能博得异性喜欢，不适合早婚。/n亲子关系还算和谐，子女欲望大，好胜要强，作事多进退反复，事业有成，但还是会横发横破。
			</content>
			<content id="2">头胎多先生女，孩子顽皮不驯，很倔强，善变，反抗性强，贪玩好动，是非多，女美男荡，喜欢交往异性。/n成人后则富开创和奋斗精神，但好胜心强，欲望高，大多离乡发展。/n自己因孩子的不听话而苦恼，且容易纵欲无度，能博得异性喜欢，不适合早婚。/n亲子关系还算和谐，子女欲望大，好胜要强，作事多进退反复，横发横破。/n中年后与子女离别，很少机会能相见相聚。
			</content>
		</dizhi>
		<dizhi id="11">
			<content id="1"></content>
			<content id="2"></content>
		</dizhi>
	</dashizhenyan>
	<dashizhenyan id="9" name="巨门">
		<dizhi id="0">
			<content id="1">子女少，多波折，与父母思想相背，有代沟，远离父母能化解，一般代表头胎有损，长子难养。/n得子较迟，或长子容易有病灾。
			</content>
			<content id="2">子女少，多波折，与父母思想相背，有代沟，远离父母能化解，一般代表头胎有损，长子难养。/n得子较迟，或长子容易有病灾。
			</content>
		</dizhi>
		<dizhi id="1">
			<content id="1"></content>
			<content id="2"></content>
		</dizhi>
		<dizhi id="2">
			<content id="1"></content>
			<content id="2"></content>
		</dizhi>
		<dizhi id="3">
			<content id="1"></content>
			<content id="2"></content>
		</dizhi>
		<dizhi id="4">
			<content id="1">子女多波折，与父母思想相背，有代沟，远离父母能化解，一般代表头胎有损，长子难养。/n亲子感情差，子女有助力，辩才佳。
			</content>
			<content id="2">子女多波折，与父母思想相背，有代沟，远离父母能化解，一般代表头胎有损，长子难养。/n亲子感情差，适合养子，或长子长女过继他人。
			</content>
		</dizhi>
		<dizhi id="5">
			<content id="1">子女少，多波折，与父母思想相背，有代沟，远离父母能化解，一般代表头胎有损，长子难养。/n亲子感情差，子女有口才和辩才，事业成就高。
			</content>
			<content id="2">子女多波折，与父母思想相背，有代沟，远离父母能化解，一般代表头胎有损，长子难养。/n亲子感情差，刑克不和，子女少，或身体不佳，容易有病灾。
			</content>
		</dizhi>
		<dizhi id="6">
			<content id="1">子女少，多波折，与父母思想相背，有代沟，远离父母能化解，一般代表头胎有损，长子难养。/n得子较迟，或长子容易有病灾。
			</content>
			<content id="2">子女少，多波折，与父母思想相背，有代沟，远离父母能化解，一般代表头胎有损，长子难养。/n得子较迟，或长子容易有病灾。
			</content>
		</dizhi>
		<dizhi id="7">
			<content id="1"></content>
			<content id="2"></content>
		</dizhi>
		<dizhi id="8">
			<content id="1"></content>
			<content id="2"></content>
		</dizhi>
		<dizhi id="9">
			<content id="1"></content>
			<content id="2"></content>
		</dizhi>
		<dizhi id="10">
			<content id="1">子女多波折，与父母思想相背，有代沟，远离父母能化解，一般代表头胎有损，长子难养。/n亲子感情差，子女有助力，辩才佳。
			</content>
			<content id="2">子女多波折，与父母思想相背，有代沟，远离父母能化解，一般代表头胎有损，长子难养。/n亲子感情差，适合养子，或长子长女过继他人。
			</content>
		</dizhi>
		<dizhi id="11">
			<content id="1">子女少，多波折，与父母思想相背，有代沟，远离父母能化解，一般代表头胎有损，长子难养。/n亲子感情差，子女有口才和辩才，事业成就高。
			</content>
			<content id="2">子女多波折，与父母思想相背，有代沟，远离父母能化解，一般代表头胎有损，长子难养。/n亲子感情差，刑克不和，子女少，或身体不佳，容易有病灾。
			</content>
		</dizhi>
	</dashizhenyan>
	<dashizhenyan id="10" name="天相">
		<dizhi id="0">
			<content id="1"></content>
			<content id="2"></content>
		</dizhi>
		<dizhi id="1">
			<content id="1">子女较优秀，有福荫，诚实可爱，孝顺，不必为前途担心，但很重视体面，贪吃爱漂亮，虚荣心强，较内向保守，不合群，不够积极主动。/n或会先生女后生子，子女事业会有所成就。
			</content>
			<content id="2">子女较优秀，有福荫，诚实可爱，孝顺，不必为前途担心，但很重视体面，贪吃爱漂亮，虚荣心强，较内向保守，不合群，不够积极主动。/n或会先生女后生子，子女事业会有所成就。
			</content>
		</dizhi>
		<dizhi id="2">
			<content id="1"></content>
			<content id="2"></content>
		</dizhi>
		<dizhi id="3">
			<content id="1">子女较优秀，有福荫，诚实可爱，孝顺，不必为前途担心，但很重视体面，贪吃爱漂亮，虚荣心强，较内向保守，不合群，不够积极主动。/n子女事业会有所成就，但身体不好，会因子女的病伤夭折而伤心流泪。
			</content>
			<content id="2">子女较优秀，有福荫，诚实可爱，孝顺，不必为前途担心，但很重视体面，贪吃爱漂亮，虚荣心强，较内向保守，不合群，不够积极主动。/n子女事业会有所成就，但身体不好，会因子女的病伤夭折而伤心流泪。
			</content>
		</dizhi>
		<dizhi id="4">
			<content id="1"></content>
			<content id="2"></content>
		</dizhi>
		<dizhi id="5">
			<content id="1">子女较优秀，有福荫，诚实可爱，孝顺，不必为前途担心，但很重视体面，贪吃爱漂亮，虚荣心强，较内向保守，不合群，不够积极主动。/n或会先生女后生子,长子或长女容易有病灾。子女事业会有所成就。
			</content>
			<content id="2">子女较优秀，有福荫，诚实可爱，孝顺，不必为前途担心，但很重视体面，贪吃爱漂亮，虚荣心强，较内向保守，不合群，不够积极主动。/n或会先生女后生子,长子或长女容易有病灾。子女事业会有所成就。
			</content>
		</dizhi>
		<dizhi id="6">
			<content id="1"></content>
			<content id="2"></content>
		</dizhi>
		<dizhi id="7">
			<content id="1">子女较优秀，有福荫，诚实可爱，孝顺，不必为前途担心，但很重视体面，贪吃爱漂亮，虚荣心强，较内向保守，不合群，不够积极主动。/n或会先生女后生子,长子或长女容易有病灾。子女事业会有所成就。
			</content>
			<content id="2">子女较优秀，有福荫，诚实可爱，孝顺，不必为前途担心，但很重视体面，贪吃爱漂亮，虚荣心强，较内向保守，不合群，不够积极主动。/n或会先生女后生子,长子或长女容易有病灾。子女事业会有所成就。
			</content>
		</dizhi>
		<dizhi id="8">
			<content id="1"></content>
			<content id="2"></content>
		</dizhi>
		<dizhi id="9">
			<content id="1">子女较优秀，有福荫，诚实可爱，孝顺，不必为前途担心，但很重视体面，贪吃爱漂亮，虚荣心强，较内向保守，不合群，不够积极主动。/n子女事业会有所成就，但身体不好，会因子女的病伤夭折而伤心流泪。
			</content>
			<content id="2">子女较优秀，有福荫，诚实可爱，孝顺，不必为前途担心，但很重视体面，贪吃爱漂亮，虚荣心强，较内向保守，不合群，不够积极主动。/n子女事业会有所成就，但身体不好，会因子女的病伤夭折而伤心流泪。
			</content>
		</dizhi>
		<dizhi id="10">
			<content id="1"></content>
			<content id="2"></content>
		</dizhi>
		<dizhi id="11">
			<content id="1">子女较优秀，有福荫，诚实可爱，孝顺，不必为前途担心，但很重视体面，贪吃爱漂亮，虚荣心强，较内向保守，不合群，不够积极主动。/n或会先生女后生子,长子或长女容易有病灾。子女事业会有所成就。
			</content>
			<content id="2">子女较优秀，有福荫，诚实可爱，孝顺，不必为前途担心，但很重视体面，贪吃爱漂亮，虚荣心强，较内向保守，不合群，不够积极主动。/n或会先生女后生子,长子或长女容易有病灾。子女事业会有所成就。
			</content>
		</dizhi>
	</dashizhenyan>
	<dashizhenyan id="11" name="天梁">
		<dizhi id="0">
			<content id="1">少子女，先生女，多生女，或只有女，女儿较优秀。/n子女虚荣心强，因强出头而惹祸，需要注意会高傲而致失败。
			</content>
			<content id="2">少子女，先生女，多生女，或只有女，女儿较优秀。/n子女虚荣心强，因强出头而惹祸，需要注意会高傲而致失败。
			</content>
		</dizhi>
		<dizhi id="1">
			<content id="1">少子女，先生女，多生女，或只有女，女儿较优秀。/n容易有小产或夭折，或会有婚外情人私生子。
			</content>
			<content id="2">少子女，先生女，多生女，或只有女，女儿较优秀。/n子女刑克不和，容易有小产或夭折，严重的甚至会绝后。
			</content>
		</dizhi>
		<dizhi id="2">
			<content id="1"></content>
			<content id="2"></content>
		</dizhi>
		<dizhi id="3">
			<content id="1"></content>
			<content id="2"></content>
		</dizhi>
		<dizhi id="4">
			<content id="1"></content>
			<content id="2"></content>
		</dizhi>
		<dizhi id="5">
			<content id="1">少子女，先生女，多生女，或只有女，女儿较优秀。/n子女虚荣心强，因强出头而惹祸，需要注意会高傲而致失败。
			</content>
			<content id="2">少子女，先生女，多生女，或只有女，女儿较优秀。/n子女虚荣心强，因强出头而惹祸，需要注意会高傲而致失败。收养孩子反而会比适合。
			</content>
		</dizhi>
		<dizhi id="6">
			<content id="1">少子女，先生女，多生女，或只有女，女儿较优秀。/n子女虚荣心强，因强出头而惹祸，需要注意会高傲而致失败。
			</content>
			<content id="2">少子女，先生女，多生女，或只有女，女儿较优秀。/n子女虚荣心强，因强出头而惹祸，需要注意会高傲而致失败。
			</content>
		</dizhi>
		<dizhi id="7">
			<content id="1">少子女，先生女，多生女，或只有女，女儿较优秀。/n容易有小产或夭折，或会有婚外情人私生子。
			</content>
			<content id="2">少子女，先生女，多生女，或只有女，女儿较优秀。/n子女刑克不和，容易有小产或夭折，严重的甚至会绝后。
			</content>
		</dizhi>
		<dizhi id="8">
			<content id="1"></content>
			<content id="2"></content>
		</dizhi>
		<dizhi id="9">
			<content id="1"></content>
			<content id="2"></content>
		</dizhi>
		<dizhi id="10">
			<content id="1"></content>
			<content id="2"></content>
		</dizhi>
		<dizhi id="11">
			<content id="1">少子女，先生女，多生女，或只有女，女儿较优秀。/n子女虚荣心强，因强出头而惹祸，需要注意会高傲而致失败。
			</content>
			<content id="2">少子女，先生女，多生女，或只有女，女儿较优秀。/n子女虚荣心强，因强出头而惹祸，需要注意会高傲而致失败。收养孩子反而会比适合。
			</content>
		</dizhi>
	</dashizhenyan>
	<dashizhenyan id="12" name="七杀">
		<dizhi id="0">
			<content id="1">子女聪明，早年就有特殊表现，成就大，成年在军警、体育或商界会有发展，以先生女和迟生较为合适。/n亲子感情冷淡，子女个性独立，能取得成就。
			</content>
			<content id="2">子女聪明，早年就有特殊表现，成就大，成年在军警、体育或商界会有发展，以先生女和迟生较为合适。/n亲子感情冷淡，事业运不佳，想要取得成就需要多付出努力。
			</content>
		</dizhi>
		<dizhi id="1">
			<content id="1"></content>
			<content id="2"></content>
		</dizhi>
		<dizhi id="2">
			<content id="1">子女聪明，早年就有特殊表现，成就大，成年在军警、体育或商界会有发展，以先生女和迟生较为合适。/n子女倔强孤立，事业会有成就。
			</content>
			<content id="2">子女聪明，早年就有特殊表现，成就大，成年在军警、体育或商界会有发展，以先生女和迟生较为合适。/n孩子少，而且身体不佳，多灾病，事业也难以顺利。
			</content>
		</dizhi>
		<dizhi id="3">
			<content id="1"></content>
			<content id="2"></content>
		</dizhi>
		<dizhi id="4">
			<content id="1">子女聪明，早年就有特殊表现，成就大，成年在军警、体育或商界会有发展，以先生女和迟生较为合适。/n子女气质较顺和，能白手成家，取得成就，或会成为理工人才。
			</content>
			<content id="2">子女聪明，早年就有特殊表现，成就大，成年在军警、体育或商界会有发展，以先生女和迟生较为合适。/n亲子关系不佳，刑克不和，子女个性不良，败家，或多灾病。
			</content>
		</dizhi>
		<dizhi id="5">
			<content id="1"></content>
			<content id="2"></content>
		</dizhi>
		<dizhi id="6">
			<content id="1">子女聪明，早年就有特殊表现，成就大，成年在军警、体育或商界会有发展，以先生女和迟生较为合适。/n亲子感情冷淡，子女个性独立，能取得成就。
			</content>
			<content id="2">子女聪明，早年就有特殊表现，成就大，成年在军警、体育或商界会有发展，以先生女和迟生较为合适。/n亲子感情冷淡，事业运不佳，想要取得成就需要多付出努力。
			</content>
		</dizhi>
		<dizhi id="7">
			<content id="1"></content>
			<content id="2"></content>
		</dizhi>
		<dizhi id="8">
			<content id="1">子女聪明，早年就有特殊表现，成就大，成年在军警、体育或商界会有发展，以先生女和迟生较为合适。/n子女倔强孤立，事业会有成就。
			</content>
			<content id="2">子女聪明，早年就有特殊表现，成就大，成年在军警、体育或商界会有发展，以先生女和迟生较为合适。/n孩子少，而且身体不佳，多灾病，事业也难以顺利。
			</content>
		</dizhi>
		<dizhi id="9">
			<content id="1"></content>
			<content id="2"></content>
		</dizhi>
		<dizhi id="10">
			<content id="1">子女聪明，早年就有特殊表现，成就大，成年在军警、体育或商界会有发展，以先生女和迟生较为合适。/n子女气质较顺和，能白手成家，取得成就，或会成为理工人才。
			</content>
			<content id="2">子女聪明，早年就有特殊表现，成就大，成年在军警、体育或商界会有发展，以先生女和迟生较为合适。/n亲子关系不佳，刑克不和，子女个性不良，败家，或多灾病。
			</content>
		</dizhi>
		<dizhi id="11">
			<content id="1"></content>
			<content id="2"></content>
		</dizhi>
	</dashizhenyan>
	<dashizhenyan id="13" name="破军">
		<dizhi id="0">
			<content id="1">不利子女，女孩尤其不利，会有刑伤和离乡背井。/n子女少，头胎生子容易有事端，易破相、口吃、不足月产、难产、流产、夭折等，或先损后得，所以适宜先生女。/n子女性格火暴，亲子关系不和。
			</content>
			<content id="2">不利子女，女孩尤其不利，会有刑伤和离乡背井。/n子女少，头胎生子容易有事端，易破相、口吃、不足月产、难产、流产、夭折等，或先损后得，所以适宜先生女。/n长子或会有缺陷，或只有一个子女，子女性格火暴，亲子关系不和。
			</content>
		</dizhi>
		<dizhi id="1">
			<content id="1"></content>
			<content id="2"></content>
		</dizhi>
		<dizhi id="2">
			<content id="1">不利子女，女孩尤其不利，会有刑伤和离乡背井。/n子女少，头胎生子容易有事端，易破相、口吃、不足月产、难产、流产、夭折等，或先损后得，所以适宜先生女。
			</content>
			<content id="2">不利子女，女孩尤其不利，会有刑伤和离乡背井。/n子女少，头胎生子容易有事端，易破相、口吃、不足月产、难产、流产、夭折等，或先损后得，所以适宜先生女。/n子女身体不好，多病灾、伤残、夭折。
			</content>
		</dizhi>
		<dizhi id="3">
			<content id="1"></content>
			<content id="2"></content>
		</dizhi>
		<dizhi id="4">
			<content id="1">不利子女，女孩尤其不利，会有刑伤和离乡背井。/n子女少，头胎生子容易有事端，易破相、口吃、不足月产、难产、流产、夭折等，或先损后得，所以适宜先生女。/n子女顽劣，但身体还算可以，少病灾，成长中会得到外力帮助。
			</content>
			<content id="2">不利子女，女孩尤其不利，会有刑伤和离乡背井。/n子女少，头胎生子容易有事端，易破相、口吃、不足月产、难产、流产、夭折等，或先损后得，所以适宜先生女。/n子女顽劣，会有先天缺陷或多病灾，而且很难得到外力帮助。
			</content>
		</dizhi>
		<dizhi id="5">
			<content id="1"></content>
			<content id="2"></content>
		</dizhi>
		<dizhi id="6">
			<content id="1">不利子女，女孩尤其不利，会有刑伤和离乡背井。/n子女少，头胎生子容易有事端，易破相、口吃、不足月产、难产、流产、夭折等，或先损后得，所以适宜先生女。/n子女性格火暴，亲子关系不和。
			</content>
			<content id="2">不利子女，女孩尤其不利，会有刑伤和离乡背井。/n子女少，头胎生子容易有事端，易破相、口吃、不足月产、难产、流产、夭折等，或先损后得，所以适宜先生女。/n长子或会有缺陷，或只有一个子女，子女性格火暴，亲子关系不和。
			</content>
		</dizhi>
		<dizhi id="7">
			<content id="1"></content>
			<content id="2"></content>
		</dizhi>
		<dizhi id="8">
			<content id="1">不利子女，女孩尤其不利，会有刑伤和离乡背井。/n子女少，头胎生子容易有事端，易破相、口吃、不足月产、难产、流产、夭折等，或先损后得，所以适宜先生女。
			</content>
			<content id="2">不利子女，女孩尤其不利，会有刑伤和离乡背井。/n子女少，头胎生子容易有事端，易破相、口吃、不足月产、难产、流产、夭折等，或先损后得，所以适宜先生女。/n子女身体不好，多病灾、伤残、夭折。
			</content>
		</dizhi>
		<dizhi id="9">
			<content id="1"></content>
			<content id="2"></content>
		</dizhi>
		<dizhi id="10">
			<content id="1">不利子女，女孩尤其不利，会有刑伤和离乡背井。/n子女少，头胎生子容易有事端，易破相、口吃、不足月产、难产、流产、夭折等，或先损后得，所以适宜先生女。/n子女顽劣，但身体还算可以，少病灾，成长中会得到外力帮助。
			</content>
			<content id="2">不利子女，女孩尤其不利，会有刑伤和离乡背井。/n子女少，头胎生子容易有事端，易破相、口吃、不足月产、难产、流产、夭折等，或先损后得，所以适宜先生女。/n子女顽劣，会有先天缺陷或多病灾，而且很难得到外力帮助。
			</content>
		</dizhi>
		<dizhi id="11">
			<content id="1"></content>
			<content id="2"></content>
		</dizhi>
	</dashizhenyan>
</root>
