﻿<?xml version="1.0" encoding="UTF-8"?>
<root>
		<zhuxing>
			<xingyao  id="0"  name="紫微"  character="0"  index="0">
				 <item>60</item>
				 <item>在您的婚姻里，会觉得自己是帝王，但只能算是个孤独的帝王。不管夫妻俩实际的互动如何，其实您不太想和配偶多费唇舌，或分享生活的酸甜苦辣，由于这对伴侣来说十分无聊且没意义，只会孤立在自己的世界里，默默的看着对方行动，不过想想，会有人喜欢跟自大狂做夫妻吗？再浓郁的爱情也会被争吵和冷漠消磨殆尽，这样的婚姻当然容易出问题！</item>
				<item name="化解">未婚的朋友可以选择请$T56#星光粉晶七星阵#$放在家里的个人桃花位，提升自身桃花运，彰显个人魅力，赶走烂桃花，提升桃花正能量，成为自身守护魅力之神，促成美好良缘。再配合【$F22#招桃花符#$】可招来桃花情缘，增加异性缘分，获取异性好感。
已婚的朋友在卧室摆放$T57#天然粉水晶鸳鸯一对#$可以有效改善夫妻关系。鸳鸯永恒爱情的象征，是一夫一妻、相亲相爱、白头偕老的表率，粉水晶还能加强心肺功能的健康，可松弛紧张情绪，舒缓烦躁心情。粉水晶鸳鸯可协助改善夫妻关系，化解煞星带来的围绕在您们夫妻间的煞气。同时可以请【$F24#夫妻合和符#$】催动和合二仙和月下老人促成姻缘，化解矛盾，令夫妻二人情投意合，恩爱百年。</item>
			</xingyao>
			<xingyao  id="1"  name="天机"  character="1"  index="0">
				 <item>70</item>
				 <item>您善谋机算，多变动，能为您的恋爱、婚姻生活到来各种新想法和惊喜。可以您会不知道自己要什么，这样好，那样也好，面临分手之后更会化身为鞋底的口香糖，黏着对方黏到挫刀都刮不掉，而且情感极为情绪化，上一分钟好好的，下一分钟忽然就寻死寻活，明明一天前是自己提分手，隔一天又抱着你的大腿说永远不要离开你。</item>
				 <item name="化解">未婚的朋友可以选择请$T56#星光粉晶七星阵#$放在家里的个人桃花位，提升自身桃花运，彰显个人魅力，赶走烂桃花，提升桃花正能量，成为自身守护魅力之神，促成美好良缘。再配合【$F22#招桃花符#$】可招来桃花情缘，增加异性缘分，获取异性好感。
已婚的朋友在卧室摆放$T57#天然粉水晶鸳鸯一对#$可以有效改善夫妻关系。鸳鸯永恒爱情的象征，是一夫一妻、相亲相爱、白头偕老的表率，粉水晶还能加强心肺功能的健康，可松弛紧张情绪，舒缓烦躁心情。粉水晶鸳鸯可协助改善夫妻关系，化解煞星带来的围绕在您们夫妻间的煞气。同时可以请【$F24#夫妻合和符#$】催动和合二仙和月下老人促成姻缘，化解矛盾，令夫妻二人情投意合，恩爱百年。</item>
			</xingyao>
			<xingyao  id="2"  name="太阳星"  character="2"  index="0">
				 <item>90</item>
				 <item>您的生命态度积极且健康向上，这样的现象同时也会表现在感情上，对于另一半，算是诚恳可靠，愿意为他不中断的发光发热，而感情也通常会比较长久。</item>
				 <item name="化解">未婚的朋友可以选择请$T56#星光粉晶七星阵#$放在家里的个人桃花位，提升自身桃花运，彰显个人魅力，赶走烂桃花，提升桃花正能量，成为自身守护魅力之神，促成美好良缘。再配合【$F22#招桃花符#$】可招来桃花情缘，增加异性缘分，获取异性好感。
已婚的朋友在卧室摆放$T57#天然粉水晶鸳鸯一对#$可以有效改善夫妻关系。鸳鸯永恒爱情的象征，是一夫一妻、相亲相爱、白头偕老的表率，粉水晶还能加强心肺功能的健康，可松弛紧张情绪，舒缓烦躁心情。粉水晶鸳鸯可协助改善夫妻关系，化解煞星带来的围绕在您们夫妻间的煞气。同时可以请【$F24#夫妻合和符#$】催动和合二仙和月下老人促成姻缘，化解矛盾，令夫妻二人情投意合，恩爱百年。</item>
			</xingyao>
			<xingyao  id="3"  name="太阳星"  character="2"  index="1">
				 <item>60</item>
				 <item>您的人生悲观缺乏积极向上的内在动力，所谈的感情多半出自一时的冲动，并无永续经营的信心和决心，而且恋情的时间也比较短，可能在热恋过后就会感到爱好缺缺，热情不再。</item>
				 <item name="化解">未婚的朋友可以选择请$T56#星光粉晶七星阵#$放在家里的个人桃花位，提升自身桃花运，彰显个人魅力，赶走烂桃花，提升桃花正能量，成为自身守护魅力之神，促成美好良缘。再配合【$F22#招桃花符#$】可招来桃花情缘，增加异性缘分，获取异性好感。
已婚的朋友在卧室摆放$T57#天然粉水晶鸳鸯一对#$可以有效改善夫妻关系。鸳鸯永恒爱情的象征，是一夫一妻、相亲相爱、白头偕老的表率，粉水晶还能加强心肺功能的健康，可松弛紧张情绪，舒缓烦躁心情。粉水晶鸳鸯可协助改善夫妻关系，化解煞星带来的围绕在您们夫妻间的煞气。同时可以请【$F24#夫妻合和符#$】催动和合二仙和月下老人促成姻缘，化解矛盾，令夫妻二人情投意合，恩爱百年。</item>
			</xingyao>
			<xingyao  id="4"  name="武曲"  character="3"  index="0">
				 <item>80</item>
				 <item>您不但气质稳重内敛，给人可信赖的感觉，而且举止温文优雅，有一种华贵的气质。感情的态度坚定而忠实，会尽可能对配偶从一而终，而在实际交往上，恋情也多半比较长久而稳固，不过这并不代表您是对旧爱拉拉扯扯的人，一旦觉得这段感情不是自己所要的，可以断得干干净净，绝不留恋。</item>
				 <item name="化解">未婚的朋友可以选择请$T56#星光粉晶七星阵#$放在家里的个人桃花位，提升自身桃花运，彰显个人魅力，赶走烂桃花，提升桃花正能量，成为自身守护魅力之神，促成美好良缘。再配合【$F22#招桃花符#$】可招来桃花情缘，增加异性缘分，获取异性好感。
已婚的朋友在卧室摆放$T57#天然粉水晶鸳鸯一对#$可以有效改善夫妻关系。鸳鸯永恒爱情的象征，是一夫一妻、相亲相爱、白头偕老的表率，粉水晶还能加强心肺功能的健康，可松弛紧张情绪，舒缓烦躁心情。粉水晶鸳鸯可协助改善夫妻关系，化解煞星带来的围绕在您们夫妻间的煞气。同时可以请【$F24#夫妻合和符#$】催动和合二仙和月下老人促成姻缘，化解矛盾，令夫妻二人情投意合，恩爱百年。</item>
			</xingyao>
			<xingyao  id="5"  name="天同"  character="4"  index="0">
				 <item>80</item>
				 <item>既温柔又富有同情心，可说是有慈悲善良的‘小温情主义’，然而很容易分不清什么是爱情，什么是同情，就算嘴巴偶然毒了些，充其量也不过是刀子嘴豆腐心的面恶心善之辈，只是有游移不定、三心二意的缺点，这个拿不起，那个放不下，一不小心就会从同情变爱情，从烂好人变劈腿人士，固然当事者也不是故意的，伴侣的眼睛可得要放亮一点。</item>
				 <item name="化解">未婚的朋友可以选择请$T56#星光粉晶七星阵#$放在家里的个人桃花位，提升自身桃花运，彰显个人魅力，赶走烂桃花，提升桃花正能量，成为自身守护魅力之神，促成美好良缘。再配合【$F22#招桃花符#$】可招来桃花情缘，增加异性缘分，获取异性好感。
已婚的朋友在卧室摆放$T57#天然粉水晶鸳鸯一对#$可以有效改善夫妻关系。鸳鸯永恒爱情的象征，是一夫一妻、相亲相爱、白头偕老的表率，粉水晶还能加强心肺功能的健康，可松弛紧张情绪，舒缓烦躁心情。粉水晶鸳鸯可协助改善夫妻关系，化解煞星带来的围绕在您们夫妻间的煞气。同时可以请【$F24#夫妻合和符#$】催动和合二仙和月下老人促成姻缘，化解矛盾，令夫妻二人情投意合，恩爱百年。</item>
			</xingyao>
			<xingyao  id="6"  name="廉贞"  character="5"  index="0">
				 <item>40</item>
				 <item>您表面上属于理智冷静，内里忙碌，但感情上容易受冷静与热情矛盾的冲击，用情不专，易生烦恼，对于酒色免疫能力较差，如果想婚后生活得到美满，那么就必须要好好约束自己了。</item>
				 <item name="化解">未婚的朋友可以选择请$T56#星光粉晶七星阵#$放在家里的个人桃花位，提升自身桃花运，彰显个人魅力，赶走烂桃花，提升桃花正能量，成为自身守护魅力之神，促成美好良缘。再配合【$F22#招桃花符#$】可招来桃花情缘，增加异性缘分，获取异性好感。
已婚的朋友在卧室摆放$T57#天然粉水晶鸳鸯一对#$可以有效改善夫妻关系。鸳鸯永恒爱情的象征，是一夫一妻、相亲相爱、白头偕老的表率，粉水晶还能加强心肺功能的健康，可松弛紧张情绪，舒缓烦躁心情。粉水晶鸳鸯可协助改善夫妻关系，化解煞星带来的围绕在您们夫妻间的煞气。同时可以请【$F24#夫妻合和符#$】催动和合二仙和月下老人促成姻缘，化解矛盾，令夫妻二人情投意合，恩爱百年。</item>
			</xingyao>
			<xingyao  id="7"  name="天府"  character="6"  index="0">
				 <item>95</item>
				 <item>个性温厚，对于对不起自己的人也能有所包容，就像是妈妈对孩子一样，千错万错还是回家就好。出于自尊，您并不会神经质的黏着旧情人强迫给予，顶多也就是偶尔一通的电话而已，这样的您将会是个很好的伴侣。但是这不代表您可以任凭欺负，一旦超过底线，可是没有好果吃的。</item>
				 <item name="化解">未婚的朋友可以选择请$T56#星光粉晶七星阵#$放在家里的个人桃花位，提升自身桃花运，彰显个人魅力，赶走烂桃花，提升桃花正能量，成为自身守护魅力之神，促成美好良缘。再配合【$F22#招桃花符#$】可招来桃花情缘，增加异性缘分，获取异性好感。
已婚的朋友在卧室摆放$T57#天然粉水晶鸳鸯一对#$可以有效改善夫妻关系。鸳鸯永恒爱情的象征，是一夫一妻、相亲相爱、白头偕老的表率，粉水晶还能加强心肺功能的健康，可松弛紧张情绪，舒缓烦躁心情。粉水晶鸳鸯可协助改善夫妻关系，化解煞星带来的围绕在您们夫妻间的煞气。同时可以请【$F24#夫妻合和符#$】催动和合二仙和月下老人促成姻缘，化解矛盾，令夫妻二人情投意合，恩爱百年。</item>
			</xingyao>
			<xingyao  id="8"  name="太阴"  character="7"  index="0">
				 <item>70</item>
				 <item>您为人较为感性，多思多虑是难免，感性又重视生活情趣，喜欢优哉游哉的过日子，对感情充满浪漫期待，是个懂得追求生活情趣的人。单是可以会心情起伏不定，比较飘忽散漫或流于幻想，自作多情又爱钻牛角尖之人，婚姻自然也会产生较多变量，也容易为情所困。</item>
				 <item name="化解">未婚的朋友可以选择请$T56#星光粉晶七星阵#$放在家里的个人桃花位，提升自身桃花运，彰显个人魅力，赶走烂桃花，提升桃花正能量，成为自身守护魅力之神，促成美好良缘。再配合【$F22#招桃花符#$】可招来桃花情缘，增加异性缘分，获取异性好感。
已婚的朋友在卧室摆放$T57#天然粉水晶鸳鸯一对#$可以有效改善夫妻关系。鸳鸯永恒爱情的象征，是一夫一妻、相亲相爱、白头偕老的表率，粉水晶还能加强心肺功能的健康，可松弛紧张情绪，舒缓烦躁心情。粉水晶鸳鸯可协助改善夫妻关系，化解煞星带来的围绕在您们夫妻间的煞气。同时可以请【$F24#夫妻合和符#$】催动和合二仙和月下老人促成姻缘，化解矛盾，令夫妻二人情投意合，恩爱百年。</item>
			</xingyao>
			<xingyao  id="9"  name="贪狼"  character="8"  index="0">
				 <item>30</item>
				 <item>因为福德乃是婚姻生活的气数字，您本身较为花心，较盼望风花雪月事件的发生，甚至人生中也少不了出轨的情形，在这种前提下，感情出问题的机会当然也会大为提高。</item>
				 <item name="化解">未婚的朋友可以选择请$T56#星光粉晶七星阵#$放在家里的个人桃花位，提升自身桃花运，彰显个人魅力，赶走烂桃花，提升桃花正能量，成为自身守护魅力之神，促成美好良缘。再配合【$F22#招桃花符#$】可招来桃花情缘，增加异性缘分，获取异性好感。
已婚的朋友在卧室摆放$T57#天然粉水晶鸳鸯一对#$可以有效改善夫妻关系。鸳鸯永恒爱情的象征，是一夫一妻、相亲相爱、白头偕老的表率，粉水晶还能加强心肺功能的健康，可松弛紧张情绪，舒缓烦躁心情。粉水晶鸳鸯可协助改善夫妻关系，化解煞星带来的围绕在您们夫妻间的煞气。同时可以请【$F24#夫妻合和符#$】催动和合二仙和月下老人促成姻缘，化解矛盾，令夫妻二人情投意合，恩爱百年。</item>
			</xingyao>
			<xingyao  id="10"  name="巨门"  character="9"  index="0">
				 <item>50</item>
				 <item>您比较八卦，是超级广播站，所以另一半做了些什么，可能所有的亲朋好友都被昭告。而您本来就敏感多疑善变，会把芝麻小事都看在眼里，自寻烦恼，容易因为小事于伴侣争吵，婚姻生活自然有着没完没了的冲突。</item>
				 <item name="化解">未婚的朋友可以选择请$T56#星光粉晶七星阵#$放在家里的个人桃花位，提升自身桃花运，彰显个人魅力，赶走烂桃花，提升桃花正能量，成为自身守护魅力之神，促成美好良缘。再配合【$F22#招桃花符#$】可招来桃花情缘，增加异性缘分，获取异性好感。
已婚的朋友在卧室摆放$T57#天然粉水晶鸳鸯一对#$可以有效改善夫妻关系。鸳鸯永恒爱情的象征，是一夫一妻、相亲相爱、白头偕老的表率，粉水晶还能加强心肺功能的健康，可松弛紧张情绪，舒缓烦躁心情。粉水晶鸳鸯可协助改善夫妻关系，化解煞星带来的围绕在您们夫妻间的煞气。同时可以请【$F24#夫妻合和符#$】催动和合二仙和月下老人促成姻缘，化解矛盾，令夫妻二人情投意合，恩爱百年。</item>
			</xingyao>
			<xingyao  id="11"  name="天相"  character="10"  index="0">
				 <item>85</item>
				 <item>您懂得享受，也善于制造生活情趣，若是夫妻两人相知相惜，而且身家旗鼓相当，在沟通上没太大的问题，倒也能相互体谅扶持，恩爱的生活。但是容易遇事不决，耳根子软，外表看起来很有原则个性，一副很忠厚诚恳的样子，但心中自有一把尺，绝不会牺牲自己的利益，需要努力经营婚姻生活。</item>
				 <item name="化解">未婚的朋友可以选择请$T56#星光粉晶七星阵#$放在家里的个人桃花位，提升自身桃花运，彰显个人魅力，赶走烂桃花，提升桃花正能量，成为自身守护魅力之神，促成美好良缘。再配合【$F22#招桃花符#$】可招来桃花情缘，增加异性缘分，获取异性好感。
已婚的朋友在卧室摆放$T57#天然粉水晶鸳鸯一对#$可以有效改善夫妻关系。鸳鸯永恒爱情的象征，是一夫一妻、相亲相爱、白头偕老的表率，粉水晶还能加强心肺功能的健康，可松弛紧张情绪，舒缓烦躁心情。粉水晶鸳鸯可协助改善夫妻关系，化解煞星带来的围绕在您们夫妻间的煞气。同时可以请【$F24#夫妻合和符#$】催动和合二仙和月下老人促成姻缘，化解矛盾，令夫妻二人情投意合，恩爱百年。</item>
			</xingyao>
			<xingyao  id="12"  name="天梁"  character="11"  index="0">
				 <item>65</item>
				 <item>您属于‘根本很难动心’的类型，也许看看韩剧、上网打发时间、烧香念佛、读书，生活就已经十分自足，无需谈什么男女感情了，这样往往会忽略伴侣，对家庭造成影响，婚姻如果还是活在自己的世界里，那婚姻生活显然不健康的。</item>
				 <item name="化解">未婚的朋友可以选择请$T56#星光粉晶七星阵#$放在家里的个人桃花位，提升自身桃花运，彰显个人魅力，赶走烂桃花，提升桃花正能量，成为自身守护魅力之神，促成美好良缘。再配合【$F22#招桃花符#$】可招来桃花情缘，增加异性缘分，获取异性好感。
已婚的朋友在卧室摆放$T57#天然粉水晶鸳鸯一对#$可以有效改善夫妻关系。鸳鸯永恒爱情的象征，是一夫一妻、相亲相爱、白头偕老的表率，粉水晶还能加强心肺功能的健康，可松弛紧张情绪，舒缓烦躁心情。粉水晶鸳鸯可协助改善夫妻关系，化解煞星带来的围绕在您们夫妻间的煞气。同时可以请【$F24#夫妻合和符#$】催动和合二仙和月下老人促成姻缘，化解矛盾，令夫妻二人情投意合，恩爱百年。</item>
			</xingyao>
				 <xingyao  id="13"  name="七杀"  character="12"  index="0">
				 <item>30</item>
				 <item>您是个无法安于现状，勇于挑战人生的人，主观，强势，念旧，重感情，但也桀骜不驯，独占心很强，并且醋劲十足，无法忍受背叛，有宁为玉碎不为瓦全的完美心态。虽爱物惜情，却又难逃风花雪月的诱惑，婚姻感情并不幸福美满，需要时刻约束自己才能保持家庭幸福。</item>
				 <item name="化解">未婚的朋友可以选择请$T56#星光粉晶七星阵#$放在家里的个人桃花位，提升自身桃花运，彰显个人魅力，赶走烂桃花，提升桃花正能量，成为自身守护魅力之神，促成美好良缘。再配合【$F22#招桃花符#$】可招来桃花情缘，增加异性缘分，获取异性好感。
已婚的朋友在卧室摆放$T57#天然粉水晶鸳鸯一对#$可以有效改善夫妻关系。鸳鸯永恒爱情的象征，是一夫一妻、相亲相爱、白头偕老的表率，粉水晶还能加强心肺功能的健康，可松弛紧张情绪，舒缓烦躁心情。粉水晶鸳鸯可协助改善夫妻关系，化解煞星带来的围绕在您们夫妻间的煞气。同时可以请【$F24#夫妻合和符#$】催动和合二仙和月下老人促成姻缘，化解矛盾，令夫妻二人情投意合，恩爱百年。</item>
			</xingyao>
			<xingyao  id="14"  name="破军"  character="13"  index="0">
				 <item>30</item>
				 <item>您是个无法安于现状，勇于挑战人生的人，主观，强势，念旧，重感情，但也桀骜不驯，独占心很强，并且醋劲十足，无法忍受背叛，有宁为玉碎不为瓦全的完美心态。虽爱物惜情，却又难逃风花雪月的诱惑，婚姻感情并不幸福美满，需要时刻约束自己才能保持家庭幸福。</item>
				 <item name="化解">未婚的朋友可以选择请$T56#星光粉晶七星阵#$放在家里的个人桃花位，提升自身桃花运，彰显个人魅力，赶走烂桃花，提升桃花正能量，成为自身守护魅力之神，促成美好良缘。再配合【$F22#招桃花符#$】可招来桃花情缘，增加异性缘分，获取异性好感。
已婚的朋友在卧室摆放$T57#天然粉水晶鸳鸯一对#$可以有效改善夫妻关系。鸳鸯永恒爱情的象征，是一夫一妻、相亲相爱、白头偕老的表率，粉水晶还能加强心肺功能的健康，可松弛紧张情绪，舒缓烦躁心情。粉水晶鸳鸯可协助改善夫妻关系，化解煞星带来的围绕在您们夫妻间的煞气。同时可以请【$F24#夫妻合和符#$】催动和合二仙和月下老人促成姻缘，化解矛盾，令夫妻二人情投意合，恩爱百年。</item>
			</xingyao>
			<xingyao  id="15"  name="太阳星+太阴星"  character="2#7"  index="0">
				 <item>80</item>
				 <item>您的生命态度积极且健康向上，这样的现象同时也会表现在感情上，对于另一半，算是诚恳可靠，愿意为他不中断的发光发热，而感情也通常会比较长久。
与此同时，您可能为人较为感性，多思多虑是难免，感性又重视生活情趣，喜欢优哉游哉的过日子，对感情充满浪漫期待，是个懂得追求生活情趣的人。单是可以会心情起伏不定，比较飘忽散漫或流于幻想，自作多情又爱钻牛角尖之人，婚姻自然也会产生较多变量，也容易为情所困。</item>
				<item name="化解">未婚的朋友可以选择请$T56#星光粉晶七星阵#$放在家里的个人桃花位，提升自身桃花运，彰显个人魅力，赶走烂桃花，提升桃花正能量，成为自身守护魅力之神，促成美好良缘。再配合【$F22#招桃花符#$】可招来桃花情缘，增加异性缘分，获取异性好感。
已婚的朋友在卧室摆放$T57#天然粉水晶鸳鸯一对#$可以有效改善夫妻关系。鸳鸯永恒爱情的象征，是一夫一妻、相亲相爱、白头偕老的表率，粉水晶还能加强心肺功能的健康，可松弛紧张情绪，舒缓烦躁心情。粉水晶鸳鸯可协助改善夫妻关系，化解煞星带来的围绕在您们夫妻间的煞气。同时可以请【$F24#夫妻合和符#$】催动和合二仙和月下老人促成姻缘，化解矛盾，令夫妻二人情投意合，恩爱百年。</item>
			</xingyao>
			<xingyao  id="16"  name="太阳星+太阴星"  character="2#7"  index="1">
				 <item>65</item>
				 <item>您的人生悲观缺乏积极向上的内在动力，所谈的感情多半出自一时的冲动，并无永续经营的信心和决心，而且恋情的时间也比较短，可能在热恋过后就会感到爱好缺缺，热情不再。
与此同时，您也可能为人较为感性，多思多虑是难免，感性又重视生活情趣，喜欢优哉游哉的过日子，对感情充满浪漫期待，是个懂得追求生活情趣的人。单是可以会心情起伏不定，比较飘忽散漫或流于幻想，自作多情又爱钻牛角尖之人，婚姻自然也会产生较多变量，也容易为情所困。</item>
				<item name="化解">未婚的朋友可以选择请$T56#星光粉晶七星阵#$放在家里的个人桃花位，提升自身桃花运，彰显个人魅力，赶走烂桃花，提升桃花正能量，成为自身守护魅力之神，促成美好良缘。再配合【$F22#招桃花符#$】可招来桃花情缘，增加异性缘分，获取异性好感。
已婚的朋友在卧室摆放$T57#天然粉水晶鸳鸯一对#$可以有效改善夫妻关系。鸳鸯永恒爱情的象征，是一夫一妻、相亲相爱、白头偕老的表率，粉水晶还能加强心肺功能的健康，可松弛紧张情绪，舒缓烦躁心情。粉水晶鸳鸯可协助改善夫妻关系，化解煞星带来的围绕在您们夫妻间的煞气。同时可以请【$F24#夫妻合和符#$】催动和合二仙和月下老人促成姻缘，化解矛盾，令夫妻二人情投意合，恩爱百年。</item>
			</xingyao>
			<xingyao  id="17"  name="紫微星+破军星"  character="0#13"  index="0">
				 <item>45</item>
				 <item>在您的婚姻里，会觉得自己是帝王，但只能算是个孤独的帝王。不管夫妻俩实际的互动如何，其实您不太想和配偶多费唇舌，或分享生活的酸甜苦辣，由于这对伴侣来说十分无聊且没意义，只会孤立在自己的世界里，默默的看着对方行动，不过想想，会有人喜欢跟自大狂做夫妻吗？再浓郁的爱情也会被争吵和冷漠消磨殆尽，这样的婚姻当然容易出问题！
与此同时，您也许是个无法安于现状，勇于挑战人生的人，主观，强势，念旧，重感情，但也桀骜不驯，独占心很强，并且醋劲十足，无法忍受背叛，有宁为玉碎不为瓦全的完美心态。虽爱物惜情，却又难逃风花雪月的诱惑，婚姻感情并不幸福美满，需要时刻约束自己才能保持家庭幸福。</item>
				<item name="化解">未婚的朋友可以选择请$T56#星光粉晶七星阵#$放在家里的个人桃花位，提升自身桃花运，彰显个人魅力，赶走烂桃花，提升桃花正能量，成为自身守护魅力之神，促成美好良缘。再配合【$F22#招桃花符#$】可招来桃花情缘，增加异性缘分，获取异性好感。
已婚的朋友在卧室摆放$T57#天然粉水晶鸳鸯一对#$可以有效改善夫妻关系。鸳鸯永恒爱情的象征，是一夫一妻、相亲相爱、白头偕老的表率，粉水晶还能加强心肺功能的健康，可松弛紧张情绪，舒缓烦躁心情。粉水晶鸳鸯可协助改善夫妻关系，化解煞星带来的围绕在您们夫妻间的煞气。同时可以请【$F24#夫妻合和符#$】催动和合二仙和月下老人促成姻缘，化解矛盾，令夫妻二人情投意合，恩爱百年。</item>
			</xingyao>
			<xingyao  id="18"  name="紫微星+天府星"  character="0#6"  index="0">
				 <item>78</item>
				 <item>在您的婚姻里，会觉得自己是帝王，但只能算是个孤独的帝王。不管夫妻俩实际的互动如何，其实您不太想和配偶多费唇舌，或分享生活的酸甜苦辣，由于这对伴侣来说十分无聊且没意义，只会孤立在自己的世界里，默默的看着对方行动，不过想想，会有人喜欢跟自大狂做夫妻吗？再浓郁的爱情也会被争吵和冷漠消磨殆尽，这样的婚姻当然容易出问题！
与此同时，您可能个性温厚，对于对不起自己的人也能有所包容，就像是妈妈对孩子一样，千错万错还是回家就好。出于自尊，您并不会神经质的黏着旧情人强迫给予，顶多也就是偶尔一通的电话而已，这样的您将会是个很好的伴侣。但是这不代表您可以任凭欺负，一旦超过底线，可是没有好果吃的。</item>
				<item name="化解">未婚的朋友可以选择请$T56#星光粉晶七星阵#$放在家里的个人桃花位，提升自身桃花运，彰显个人魅力，赶走烂桃花，提升桃花正能量，成为自身守护魅力之神，促成美好良缘。再配合【$F22#招桃花符#$】可招来桃花情缘，增加异性缘分，获取异性好感。
已婚的朋友在卧室摆放$T57#天然粉水晶鸳鸯一对#$可以有效改善夫妻关系。鸳鸯永恒爱情的象征，是一夫一妻、相亲相爱、白头偕老的表率，粉水晶还能加强心肺功能的健康，可松弛紧张情绪，舒缓烦躁心情。粉水晶鸳鸯可协助改善夫妻关系，化解煞星带来的围绕在您们夫妻间的煞气。同时可以请【$F24#夫妻合和符#$】催动和合二仙和月下老人促成姻缘，化解矛盾，令夫妻二人情投意合，恩爱百年。</item>
			</xingyao>
			<xingyao  id="19"  name="紫微星+贪狼星"  character="0#8"  index="0">
				 <item>45</item>
				 <item>在您的婚姻里，会觉得自己是帝王，但只能算是个孤独的帝王。不管夫妻俩实际的互动如何，其实您不太想和配偶多费唇舌，或分享生活的酸甜苦辣，由于这对伴侣来说十分无聊且没意义，只会孤立在自己的世界里，默默的看着对方行动，不过想想，会有人喜欢跟自大狂做夫妻吗？再浓郁的爱情也会被争吵和冷漠消磨殆尽，这样的婚姻当然容易出问题！
与此同时，因为福德乃是婚姻生活的气数字，您本身会较为花心，较盼望风花雪月事件的发生，甚至人生中也少不了出轨的情形，在这种前提下，感情出问题的机会当然也会大为提高。</item>
				<item name="化解">未婚的朋友可以选择请$T56#星光粉晶七星阵#$放在家里的个人桃花位，提升自身桃花运，彰显个人魅力，赶走烂桃花，提升桃花正能量，成为自身守护魅力之神，促成美好良缘。再配合【$F22#招桃花符#$】可招来桃花情缘，增加异性缘分，获取异性好感。
已婚的朋友在卧室摆放$T57#天然粉水晶鸳鸯一对#$可以有效改善夫妻关系。鸳鸯永恒爱情的象征，是一夫一妻、相亲相爱、白头偕老的表率，粉水晶还能加强心肺功能的健康，可松弛紧张情绪，舒缓烦躁心情。粉水晶鸳鸯可协助改善夫妻关系，化解煞星带来的围绕在您们夫妻间的煞气。同时可以请【$F24#夫妻合和符#$】催动和合二仙和月下老人促成姻缘，化解矛盾，令夫妻二人情投意合，恩爱百年。</item>
			</xingyao>
			<xingyao  id="20"  name="紫微星+天相星"  character="0#10"  index="0">
				 <item>73</item>
				 <item>在您的婚姻里，会觉得自己是帝王，但只能算是个孤独的帝王。不管夫妻俩实际的互动如何，其实您不太想和配偶多费唇舌，或分享生活的酸甜苦辣，由于这对伴侣来说十分无聊且没意义，只会孤立在自己的世界里，默默的看着对方行动，不过想想，会有人喜欢跟自大狂做夫妻吗？再浓郁的爱情也会被争吵和冷漠消磨殆尽，这样的婚姻当然容易出问题！
与此同时，也许您懂得享受，也善于制造生活情趣，若是夫妻两人相知相惜，而且身家旗鼓相当，在沟通上没太大的问题，倒也能相互体谅扶持，恩爱的生活。但是容易遇事不决，耳根子软，外表看起来很有原则个性，一副很忠厚诚恳的样子，但心中自有一把尺，绝不会牺牲自己的利益，需要努力经营婚姻生活。</item>
				<item name="化解">未婚的朋友可以选择请$T56#星光粉晶七星阵#$放在家里的个人桃花位，提升自身桃花运，彰显个人魅力，赶走烂桃花，提升桃花正能量，成为自身守护魅力之神，促成美好良缘。再配合【$F22#招桃花符#$】可招来桃花情缘，增加异性缘分，获取异性好感。
已婚的朋友在卧室摆放$T57#天然粉水晶鸳鸯一对#$可以有效改善夫妻关系。鸳鸯永恒爱情的象征，是一夫一妻、相亲相爱、白头偕老的表率，粉水晶还能加强心肺功能的健康，可松弛紧张情绪，舒缓烦躁心情。粉水晶鸳鸯可协助改善夫妻关系，化解煞星带来的围绕在您们夫妻间的煞气。同时可以请【$F24#夫妻合和符#$】催动和合二仙和月下老人促成姻缘，化解矛盾，令夫妻二人情投意合，恩爱百年。</item>
			</xingyao>
			<xingyao  id="21"  name="紫微星+七杀星"  character="0#12"  index="0">
				 <item>45</item>
				 <item>在您的婚姻里，会觉得自己是帝王，但只能算是个孤独的帝王。不管夫妻俩实际的互动如何，其实您不太想和配偶多费唇舌，或分享生活的酸甜苦辣，由于这对伴侣来说十分无聊且没意义，只会孤立在自己的世界里，默默的看着对方行动，不过想想，会有人喜欢跟自大狂做夫妻吗？再浓郁的爱情也会被争吵和冷漠消磨殆尽，这样的婚姻当然容易出问题！
与此同时，您也许是个无法安于现状，勇于挑战人生的人，主观，强势，念旧，重感情，但也桀骜不驯，独占心很强，并且醋劲十足，无法忍受背叛，有宁为玉碎不为瓦全的完美心态。虽爱物惜情，却又难逃风花雪月的诱惑，婚姻感情并不幸福美满，需要时刻约束自己才能保持家庭幸福。</item>
				<item name="化解">未婚的朋友可以选择请$T56#星光粉晶七星阵#$放在家里的个人桃花位，提升自身桃花运，彰显个人魅力，赶走烂桃花，提升桃花正能量，成为自身守护魅力之神，促成美好良缘。再配合【$F22#招桃花符#$】可招来桃花情缘，增加异性缘分，获取异性好感。
已婚的朋友在卧室摆放$T57#天然粉水晶鸳鸯一对#$可以有效改善夫妻关系。鸳鸯永恒爱情的象征，是一夫一妻、相亲相爱、白头偕老的表率，粉水晶还能加强心肺功能的健康，可松弛紧张情绪，舒缓烦躁心情。粉水晶鸳鸯可协助改善夫妻关系，化解煞星带来的围绕在您们夫妻间的煞气。同时可以请【$F24#夫妻合和符#$】催动和合二仙和月下老人促成姻缘，化解矛盾，令夫妻二人情投意合，恩爱百年。</item>
			</xingyao>
			<xingyao  id="22"  name="天机星+太阴星"  character="1#7"  index="0">
				 <item>74</item>
				 <item>您善谋机算，多变动，能为您的恋爱、婚姻生活到来各种新想法和惊喜。可以您会不知道自己要什么，这样好，那样也好，面临分手之后更会化身为鞋底的口香糖，黏着对方黏到挫刀都刮不掉，而且情感极为情绪化，上一分钟好好的，下一分钟忽然就寻死寻活，明明一天前是自己提分手，隔一天又抱着你的大腿说永远不要离开你。
与此同时，您可能为人较为感性，多思多虑是难免，感性又重视生活情趣，喜欢优哉游哉的过日子，对感情充满浪漫期待，是个懂得追求生活情趣的人。单是可以会心情起伏不定，比较飘忽散漫或流于幻想，自作多情又爱钻牛角尖之人，婚姻自然也会产生较多变量，也容易为情所困。</item>
				 	<item name="化解">未婚的朋友可以选择请$T56#星光粉晶七星阵#$放在家里的个人桃花位，提升自身桃花运，彰显个人魅力，赶走烂桃花，提升桃花正能量，成为自身守护魅力之神，促成美好良缘。再配合【$F22#招桃花符#$】可招来桃花情缘，增加异性缘分，获取异性好感。
已婚的朋友在卧室摆放$T57#天然粉水晶鸳鸯一对#$可以有效改善夫妻关系。鸳鸯永恒爱情的象征，是一夫一妻、相亲相爱、白头偕老的表率，粉水晶还能加强心肺功能的健康，可松弛紧张情绪，舒缓烦躁心情。粉水晶鸳鸯可协助改善夫妻关系，化解煞星带来的围绕在您们夫妻间的煞气。同时可以请【$F24#夫妻合和符#$】催动和合二仙和月下老人促成姻缘，化解矛盾，令夫妻二人情投意合，恩爱百年。</item>
			</xingyao>
			<xingyao  id="23"  name="天机星+巨门星"  character="1#9"  index="0">
				 <item>60</item>
				 <item>您善谋机算，多变动，能为您的恋爱、婚姻生活到来各种新想法和惊喜。可以您会不知道自己要什么，这样好，那样也好，面临分手之后更会化身为鞋底的口香糖，黏着对方黏到挫刀都刮不掉，而且情感极为情绪化，上一分钟好好的，下一分钟忽然就寻死寻活，明明一天前是自己提分手，隔一天又抱着你的大腿说永远不要离开你。
与此同时，您可能比较八卦，是超级广播站，所以另一半做了些什么，可能所有的亲朋好友都被昭告。而您本来就敏感多疑善变，会把芝麻小事都看在眼里，自寻烦恼，容易因为小事于伴侣争吵，婚姻生活自然有着没完没了的冲突。</item>
				<item name="化解">未婚的朋友可以选择请$T56#星光粉晶七星阵#$放在家里的个人桃花位，提升自身桃花运，彰显个人魅力，赶走烂桃花，提升桃花正能量，成为自身守护魅力之神，促成美好良缘。再配合【$F22#招桃花符#$】可招来桃花情缘，增加异性缘分，获取异性好感。
已婚的朋友在卧室摆放$T57#天然粉水晶鸳鸯一对#$可以有效改善夫妻关系。鸳鸯永恒爱情的象征，是一夫一妻、相亲相爱、白头偕老的表率，粉水晶还能加强心肺功能的健康，可松弛紧张情绪，舒缓烦躁心情。粉水晶鸳鸯可协助改善夫妻关系，化解煞星带来的围绕在您们夫妻间的煞气。同时可以请【$F24#夫妻合和符#$】催动和合二仙和月下老人促成姻缘，化解矛盾，令夫妻二人情投意合，恩爱百年。</item>
			</xingyao>
			<xingyao  id="24"  name="天机星+天梁星"  character="1#11"  index="0">
				 <item>69</item>
				 <item>您善谋机算，多变动，能为您的恋爱、婚姻生活到来各种新想法和惊喜。可以您会不知道自己要什么，这样好，那样也好，面临分手之后更会化身为鞋底的口香糖，黏着对方黏到挫刀都刮不掉，而且情感极为情绪化，上一分钟好好的，下一分钟忽然就寻死寻活，明明一天前是自己提分手，隔一天又抱着你的大腿说永远不要离开你。
与此同时，您可能属于‘根本很难动心’的类型，也许看看韩剧、上网打发时间、烧香念佛、读书，生活就已经十分自足，无需谈什么男女感情了，这样往往会忽略伴侣，对家庭造成影响，婚姻如果还是活在自己的世界里，那婚姻生活显然不健康的。</item>
				<item name="化解">未婚的朋友可以选择请$T56#星光粉晶七星阵#$放在家里的个人桃花位，提升自身桃花运，彰显个人魅力，赶走烂桃花，提升桃花正能量，成为自身守护魅力之神，促成美好良缘。再配合【$F22#招桃花符#$】可招来桃花情缘，增加异性缘分，获取异性好感。
已婚的朋友在卧室摆放$T57#天然粉水晶鸳鸯一对#$可以有效改善夫妻关系。鸳鸯永恒爱情的象征，是一夫一妻、相亲相爱、白头偕老的表率，粉水晶还能加强心肺功能的健康，可松弛紧张情绪，舒缓烦躁心情。粉水晶鸳鸯可协助改善夫妻关系，化解煞星带来的围绕在您们夫妻间的煞气。同时可以请【$F24#夫妻合和符#$】催动和合二仙和月下老人促成姻缘，化解矛盾，令夫妻二人情投意合，恩爱百年。</item>
			</xingyao>
			<xingyao  id="25"  name="太阳星+巨门星"  character="2#9"  index="0">
				 <item>70</item>
				 <item>您的生命态度积极且健康向上，这样的现象同时也会表现在感情上，对于另一半，算是诚恳可靠，愿意为他不中断的发光发热，而感情也通常会比较长久。
与此同时，您也可能比较八卦，是超级广播站，所以另一半做了些什么，可能所有的亲朋好友都被昭告。而您本来就敏感多疑善变，会把芝麻小事都看在眼里，自寻烦恼，容易因为小事于伴侣争吵，婚姻生活自然有着没完没了的冲突。</item>
				<item name="化解">未婚的朋友可以选择请$T56#星光粉晶七星阵#$放在家里的个人桃花位，提升自身桃花运，彰显个人魅力，赶走烂桃花，提升桃花正能量，成为自身守护魅力之神，促成美好良缘。再配合【$F22#招桃花符#$】可招来桃花情缘，增加异性缘分，获取异性好感。
已婚的朋友在卧室摆放$T57#天然粉水晶鸳鸯一对#$可以有效改善夫妻关系。鸳鸯永恒爱情的象征，是一夫一妻、相亲相爱、白头偕老的表率，粉水晶还能加强心肺功能的健康，可松弛紧张情绪，舒缓烦躁心情。粉水晶鸳鸯可协助改善夫妻关系，化解煞星带来的围绕在您们夫妻间的煞气。同时可以请【$F24#夫妻合和符#$】催动和合二仙和月下老人促成姻缘，化解矛盾，令夫妻二人情投意合，恩爱百年。</item>
			</xingyao>
			<xingyao  id="26"  name="太阳星+巨门星"  character="2#9"  index="1">
				 <item>55</item>
				 <item>您的人生悲观缺乏积极向上的内在动力，所谈的感情多半出自一时的冲动，并无永续经营的信心和决心，而且恋情的时间也比较短，可能在热恋过后就会感到爱好缺缺，热情不再。
与此同时，您也可能比较八卦，是超级广播站，所以另一半做了些什么，可能所有的亲朋好友都被昭告。而您本来就敏感多疑善变，会把芝麻小事都看在眼里，自寻烦恼，容易因为小事于伴侣争吵，婚姻生活自然有着没完没了的冲突。</item>
				<item name="化解">未婚的朋友可以选择请$T56#星光粉晶七星阵#$放在家里的个人桃花位，提升自身桃花运，彰显个人魅力，赶走烂桃花，提升桃花正能量，成为自身守护魅力之神，促成美好良缘。再配合【$F22#招桃花符#$】可招来桃花情缘，增加异性缘分，获取异性好感。
已婚的朋友在卧室摆放$T57#天然粉水晶鸳鸯一对#$可以有效改善夫妻关系。鸳鸯永恒爱情的象征，是一夫一妻、相亲相爱、白头偕老的表率，粉水晶还能加强心肺功能的健康，可松弛紧张情绪，舒缓烦躁心情。粉水晶鸳鸯可协助改善夫妻关系，化解煞星带来的围绕在您们夫妻间的煞气。同时可以请【$F24#夫妻合和符#$】催动和合二仙和月下老人促成姻缘，化解矛盾，令夫妻二人情投意合，恩爱百年。</item>
			</xingyao>
			<xingyao  id="27"  name="太阳星+天梁星"  character="2#11"  index="0">
				 <item>78</item>
				 <item>您的生命态度积极且健康向上，这样的现象同时也会表现在感情上，对于另一半，算是诚恳可靠，愿意为他不中断的发光发热，而感情也通常会比较长久。
与此同时，您也可能属于‘根本很难动心’的类型，也许看看韩剧、上网打发时间、烧香念佛、读书，生活就已经十分自足，无需谈什么男女感情了，这样往往会忽略伴侣，对家庭造成影响，婚姻如果还是活在自己的世界里，那婚姻生活显然不健康的。</item>
				<item name="化解">未婚的朋友可以选择请$T56#星光粉晶七星阵#$放在家里的个人桃花位，提升自身桃花运，彰显个人魅力，赶走烂桃花，提升桃花正能量，成为自身守护魅力之神，促成美好良缘。再配合【$F22#招桃花符#$】可招来桃花情缘，增加异性缘分，获取异性好感。
已婚的朋友在卧室摆放$T57#天然粉水晶鸳鸯一对#$可以有效改善夫妻关系。鸳鸯永恒爱情的象征，是一夫一妻、相亲相爱、白头偕老的表率，粉水晶还能加强心肺功能的健康，可松弛紧张情绪，舒缓烦躁心情。粉水晶鸳鸯可协助改善夫妻关系，化解煞星带来的围绕在您们夫妻间的煞气。同时可以请【$F24#夫妻合和符#$】催动和合二仙和月下老人促成姻缘，化解矛盾，令夫妻二人情投意合，恩爱百年。</item>
			</xingyao>
			<xingyao  id="28"  name="太阳星+天梁星"  character="2#11"  index="1">
				 <item>63</item>
				 <item>您的人生悲观缺乏积极向上的内在动力，所谈的感情多半出自一时的冲动，并无永续经营的信心和决心，而且恋情的时间也比较短，可能在热恋过后就会感到爱好缺缺，热情不再。
与此同时，您也可能属于‘根本很难动心’的类型，也许看看韩剧、上网打发时间、烧香念佛、读书，生活就已经十分自足，无需谈什么男女感情了，这样往往会忽略伴侣，对家庭造成影响，婚姻如果还是活在自己的世界里，那婚姻生活显然不健康的。</item>
				<item name="化解">未婚的朋友可以选择请$T56#星光粉晶七星阵#$放在家里的个人桃花位，提升自身桃花运，彰显个人魅力，赶走烂桃花，提升桃花正能量，成为自身守护魅力之神，促成美好良缘。再配合【$F22#招桃花符#$】可招来桃花情缘，增加异性缘分，获取异性好感。
已婚的朋友在卧室摆放$T57#天然粉水晶鸳鸯一对#$可以有效改善夫妻关系。鸳鸯永恒爱情的象征，是一夫一妻、相亲相爱、白头偕老的表率，粉水晶还能加强心肺功能的健康，可松弛紧张情绪，舒缓烦躁心情。粉水晶鸳鸯可协助改善夫妻关系，化解煞星带来的围绕在您们夫妻间的煞气。同时可以请【$F24#夫妻合和符#$】催动和合二仙和月下老人促成姻缘，化解矛盾，令夫妻二人情投意合，恩爱百年。</item>
			</xingyao>
			<xingyao  id="29"  name="武曲星+七杀星"  character="3#12"  index="0">
				 <item>55</item>
				 <item>您不但气质稳重内敛，给人可信赖的感觉，而且举止温文优雅，有一种华贵的气质。感情的态度坚定而忠实，会尽可能对配偶从一而终，而在实际交往上，恋情也多半比较长久而稳固，不过这并不代表您是对旧爱拉拉扯扯的人，一旦觉得这段感情不是自己所要的，可以断得干干净净，绝不留恋。
与此同时，您也可能是个无法安于现状，勇于挑战人生的人，主观，强势，念旧，重感情，但也桀骜不驯，独占心很强，并且醋劲十足，无法忍受背叛，有宁为玉碎不为瓦全的完美心态。虽爱物惜情，却又难逃风花雪月的诱惑，婚姻感情并不幸福美满，需要时刻约束自己才能保持家庭幸福。</item>
				<item name="化解">未婚的朋友可以选择请$T56#星光粉晶七星阵#$放在家里的个人桃花位，提升自身桃花运，彰显个人魅力，赶走烂桃花，提升桃花正能量，成为自身守护魅力之神，促成美好良缘。再配合【$F22#招桃花符#$】可招来桃花情缘，增加异性缘分，获取异性好感。
已婚的朋友在卧室摆放$T57#天然粉水晶鸳鸯一对#$可以有效改善夫妻关系。鸳鸯永恒爱情的象征，是一夫一妻、相亲相爱、白头偕老的表率，粉水晶还能加强心肺功能的健康，可松弛紧张情绪，舒缓烦躁心情。粉水晶鸳鸯可协助改善夫妻关系，化解煞星带来的围绕在您们夫妻间的煞气。同时可以请【$F24#夫妻合和符#$】催动和合二仙和月下老人促成姻缘，化解矛盾，令夫妻二人情投意合，恩爱百年。</item>
			</xingyao>
			<xingyao  id="30"  name="武曲星+天相星"  character="3#10"  index="0">
				 <item>87</item>
				 <item>您不但气质稳重内敛，给人可信赖的感觉，而且举止温文优雅，有一种华贵的气质。感情的态度坚定而忠实，会尽可能对配偶从一而终，而在实际交往上，恋情也多半比较长久而稳固，不过这并不代表您是对旧爱拉拉扯扯的人，一旦觉得这段感情不是自己所要的，可以断得干干净净，绝不留恋。
与此同时，您也可能懂得享受，也善于制造生活情趣，若是夫妻两人相知相惜，而且身家旗鼓相当，在沟通上没太大的问题，倒也能相互体谅扶持，恩爱的生活。但是容易遇事不决，耳根子软，外表看起来很有原则个性，一副很忠厚诚恳的样子，但心中自有一把尺，绝不会牺牲自己的利益，需要努力经营婚姻生活。</item>
				<item name="化解">未婚的朋友可以选择请$T56#星光粉晶七星阵#$放在家里的个人桃花位，提升自身桃花运，彰显个人魅力，赶走烂桃花，提升桃花正能量，成为自身守护魅力之神，促成美好良缘。再配合【$F22#招桃花符#$】可招来桃花情缘，增加异性缘分，获取异性好感。
已婚的朋友在卧室摆放$T57#天然粉水晶鸳鸯一对#$可以有效改善夫妻关系。鸳鸯永恒爱情的象征，是一夫一妻、相亲相爱、白头偕老的表率，粉水晶还能加强心肺功能的健康，可松弛紧张情绪，舒缓烦躁心情。粉水晶鸳鸯可协助改善夫妻关系，化解煞星带来的围绕在您们夫妻间的煞气。同时可以请【$F24#夫妻合和符#$】催动和合二仙和月下老人促成姻缘，化解矛盾，令夫妻二人情投意合，恩爱百年。</item>
			</xingyao>
			<xingyao  id="31"  name="武曲星+破军星"  character="3#13"  index="0">
				 <item>55</item>
				 <item>您不但气质稳重内敛，给人可信赖的感觉，而且举止温文优雅，有一种华贵的气质。感情的态度坚定而忠实，会尽可能对配偶从一而终，而在实际交往上，恋情也多半比较长久而稳固，不过这并不代表您是对旧爱拉拉扯扯的人，一旦觉得这段感情不是自己所要的，可以断得干干净净，绝不留恋。
与此同时，您也可能是个无法安于现状，勇于挑战人生的人，主观，强势，念旧，重感情，但也桀骜不驯，独占心很强，并且醋劲十足，无法忍受背叛，有宁为玉碎不为瓦全的完美心态。虽爱物惜情，却又难逃风花雪月的诱惑，婚姻感情并不幸福美满，需要时刻约束自己才能保持家庭幸福。</item>
				<item name="化解">未婚的朋友可以选择请$T56#星光粉晶七星阵#$放在家里的个人桃花位，提升自身桃花运，彰显个人魅力，赶走烂桃花，提升桃花正能量，成为自身守护魅力之神，促成美好良缘。再配合【$F22#招桃花符#$】可招来桃花情缘，增加异性缘分，获取异性好感。
已婚的朋友在卧室摆放$T57#天然粉水晶鸳鸯一对#$可以有效改善夫妻关系。鸳鸯永恒爱情的象征，是一夫一妻、相亲相爱、白头偕老的表率，粉水晶还能加强心肺功能的健康，可松弛紧张情绪，舒缓烦躁心情。粉水晶鸳鸯可协助改善夫妻关系，化解煞星带来的围绕在您们夫妻间的煞气。同时可以请【$F24#夫妻合和符#$】催动和合二仙和月下老人促成姻缘，化解矛盾，令夫妻二人情投意合，恩爱百年。</item>
			</xingyao>
			<xingyao  id="32"  name="武曲星+天府星"  character="3#6"  index="0">
				 <item>96</item>
				 <item>您不但气质稳重内敛，给人可信赖的感觉，而且举止温文优雅，有一种华贵的气质。感情的态度坚定而忠实，会尽可能对配偶从一而终，而在实际交往上，恋情也多半比较长久而稳固，不过这并不代表您是对旧爱拉拉扯扯的人，一旦觉得这段感情不是自己所要的，可以断得干干净净，绝不留恋。
与此同时，您也可能个性温厚，对于对不起自己的人也能有所包容，就像是妈妈对孩子一样，千错万错还是回家就好。出于自尊，您并不会神经质的黏着旧情人强迫给予，顶多也就是偶尔一通的电话而已，这样的您将会是个很好的伴侣。但是这不代表您可以任凭欺负，一旦超过底线，可是没有好果吃的。</item>
				<item name="化解">未婚的朋友可以选择请$T56#星光粉晶七星阵#$放在家里的个人桃花位，提升自身桃花运，彰显个人魅力，赶走烂桃花，提升桃花正能量，成为自身守护魅力之神，促成美好良缘。再配合【$F22#招桃花符#$】可招来桃花情缘，增加异性缘分，获取异性好感。
已婚的朋友在卧室摆放$T57#天然粉水晶鸳鸯一对#$可以有效改善夫妻关系。鸳鸯永恒爱情的象征，是一夫一妻、相亲相爱、白头偕老的表率，粉水晶还能加强心肺功能的健康，可松弛紧张情绪，舒缓烦躁心情。粉水晶鸳鸯可协助改善夫妻关系，化解煞星带来的围绕在您们夫妻间的煞气。同时可以请【$F24#夫妻合和符#$】催动和合二仙和月下老人促成姻缘，化解矛盾，令夫妻二人情投意合，恩爱百年。</item>
			</xingyao>
				 <xingyao  id="33"  name="武曲星+贪狼星"  character="3#8"  index="0">
				 <item>55</item>
				 <item>您不但气质稳重内敛，给人可信赖的感觉，而且举止温文优雅，有一种华贵的气质。感情的态度坚定而忠实，会尽可能对配偶从一而终，而在实际交往上，恋情也多半比较长久而稳固，不过这并不代表您是对旧爱拉拉扯扯的人，一旦觉得这段感情不是自己所要的，可以断得干干净净，绝不留恋。
与此同时，因为福德乃是婚姻生活的气数字，您本身可能较为花心，较盼望风花雪月事件的发生，甚至人生中也少不了出轨的情形，在这种前提下，感情出问题的机会当然也会大为提高。</item>
				<item name="化解">未婚的朋友可以选择请$T56#星光粉晶七星阵#$放在家里的个人桃花位，提升自身桃花运，彰显个人魅力，赶走烂桃花，提升桃花正能量，成为自身守护魅力之神，促成美好良缘。再配合【$F22#招桃花符#$】可招来桃花情缘，增加异性缘分，获取异性好感。
已婚的朋友在卧室摆放$T57#天然粉水晶鸳鸯一对#$可以有效改善夫妻关系。鸳鸯永恒爱情的象征，是一夫一妻、相亲相爱、白头偕老的表率，粉水晶还能加强心肺功能的健康，可松弛紧张情绪，舒缓烦躁心情。粉水晶鸳鸯可协助改善夫妻关系，化解煞星带来的围绕在您们夫妻间的煞气。同时可以请【$F24#夫妻合和符#$】催动和合二仙和月下老人促成姻缘，化解矛盾，令夫妻二人情投意合，恩爱百年。</item>
			</xingyao>
			<xingyao  id="34"  name="天同星+巨门星"  character="4#9"  index="0">
				 <item>65</item>
				 <item>既温柔又富有同情心，可说是有慈悲善良的‘小温情主义’，然而很容易分不清什么是爱情，什么是同情，就算嘴巴偶然毒了些，充其量也不过是刀子嘴豆腐心的面恶心善之辈，只是有游移不定、三心二意的缺点，这个拿不起，那个放不下，一不小心就会从同情变爱情，从烂好人变劈腿人士，固然当事者也不是故意的，伴侣的眼睛可得要放亮一点。
与此同时，您也可能比较八卦，是超级广播站，所以另一半做了些什么，可能所有的亲朋好友都被昭告。而您本来就敏感多疑善变，会把芝麻小事都看在眼里，自寻烦恼，容易因为小事于伴侣争吵，婚姻生活自然有着没完没了的冲突。</item>
				<item name="化解">未婚的朋友可以选择请$T56#星光粉晶七星阵#$放在家里的个人桃花位，提升自身桃花运，彰显个人魅力，赶走烂桃花，提升桃花正能量，成为自身守护魅力之神，促成美好良缘。再配合【$F22#招桃花符#$】可招来桃花情缘，增加异性缘分，获取异性好感。
已婚的朋友在卧室摆放$T57#天然粉水晶鸳鸯一对#$可以有效改善夫妻关系。鸳鸯永恒爱情的象征，是一夫一妻、相亲相爱、白头偕老的表率，粉水晶还能加强心肺功能的健康，可松弛紧张情绪，舒缓烦躁心情。粉水晶鸳鸯可协助改善夫妻关系，化解煞星带来的围绕在您们夫妻间的煞气。同时可以请【$F24#夫妻合和符#$】催动和合二仙和月下老人促成姻缘，化解矛盾，令夫妻二人情投意合，恩爱百年。</item>
			</xingyao>
			<xingyao  id="35"  name="天同星+天梁星"  character="4#11"  index="0">
				 <item>73</item>
				 <item>既温柔又富有同情心，可说是有慈悲善良的‘小温情主义’，然而很容易分不清什么是爱情，什么是同情，就算嘴巴偶然毒了些，充其量也不过是刀子嘴豆腐心的面恶心善之辈，只是有游移不定、三心二意的缺点，这个拿不起，那个放不下，一不小心就会从同情变爱情，从烂好人变劈腿人士，固然当事者也不是故意的，伴侣的眼睛可得要放亮一点。
与此同时，您也可能属于‘根本很难动心’的类型，也许看看韩剧、上网打发时间、烧香念佛、读书，生活就已经十分自足，无需谈什么男女感情了，这样往往会忽略伴侣，对家庭造成影响，婚姻如果还是活在自己的世界里，那婚姻生活显然不健康的。</item>
				<item name="化解">未婚的朋友可以选择请$T56#星光粉晶七星阵#$放在家里的个人桃花位，提升自身桃花运，彰显个人魅力，赶走烂桃花，提升桃花正能量，成为自身守护魅力之神，促成美好良缘。再配合【$F22#招桃花符#$】可招来桃花情缘，增加异性缘分，获取异性好感。
已婚的朋友在卧室摆放$T57#天然粉水晶鸳鸯一对#$可以有效改善夫妻关系。鸳鸯永恒爱情的象征，是一夫一妻、相亲相爱、白头偕老的表率，粉水晶还能加强心肺功能的健康，可松弛紧张情绪，舒缓烦躁心情。粉水晶鸳鸯可协助改善夫妻关系，化解煞星带来的围绕在您们夫妻间的煞气。同时可以请【$F24#夫妻合和符#$】催动和合二仙和月下老人促成姻缘，化解矛盾，令夫妻二人情投意合，恩爱百年。</item>
			</xingyao>
			<xingyao  id="36"  name="天同星+太阴星"  character="4#7"  index="0">
				 <item>78</item>
				 <item>既温柔又富有同情心，可说是有慈悲善良的‘小温情主义’，然而很容易分不清什么是爱情，什么是同情，就算嘴巴偶然毒了些，充其量也不过是刀子嘴豆腐心的面恶心善之辈，只是有游移不定、三心二意的缺点，这个拿不起，那个放不下，一不小心就会从同情变爱情，从烂好人变劈腿人士，固然当事者也不是故意的，伴侣的眼睛可得要放亮一点。
与此同时，您也可能为人较为感性，多思多虑是难免，感性又重视生活情趣，喜欢优哉游哉的过日子，对感情充满浪漫期待，是个懂得追求生活情趣的人。单是可以会心情起伏不定，比较飘忽散漫或流于幻想，自作多情又爱钻牛角尖之人，婚姻自然也会产生较多变量，也容易为情所困。</item>
				<item name="化解">未婚的朋友可以选择请$T56#星光粉晶七星阵#$放在家里的个人桃花位，提升自身桃花运，彰显个人魅力，赶走烂桃花，提升桃花正能量，成为自身守护魅力之神，促成美好良缘。再配合【$F22#招桃花符#$】可招来桃花情缘，增加异性缘分，获取异性好感。
已婚的朋友在卧室摆放$T57#天然粉水晶鸳鸯一对#$可以有效改善夫妻关系。鸳鸯永恒爱情的象征，是一夫一妻、相亲相爱、白头偕老的表率，粉水晶还能加强心肺功能的健康，可松弛紧张情绪，舒缓烦躁心情。粉水晶鸳鸯可协助改善夫妻关系，化解煞星带来的围绕在您们夫妻间的煞气。同时可以请【$F24#夫妻合和符#$】催动和合二仙和月下老人促成姻缘，化解矛盾，令夫妻二人情投意合，恩爱百年。</item>
			</xingyao>
			<xingyao  id="37"  name="廉贞星+天府星"  character="5#6"  index="0">
				 <item>69</item>
				 <item>您表面上属于理智冷静，内里忙碌，但感情上容易受冷静与热情矛盾的冲击，用情不专，易生烦恼，对于酒色免疫能力较差，如果想婚后生活得到美满，那么就必须要好好约束自己了。
与此同时，您也可能个性温厚，对于对不起自己的人也能有所包容，就像是妈妈对孩子一样，千错万错还是回家就好。出于自尊，您并不会神经质的黏着旧情人强迫给予，顶多也就是偶尔一通的电话而已，这样的您将会是个很好的伴侣。但是这不代表您可以任凭欺负，一旦超过底线，可是没有好果吃的。</item>
				<item name="化解">未婚的朋友可以选择请$T56#星光粉晶七星阵#$放在家里的个人桃花位，提升自身桃花运，彰显个人魅力，赶走烂桃花，提升桃花正能量，成为自身守护魅力之神，促成美好良缘。再配合【$F22#招桃花符#$】可招来桃花情缘，增加异性缘分，获取异性好感。
已婚的朋友在卧室摆放$T57#天然粉水晶鸳鸯一对#$可以有效改善夫妻关系。鸳鸯永恒爱情的象征，是一夫一妻、相亲相爱、白头偕老的表率，粉水晶还能加强心肺功能的健康，可松弛紧张情绪，舒缓烦躁心情。粉水晶鸳鸯可协助改善夫妻关系，化解煞星带来的围绕在您们夫妻间的煞气。同时可以请【$F24#夫妻合和符#$】催动和合二仙和月下老人促成姻缘，化解矛盾，令夫妻二人情投意合，恩爱百年。</item>
			</xingyao>
			<xingyao  id="38"  name="廉贞星+贪狼星"  character="5#8"  index="0">
				 <item>28</item>
				 <item>您表面上属于理智冷静，内里忙碌，但感情上容易受冷静与热情矛盾的冲击，用情不专，易生烦恼，对于酒色免疫能力较差，如果想婚后生活得到美满，那么就必须要好好约束自己了。
与此同时，因为福德乃是婚姻生活的气数字，您可能本身较为花心，较盼望风花雪月事件的发生，甚至人生中也少不了出轨的情形，在这种前提下，感情出问题的机会当然也会大为提高。</item>
				<item name="化解">未婚的朋友可以选择请$T56#星光粉晶七星阵#$放在家里的个人桃花位，提升自身桃花运，彰显个人魅力，赶走烂桃花，提升桃花正能量，成为自身守护魅力之神，促成美好良缘。再配合【$F22#招桃花符#$】可招来桃花情缘，增加异性缘分，获取异性好感。
已婚的朋友在卧室摆放$T57#天然粉水晶鸳鸯一对#$可以有效改善夫妻关系。鸳鸯永恒爱情的象征，是一夫一妻、相亲相爱、白头偕老的表率，粉水晶还能加强心肺功能的健康，可松弛紧张情绪，舒缓烦躁心情。粉水晶鸳鸯可协助改善夫妻关系，化解煞星带来的围绕在您们夫妻间的煞气。同时可以请【$F24#夫妻合和符#$】催动和合二仙和月下老人促成姻缘，化解矛盾，令夫妻二人情投意合，恩爱百年。</item>
			</xingyao>
			<xingyao  id="39"  name="廉贞星+天相星"  character="5#10"  index="0">
				 <item>64</item>
				 <item>您表面上属于理智冷静，内里忙碌，但感情上容易受冷静与热情矛盾的冲击，用情不专，易生烦恼，对于酒色免疫能力较差，如果想婚后生活得到美满，那么就必须要好好约束自己了。
与此同时，您可能懂得享受，也善于制造生活情趣，若是夫妻两人相知相惜，而且身家旗鼓相当，在沟通上没太大的问题，倒也能相互体谅扶持，恩爱的生活。但是容易遇事不决，耳根子软，外表看起来很有原则个性，一副很忠厚诚恳的样子，但心中自有一把尺，绝不会牺牲自己的利益，需要努力经营婚姻生活。</item>
				<item name="化解">未婚的朋友可以选择请$T56#星光粉晶七星阵#$放在家里的个人桃花位，提升自身桃花运，彰显个人魅力，赶走烂桃花，提升桃花正能量，成为自身守护魅力之神，促成美好良缘。再配合【$F22#招桃花符#$】可招来桃花情缘，增加异性缘分，获取异性好感。
已婚的朋友在卧室摆放$T57#天然粉水晶鸳鸯一对#$可以有效改善夫妻关系。鸳鸯永恒爱情的象征，是一夫一妻、相亲相爱、白头偕老的表率，粉水晶还能加强心肺功能的健康，可松弛紧张情绪，舒缓烦躁心情。粉水晶鸳鸯可协助改善夫妻关系，化解煞星带来的围绕在您们夫妻间的煞气。同时可以请【$F24#夫妻合和符#$】催动和合二仙和月下老人促成姻缘，化解矛盾，令夫妻二人情投意合，恩爱百年。</item>
			</xingyao>
				 <xingyao  id="40"  name="廉贞星+七杀星"  character="5#12"  index="0">
				 <item>29</item>
				 <item>您表面上属于理智冷静，内里忙碌，但感情上容易受冷静与热情矛盾的冲击，用情不专，易生烦恼，对于酒色免疫能力较差，如果想婚后生活得到美满，那么就必须要好好约束自己了。
与此同时，您可能是个无法安于现状，勇于挑战人生的人，主观，强势，念旧，重感情，但也桀骜不驯，独占心很强，并且醋劲十足，无法忍受背叛，有宁为玉碎不为瓦全的完美心态。虽爱物惜情，却又难逃风花雪月的诱惑，婚姻感情并不幸福美满，需要时刻约束自己才能保持家庭幸福。</item>
				<item name="化解">未婚的朋友可以选择请$T56#星光粉晶七星阵#$放在家里的个人桃花位，提升自身桃花运，彰显个人魅力，赶走烂桃花，提升桃花正能量，成为自身守护魅力之神，促成美好良缘。再配合【$F22#招桃花符#$】可招来桃花情缘，增加异性缘分，获取异性好感。
已婚的朋友在卧室摆放$T57#天然粉水晶鸳鸯一对#$可以有效改善夫妻关系。鸳鸯永恒爱情的象征，是一夫一妻、相亲相爱、白头偕老的表率，粉水晶还能加强心肺功能的健康，可松弛紧张情绪，舒缓烦躁心情。粉水晶鸳鸯可协助改善夫妻关系，化解煞星带来的围绕在您们夫妻间的煞气。同时可以请【$F24#夫妻合和符#$】催动和合二仙和月下老人促成姻缘，化解矛盾，令夫妻二人情投意合，恩爱百年。</item>
			</xingyao>
			<xingyao  id="41"  name="廉贞星+破军星"  character="5#13"  index="0">
				 <item>28</item>
				 <item>您表面上属于理智冷静，内里忙碌，但感情上容易受冷静与热情矛盾的冲击，用情不专，易生烦恼，对于酒色免疫能力较差，如果想婚后生活得到美满，那么就必须要好好约束自己了。
与此同时，您可能是个无法安于现状，勇于挑战人生的人，主观，强势，念旧，重感情，但也桀骜不驯，独占心很强，并且醋劲十足，无法忍受背叛，有宁为玉碎不为瓦全的完美心态。虽爱物惜情，却又难逃风花雪月的诱惑，婚姻感情并不幸福美满，需要时刻约束自己才能保持家庭幸福。</item>
				<item name="化解">未婚的朋友可以选择请$T56#星光粉晶七星阵#$放在家里的个人桃花位，提升自身桃花运，彰显个人魅力，赶走烂桃花，提升桃花正能量，成为自身守护魅力之神，促成美好良缘。再配合【$F22#招桃花符#$】可招来桃花情缘，增加异性缘分，获取异性好感。
已婚的朋友在卧室摆放$T57#天然粉水晶鸳鸯一对#$可以有效改善夫妻关系。鸳鸯永恒爱情的象征，是一夫一妻、相亲相爱、白头偕老的表率，粉水晶还能加强心肺功能的健康，可松弛紧张情绪，舒缓烦躁心情。粉水晶鸳鸯可协助改善夫妻关系，化解煞星带来的围绕在您们夫妻间的煞气。同时可以请【$F24#夫妻合和符#$】催动和合二仙和月下老人促成姻缘，化解矛盾，令夫妻二人情投意合，恩爱百年。</item>
			</xingyao>
		</zhuxing>
		<fuxing>
			<xingyao id="18"  name="左辅">
				<content>您的婚姻对象往往是有过婚姻或有过几段感情的人，您也可能会有二度婚姻的征兆。值得欣慰的是，如果您无奈地结算第一次婚姻，第二次的婚姻会有着幸福圆满的结局。</content>
			</xingyao>
			<xingyao id="19"  name="右弼">
				<content>您的婚姻对象往往是有过婚姻或有过几段感情的人，您也可能会有二度婚姻的征兆。值得欣慰的是，如果您无奈地结算第一次婚姻，第二次的婚姻会有着幸福圆满的结局。</content>
			</xingyao>
			<xingyao id="27"  name="地劫">
				<content>地劫像是沙漠，会让旅人举步唯艰，体力耗竭之时，则会产生海市蜃楼的幻影，所以会有“天马行空”的空幻臆想。如果将这些诠释放在夫妻相处的气数字上，就能意会出婚姻的“无力”处境，也可以想象出婚姻生活的质量并不是很好。</content>
			</xingyao>
			<xingyao id="26"  name="地空">
				<content>地空像是泥巴，会让旅人举步唯艰，体力耗竭之时，则会产生海市蜃楼的幻影，所以会有“天马行空”的空幻臆想。如果将这些诠释放在夫妻相处的气数字上，就能意会出婚姻的“无力”处境，也可以想象出婚姻生活的质量并不是很好。</content>
			</xingyao>
			<xingyao id="14"  name="禄存">
				<content>您的婚姻生活很难走到尽头，即使您夫妻宫里凶星云集或桃花星密布，甚至在婚后，男的仍旧风流倜傥，女的风骚依然，却不见得离得了婚，因为这个禄存星会把很想劳燕分飞的婚姻男女主角作“难以分开”的牵系，令婚姻关系难以彻底断裂。</content>
			</xingyao>
			<xingyao id="23"  name="陀罗">
				<content>自己对爱情认识和信息都不足，内心深处充满矛盾和某些负面思想，一段感情经营不久，就在自己的胡思乱想中‘自我了断’，自己分得很难过，别人被甩得莫名其妙，但其实可能什么事都没有。</content>
			</xingyao>
			<xingyao id="25"  name="铃星">
				<content>自己对爱情认识和信息都不足，内心深处充满矛盾和某些负面思想，一段感情经营不久，就在自己的胡思乱想中‘自我了断’，自己分得很难过，别人被甩得莫名其妙，但其实可能什么事都没有。</content>
			</xingyao>
			<xingyao id="24"  name="火星">
				<content>您个性急切，对事情极不耐烦，喜新厌旧，对已经得到的东西很快就失去兴趣，宁可大费周章从头再来，也不想因循怠惰，在旧东西里和稀泥。这样的现象也反应在感情上，不管一开始与情人相处是多么的彬彬有礼或温柔婉约，时间一久就会慢慢的露出真面目－暴躁与不耐烦，最要命的是喜新厌旧，两个人还没过磨和期，就开始想是否适合。</content>
			</xingyao>
			<xingyao id="22"  name="擎羊">
				<content>您经常会有自以为是的表现，极想主导一切却缺乏主宰能力，如若强行控制一切会使婚姻生活出现裂痕，婚姻生活经常需要修补裂痕。如能够预防当然最好，但要您改变顽固本质，似乎很难。</content>
			</xingyao>
			<xingyao id="28"  name="化禄">
				<content>多绮丽遐思，重视在物质层面上的享受。您多情、热情，每每会有过度乐观的想象，让婚姻生活布满情趣，爱情远景较为看好，然而多情也可能被误导，过度乐观也有面对残酷现实之时，不过终究是能拥有倍受祝福的婚姻，然而是否能让浓情持续下去，则有待双方持之以恒的维护。</content>
			</xingyao>
			<xingyao id="29"  name="化权">
				<content>您对钱财事业相当有企图心，因此想法深广，心思常变；配偶在婚后会受其影响而有相当程度的自我提升，也会表现出强势，足以和当事者分庭抗礼的个性，使得婚姻关系处在紧绷状况。</content>
			</xingyao>
			<xingyao id="31"  name="化忌">
				<content>婚缘运并不理想，即使强力运作，也会问题不断，处境可以用苦中作乐来形容。您或许并非开朗之人，而婚配对象面对挫折的承受能力也不是很好，这种组合的婚姻常见笼罩在阴霾压抑的氛围里，夫妻生活需要活力、阳光、乐观来作兴奋剂！</content>
			</xingyao>
			<xingyao id="30"  name="化科">
				<content>夫妻间的相处很少会犯下让对方受不了的严重过失，即使有龃龉、争执，亦能在充份沟通之后言归旧好，您和伴侣都相当重视面子问题，这点或许双方注意退让。</content>
			</xingyao>
		</fuxing>
</root>
