<?xml version="1.0" encoding="UTF-8"?>
<root><xingdi position="0" name="命宫">主人个性强，固执，坦率耿直，口硬心软；命宫和身宫同宫，命运有大好大坏的倾向。一般来讲，平生多较劳碌。</xingdi><xingdi position="10" name="福德">比较重视个人享受，有钱花在自己身上，满足于娱乐。财、福两宫均不好时，一生辛劳，过着闷闷不乐的生活。财宫好福宫不好时，有钱不会花，为守财奴。财宫不好福宫好时，能满足常乐。</xingdi><xingdi position="8" name="事业">对事业尤其执着，有责任心、事业心，很重视荣誉，有野心。星系组合好者能创大业，做事能力强，一生顺利，气质高尚。</xingdi><xingdi position="6" name="迁移">身入社会活动空间，交游广，能适应多变的环境，一生命运变化大，身心较忙碌，难得清闲，喜外出游荡。因命迁对宫，互相影响，命、迁均好，自己有才能，且能发挥良好。命好迁不好，自己虽有才能，但开始难发挥，须经努力，才能得到众人的欣赏，从而有所发挥。命宫不好而身宫好者，幼年体弱多病，吃别人奶水或给人当义子，其人离乡背井发展比在本乡发展好。</xingdi><xingdi position="4" name="财帛">一般多不缺钱用，一生重视金钱的运用，具有经济头脑，精打细算，善于理财。一般从商者居多，星系组合吉者，可成大富翁。反之则否，一生为钱财奔劳，过着艰辛的生活。</xingdi><xingdi position="2" name="夫妻">家庭观念较重，对爱情敏感。星系组合吉者，夫妻感情好，对配偶非常关怀，体贴入微；可因婚姻获益；星系组合不好者，易被感情所困，易陷于单相思，感情苦恼，婚姻不美满。女命对夫家和外家均关心。</xingdi></root>