<?xml version="1.0" encoding="UTF-8"?>
<root>
	<dashizhenyan id="0" name="紫微">
		<dizhi id="0">
			<content id="1">自己一生辛劳，事业难遂，虽得父母之助亦不能为福，中晚年辛劳。性格较孤高，喜高攀。/n父母学识丰富，健康长寿，对子女要求较严。/n出身豪门，得父母恩惠更大，但过度宠爱反对己不利。
			</content>
			<content id="2">自己一生辛劳，事业难遂，虽得父母之助亦不能为福，中晚年辛劳。性格较孤高，喜高攀。/n父母学识丰富，健康长寿，对子女要求较严。/n只轻克父母，与父母会有些争吵。
			</content>
		</dizhi>
		<dizhi id="1">
			<content id="1">自己一生辛劳，事业上较难取得成就，虽得父母之助亦不能为福，中晚年较为辛劳，性格较孤高，喜欢高攀。/n父母感情较好，较易与父母产生矛盾不和，家庭纠纷较多，但与双亲关系能够得到改善，建议幼年分离，否则早年会有刑克。
			</content>
			<content id="2">自己一生辛劳，事业上较难取得成就，虽得父母之助亦不能为福，中晚年较为辛劳，性格较孤高，喜欢高攀。/n自己年幼时身体较虚弱，较易遭受疾病，与双亲一方缘分较浅，或会经历生离死别。
			</content>
		</dizhi>
		<dizhi id="2">
			<content id="1">自己一生辛劳，事业上较难取得成就，虽得父母之助亦不能为福，中晚年较为辛劳，性格较孤高，喜欢高攀。/n父母富贵，地位高，福禄寿全，但父母管教严，自己容易产生不满。
			</content>
			<content id="2">自己一生辛劳，事业上较难取得成就，虽得父母之助亦不能为福，中晚年较为辛劳，性格较孤高，喜欢高攀。/n或父母地位不高，或父母易遭受病灾，或易与父母产生矛盾以致彼此关系不和谐。
			</content>
		</dizhi>
		<dizhi id="3">
			<content id="1">自己一生辛劳，事业上较难取得成就，虽得父母之助亦不能为福，中晚年较为辛劳，性格较孤高，喜欢高攀。/n双亲健在，可获得双亲的庇荫，但您与父母的关系较为平淡或易产生不和。
			</content>
			<content id="2">自己一生辛劳，事业上较难取得成就，虽得父母之助亦不能为福，中晚年较为辛劳，性格较孤高，喜欢高攀。/n或会对父母不利，与父母较无缘，或与双亲分离。
			</content>
		</dizhi>
		<dizhi id="4">
			<content id="1">自己一生辛劳，事业上较难取得成就，虽得父母之助亦不能为福，中晚年较为辛劳，性格较孤高，喜欢高攀。/n父母福禄富贵，彼此感情比较和谐，虽与双亲感情欠佳，但能得福荫。
			</content>
			<content id="2">自己一生辛劳，事业上较难取得成就，虽得父母之助亦不能为福，中晚年较为辛劳，性格较孤高，喜欢高攀。/n双亲事业容易遇到阻碍，或易受病灾困扰，或彼此易产生矛盾不和。
			</content>
		</dizhi>
		<dizhi id="5">
			<content id="1">自己一生辛劳，事业上较难取得成就，虽得父母之助亦不能为福，中晚年较为辛劳，性格较孤高，喜欢高攀。/n父母富贵、有威权，可得父母恩惠，但父母对您的管教很严，彼此关系不好。
			</content>
			<content id="2">自己一生辛劳，事业上较难取得成就，虽得父母之助亦不能为福，中晚年较为辛劳，性格较孤高，喜欢高攀。/n父母富贵、有威权，可得父母恩惠，但父母对您的管教很严，与父母发生争执冲突。
			</content>
		</dizhi>
		<dizhi id="6">
			<content id="1">自己一生辛劳，事业难遂，虽得父母之助亦不能为福，中晚年辛劳。性格较孤高，喜高攀。/n父母学识丰富，健康长寿，对子女要求较严。/n出身豪门，得父母恩惠更大，但过度宠爱反对己不利。
			</content>
			<content id="2">自己一生辛劳，事业难遂，虽得父母之助亦不能为福，中晚年辛劳。性格较孤高，喜高攀。/n父母学识丰富，健康长寿，对子女要求较严。/n只轻克父母，与父母会有些争吵。见桃花，父亲或另有妻妾或情妇。
			</content>
		</dizhi>
		<dizhi id="7">
			<content id="1">自己一生辛劳，事业上较难取得成就，虽得父母之助亦不能为福，中晚年较为辛劳，性格较孤高，喜欢高攀。/n父母感情较好，较易与父母产生矛盾不和，家庭纠纷较多，但与双亲关系能够得到改善，建议幼年分离，否则早年会有刑克。
			</content>
			<content id="2">自己一生辛劳，事业上较难取得成就，虽得父母之助亦不能为福，中晚年较为辛劳，性格较孤高，喜欢高攀。/n自己年幼时身体较虚弱，较易遭受疾病，与双亲一方缘分较浅，或会经历生离死别。
			</content>
		</dizhi>
		<dizhi id="8">
			<content id="1">自己一生辛劳，事业上较难取得成就，虽得父母之助亦不能为福，中晚年较为辛劳，性格较孤高，喜欢高攀。/n父母富贵，地位高，福禄寿全，但父母管教严，自己容易产生不满。
			</content>
			<content id="2">自己一生辛劳，事业上较难取得成就，虽得父母之助亦不能为福，中晚年较为辛劳，性格较孤高，喜欢高攀。/n或父母地位不高，或父母易遭受病灾，或易与父母产生矛盾以致彼此关系不和谐。
			</content>
		</dizhi>
		<dizhi id="9">
			<content id="1">自己一生辛劳，事业上较难取得成就，虽得父母之助亦不能为福，中晚年较为辛劳，性格较孤高，喜欢高攀。/n双亲健在，可获得双亲的庇荫，但您与父母的关系较为平淡或易产生不和。
			</content>
			<content id="2">自己一生辛劳，事业上较难取得成就，虽得父母之助亦不能为福，中晚年较为辛劳，性格较孤高，喜欢高攀。/n或会对父母不利，与父母较无缘，或与双亲分离。
			</content>
		</dizhi>
		<dizhi id="10">
			<content id="1">自己一生辛劳，事业上较难取得成就，虽得父母之助亦不能为福，中晚年较为辛劳，性格较孤高，喜欢高攀。/n父母福禄富贵，彼此感情比较和谐，虽与双亲感情欠佳，但能得福荫。
			</content>
			<content id="2">自己一生辛劳，事业上较难取得成就，虽得父母之助亦不能为福，中晚年较为辛劳，性格较孤高，喜欢高攀。/n双亲事业容易遇到阻碍，或易受病灾困扰，或彼此易产生矛盾不和。
			</content>
		</dizhi>
		<dizhi id="11">
			<content id="1">自己一生辛劳，事业上较难取得成就，虽得父母之助亦不能为福，中晚年较为辛劳，性格较孤高，喜欢高攀。/n父母富贵、有威权，可得父母恩惠，但父母对您的管教很严，彼此关系不好。
			</content>
			<content id="2">自己一生辛劳，事业上较难取得成就，虽得父母之助亦不能为福，中晚年较为辛劳，性格较孤高，喜欢高攀。/n父母富贵、有威权，可得父母恩惠，但父母对您的管教很严，与父母发生争执冲突。
			</content>
		</dizhi>
	</dashizhenyan>
	<dashizhenyan id="1" name="天机">
		<dizhi id="0">
			<content id="1">自己出生于积善之家，有优秀的遗传基因。/n父母有福禄，且能得到父母的恩惠，会受到优良的家庭教育。/n父母和蔼可亲，平易近人，但多唠叨，说话易得罪人。父母尤其是母亲对子女教育关怀备致，但过多干涉子女，造成孩子心理厌烦。
			</content>
			<content id="2">出生于积善之家，有优秀的遗传基因。父母和蔼可亲，平易近人，但多唠叨，说话易得罪人。父母尤其是母亲对子女教育关怀备致，但过多干涉子女，造成孩子心理厌烦。/n与父母缘分薄，容易分离，而且早年父母身体不好，容易生病，或遇到灾祸。
			</content>
		</dizhi>
		<dizhi id="1">
			<content id="1">自己出生于积善之家，有优秀的遗传基因。/n父母有福禄，且能得到父母的恩惠，会受到优良的家庭教育。/n父母和蔼可亲，平易近人，但多唠叨，说话易得罪人。父母尤其是母亲对子女教育关怀备致，但过多干涉子女，造成孩子心理厌烦。/n但您与父母不和，或会二姓寄居、过房入赘或重拜父母，有破相，头面手脚有伤。
			</content>
			<content id="2">自己出生于积善之家，有优秀的遗传基因。/n父母有福禄，且能得到父母的恩惠，会受到优良的家庭教育。/n父母和蔼可亲，平易近人，但多唠叨，说话易得罪人。父母尤其是母亲对子女教育关怀备致，但过多干涉子女，造成孩子心理厌烦。/n但您与父母不和，或会二姓寄居、过房入赘或重拜父母，有破相，头面手脚有伤。
			</content>
		</dizhi>
		<dizhi id="2">
			<content id="1">出生于积善之家，有优秀的遗传基因。父母和蔼可亲，平易近人，但多唠叨，说话易得罪人。/n父母尤其是母亲对子女教育关怀备致，但过多干涉子女，造成孩子心理厌烦，宜远离和少依赖父母可免刑克。/n父母福厚，事业有成，能享天年，得父母福荫恩惠大。
			</content>
			<content id="2">出生于积善之家，有优秀的遗传基因。父母和蔼可亲，平易近人，但多唠叨，说话易得罪人。/n父母尤其是母亲对子女教育关怀备致，但过多干涉子女，造成孩子心理厌烦，宜远离和少依赖父母可免刑克。/n双亲易会有病灾，对母亲较不利，较难获得父母的恩惠。
			</content>
		</dizhi>
		<dizhi id="3">
			<content id="1">出生于积善之家，有优秀的遗传基因。/n父母有福禄，轻病灾，和蔼可亲，平易近人，但多唠叨，说话易得罪人。/n父母尤其是母亲对子女教育关怀备致，但过多干涉子女，造成孩子心理厌烦。建议适当远离或减少对父母的依赖。
			</content>
			<content id="2">出生于积善之家，有优秀的遗传基因。/n父母和蔼可亲，平易近人，但多唠叨，说话易得罪人。父母尤其是母亲对子女教育关怀备致，但过多干涉子女，造成孩子心理厌烦。/n刑克较重，或与父母经历生离死别，或重拜父母。/n适当远离和少依赖父母可免刑克。
			</content>
		</dizhi>
		<dizhi id="4">
			<content id="1">出生于积善之家，有优秀的遗传基因。父母和蔼可亲，平易近人，但多唠叨，说话易得罪人。/n父母尤其是母亲对子女教育关怀备致，但过多干涉子女，造成孩子心理厌烦，宜远离和少依赖父母可免刑克。/n父母福禄寿全，生活安逸，易得双亲裁培和恩惠，但会与父母分居或远离，在外得长者的提携。
			</content>
			<content id="2">生于积善之家，有优秀的遗传基因。父母和蔼可亲，平易近人，但多唠叨，说话易得罪人。/n父母尤其是母亲对子女教育关怀备致，但过多干涉子女，造成孩子心理厌烦，宜远离和少依赖父母可免刑克。/n父母易得病灾，得父母的恩惠少。
			</content>
		</dizhi>
		<dizhi id="5">
			<content id="1">出生于积善之家，有优秀的遗传基因。/n父母健在，感情良好，和蔼可亲，平易近人，但多唠叨，说话易得罪人。/n父母尤其是母亲对子女教育关怀备致，但过多干涉子女，造成孩子心理厌烦。/n父母福禄较差，与自己关系一般，父母或有病灾，或可能因环境因素而与父母分离。
			</content>
			<content id="2">出生于积善之家，有优秀的遗传基因。/n父母和蔼可亲，平易近人，但多唠叨，说话易得罪人。/n父母尤其是母亲对子女教育关怀备致，但过多干涉子女，造成孩子心理厌烦。或与父母关系不和，得父母的恩惠少，或幼年时父母容易生病或遭受灾难，二姓及入赘或认义父母可免受灾难。
			</content>
		</dizhi>
		<dizhi id="6">
			<content id="1">自己出生于积善之家，有优秀的遗传基因。/n父母有福禄，且能得到父母的恩惠，会受到优良的家庭教育。/n父母和蔼可亲，平易近人，但多唠叨，说话易得罪人。父母尤其是母亲对子女教育关怀备致，但过多干涉子女，造成孩子心理厌烦。
			</content>
			<content id="2">出生于积善之家，有优秀的遗传基因。父母和蔼可亲，平易近人，但多唠叨，说话易得罪人。父母尤其是母亲对子女教育关怀备致，但过多干涉子女，造成孩子心理厌烦。/n与父母缘分薄，容易分离，而且早年父母身体不好，容易生病，或遇到灾祸。
			</content>
		</dizhi>
		<dizhi id="7">
			<content id="1">自己出生于积善之家，有优秀的遗传基因。/n父母有福禄，且能得到父母的恩惠，会受到优良的家庭教育。/n父母和蔼可亲，平易近人，但多唠叨，说话易得罪人。父母尤其是母亲对子女教育关怀备致，但过多干涉子女，造成孩子心理厌烦。/n但您与父母不和，或会二姓寄居、过房入赘或重拜父母，有破相，头面手脚有伤。
			</content>
			<content id="2">自己出生于积善之家，有优秀的遗传基因。/n父母有福禄，且能得到父母的恩惠，会受到优良的家庭教育。/n父母和蔼可亲，平易近人，但多唠叨，说话易得罪人。父母尤其是母亲对子女教育关怀备致，但过多干涉子女，造成孩子心理厌烦。/n但您与父母不和，或会二姓寄居、过房入赘或重拜父母，有破相，头面手脚有伤。
			</content>
		</dizhi>
		<dizhi id="8">
			<content id="1">出生于积善之家，有优秀的遗传基因。父母和蔼可亲，平易近人，但多唠叨，说话易得罪人。/n父母尤其是母亲对子女教育关怀备致，但过多干涉子女，造成孩子心理厌烦，宜远离和少依赖父母可免刑克。/n父母福厚，事业有成，能享天年，得父母福荫恩惠大。
			</content>
			<content id="2">出生于积善之家，有优秀的遗传基因。父母和蔼可亲，平易近人，但多唠叨，说话易得罪人。/n父母尤其是母亲对子女教育关怀备致，但过多干涉子女，造成孩子心理厌烦，宜远离和少依赖父母可免刑克。/n双亲易会有病灾，对母亲较不利，较难获得父母的恩惠。
			</content>
		</dizhi>
		<dizhi id="9">
			<content id="1">出生于积善之家，有优秀的遗传基因。/n父母有福禄，轻病灾，和蔼可亲，平易近人，但多唠叨，说话易得罪人。/n父母尤其是母亲对子女教育关怀备致，但过多干涉子女，造成孩子心理厌烦。建议适当远离或减少对父母的依赖。
			</content>
			<content id="2">出生于积善之家，有优秀的遗传基因。/n父母和蔼可亲，平易近人，但多唠叨，说话易得罪人。父母尤其是母亲对子女教育关怀备致，但过多干涉子女，造成孩子心理厌烦。/n刑克较重，或与父母经历生离死别，或重拜父母。/n适当远离和少依赖父母可免刑克。
			</content>
		</dizhi>
		<dizhi id="10">
			<content id="1">出生于积善之家，有优秀的遗传基因。父母和蔼可亲，平易近人，但多唠叨，说话易得罪人。/n父母尤其是母亲对子女教育关怀备致，但过多干涉子女，造成孩子心理厌烦，宜远离和少依赖父母可免刑克。/n父母福禄寿全，生活安逸，易得双亲裁培和恩惠，但会与父母分居或远离，在外得长者的提携。
			</content>
			<content id="2">生于积善之家，有优秀的遗传基因。父母和蔼可亲，平易近人，但多唠叨，说话易得罪人。/n父母尤其是母亲对子女教育关怀备致，但过多干涉子女，造成孩子心理厌烦，宜远离和少依赖父母可免刑克。/n父母易得病灾，得父母的恩惠少。
			</content>
		</dizhi>
		<dizhi id="11">
			<content id="1">出生于积善之家，有优秀的遗传基因。/n父母健在，感情良好，和蔼可亲，平易近人，但多唠叨，说话易得罪人。/n父母尤其是母亲对子女教育关怀备致，但过多干涉子女，造成孩子心理厌烦。/n父母福禄较差，与自己关系一般，父母或有病灾，或可能因环境因素而与父母分离。
			</content>
			<content id="2">出生于积善之家，有优秀的遗传基因。/n父母和蔼可亲，平易近人，但多唠叨，说话易得罪人。/n父母尤其是母亲对子女教育关怀备致，但过多干涉子女，造成孩子心理厌烦。或与父母关系不和，得父母的恩惠少，或幼年时父母容易生病或遭受灾难，二姓及入赘或认义父母可免受灾难。
			</content>
		</dizhi>
	</dashizhenyan>
	<dashizhenyan id="2" name="太阳">
		<dizhi id="0">
			<content id="1">您受父亲的遗传和影响较多一些，父母健康长寿，开朗，善良忠厚。/n生于平凡或贫困之家，父母健在，较易获得父母的庇荫。
			</content>
			<content id="2">您受父亲的遗传和影响较多一些，父母健康长寿，开朗，善良忠厚，/n生于平凡或贫困之家，或幼年对父亲较为不利，父亲易患病灾，或与父亲缘薄，或父亲和本人事业易遭破败。
			</content>
		</dizhi>
		<dizhi id="1">
			<content id="1">您受父亲的遗传和影响较多一些，父母健康长寿，开朗，善良忠厚，彼此融洽，得父母恩惠较大，但易与父亲发生矛盾或易对父亲不利。
			</content>
			<content id="2">您受父亲的遗传和影响较多一些，父母健康长寿，开朗，善良忠厚，彼此融洽，会克父母，只是时间较晚，或与父母不和，或父母有病灾。
			</content>
		</dizhi>
		<dizhi id="2">
			<content id="1">您受父亲的遗传和影响较多一些，遗传良好，父母心地善良博爱，为人忠厚。/n出身名门，父亲有权贵，彼此融洽，得父母宠爱，且得上司赏识。父亲和本人的事业较顺遂，父母有福禄名气。/n您得父母的恩惠和福荫大，因父母帮助而出人头地。
			</content>
			<content id="2">您受父亲的遗传和影响较多一些。/n工作上，容易与上司产生分歧，受上司的压力大。/n或易与父母产生感情摩擦，造成不快，或与父亲缘分薄，父亲易遭受高血压等疾病。
			</content>
		</dizhi>
		<dizhi id="3">
			<content id="1">您受父亲的遗传和影响较多一些，遗传良好，父母心地善良博爱，为人忠厚。/n出身名门，父亲有权贵，彼此融洽，得父母宠爱，且得上司赏识。父亲和本人的事业较顺遂，父母有福禄名气。/n您得父母的恩惠和福荫大，因父母帮助而出人头地。
			</content>
			<content id="2">您受父亲的遗传和影响较多一些。/n工作上，容易与上司产生分歧，受上司的压力大。/n或易与父母产生感情摩擦，造成不快，或与父亲缘分薄，父亲易遭受高血压等疾病。
			</content>
		</dizhi>
		<dizhi id="4">
			<content id="1">您受父亲的遗传和影响较多一些，遗传良好，父母心地善良博爱，为人忠厚。/n出身名门，父亲有权贵，彼此融洽，得父母宠爱，且得上司赏识。父亲和本人的事业较顺遂，父母有福禄名气。/n您得父母的恩惠和福荫大，因父母帮助而出人头地。
			</content>
			<content id="2">您受父亲的遗传和影响较多一些。/n工作上，容易与上司产生分歧，受上司的压力大。/n或易与父母产生感情摩擦，造成不快，或与父亲缘分薄，父亲易遭受高血压等疾病。
			</content>
		</dizhi>
		<dizhi id="5">
			<content id="1">您受父亲的遗传和影响较多一些，遗传良好，父母心地善良博爱，为人忠厚。/n出身名门，父亲有权贵，彼此融洽，得父母宠爱，且得上司赏识。父亲和本人的事业较顺遂，父母有福禄名气。/n您得父母的恩惠和福荫大，因父母帮助而出人头地。
			</content>
			<content id="2">您受父亲的遗传和影响较多一些。/n工作上，容易与上司产生分歧，受上司的压力大。/n或易与父母产生感情摩擦，造成不快，或与父亲缘分薄，父亲易遭受高血压等疾病。
			</content>
		</dizhi>
		<dizhi id="6">
			<content id="1">您受父亲的遗传和影响较多一些，遗传良好，父母心地善良博爱，为人忠厚。/n出身名门，父亲有权贵，彼此融洽，得父母宠爱，且得上司赏识。父亲和本人的事业较顺遂，父母有福禄名气。/n您得父母的恩惠和福荫大，因父母帮助而出人头地。
			</content>
			<content id="2">您受父亲的遗传和影响较多一些。/n工作上，容易与上司产生分歧，受上司的压力大。/n或易与父母产生感情摩擦，造成不快，或与父亲缘分薄，父亲易遭受高血压等疾病。
			</content>
		</dizhi>
		<dizhi id="7">
			<content id="1">您受父亲的遗传和影响较多一些，父母健康长寿，开朗，善良忠厚，彼此融洽，得父母恩惠较大，但易与母亲发生矛盾或易对母亲不利。
			</content>
			<content id="2">您受父亲的遗传和影响较多一些，父母健康长寿，开朗，善良忠厚，彼此融洽，会克父母，只是时间较晚，或与父母不和，或父母有病灾。
			</content>
		</dizhi>
		<dizhi id="8">
			<content id="1">您受父亲的遗传和影响较多一些，父母健康长寿，开朗，善良忠厚。/n与父亲关系欠佳，关系虽可得到改善，但不会很亲密，仍可得到双亲裁培。
			</content>
			<content id="2">您受父亲的遗传和影响较多一些，父母健康长寿，开朗，善良忠厚。/n与父亲关系欠佳，会对父亲不利，父亲易患病灾或与父严重不和。
			</content>
		</dizhi>
		<dizhi id="9">
			<content id="1">您受父亲的遗传和影响较多一些，父母健康长寿，开朗，善良忠厚。/n或出生于平凡家庭，可得父母庇荫，但得益不大。
			</content>
			<content id="2">您受父亲的遗传和影响较多一些，父母健康长寿，开朗，善良忠厚。/n或出生于平凡家庭，可得父母庇荫，但得益不大；或与父母缘分较薄；或父亲易遭遇灾病。
			</content>
		</dizhi>
		<dizhi id="10">
			<content id="1">您受父亲的遗传和影响较多一些，父母健康长寿，开朗，善良忠厚，/n生于平凡或贫困之家，父母健在，较易获得父母的庇荫。
			</content>
			<content id="2">您受父亲的遗传和影响较多一些，父母健康长寿，开朗，善良忠厚，/n生于平凡或贫困之家，或幼年对父亲较为不利，父亲易患病灾，或与父亲缘薄，或父亲和本人事业易遭破败。
			</content>
		</dizhi>
		<dizhi id="11">
			<content id="1">您受父亲的遗传和影响较多一些，父母健康长寿，开朗，善良忠厚，/n生于平凡或贫困之家，父母健在，较易获得父母的庇荫。
			</content>
			<content id="2">您受父亲的遗传和影响较多一些，父母健康长寿，开朗，善良忠厚，/n生于平凡或贫困之家，或幼年对父亲较为不利，父亲易患病灾，或与父亲缘薄，或父亲和本人事业易遭破败。
			</content>
		</dizhi>
	</dashizhenyan>
	<dashizhenyan id="3" name="武曲">
		<dizhi id="0">
			<content id="1">本人方形脸，体壮，声音宏亮。/n父母健在，性情刚强暴躁，有才干，出于望子成龙心切，顽固地按他们的意愿对子女进行严厉的管教，造成彼此关系欠和。/n父母富足，能继承父母产业。
			</content>
			<content id="2">本人方形脸，体壮，声音宏亮。/n父母性情刚强暴躁，有才干，出于望子成龙心切，顽固地按他们的意愿对子女进行严厉的管教，造成彼此关系欠和。/n或父母多灾病，或与父母一方缘分薄。
			</content>
		</dizhi>
		<dizhi id="1">
			<content id="1">本人方形脸，体壮，声音宏亮。/n父母性情刚强暴躁，有才干，出于望子成龙心切，顽固地按他们的意愿对子女进行严厉的管教，造成彼此关系欠和。/n父母平安，但感情较为平淡或远离父母。
			</content>
			<content id="2">本人方形脸，体壮，声音宏亮。/n父母性情刚强暴躁，有才干，出于望子成龙心切，顽固地按他们的意愿对子女进行严厉的管教，造成彼此关系欠和。/n父母易遭受病灾，或父母离异，您与双亲容易发生冲突，且与双亲缘分浅薄。
			</content>
		</dizhi>
		<dizhi id="2">
			<content id="1">本人方形脸，体壮，声音宏亮。/n父母健在，性情刚强暴躁，有才干，出于望子成龙心切，顽固地按他们的意愿对子女进行严厉的管教，造成彼此关系欠和。/n父母富足，能继承父母产业。
			</content>
			<content id="2">本人方形脸，体壮，声音宏亮。/n父母性情刚强暴躁，有才干，出于望子成龙心切，顽固地按他们的意愿对子女进行严厉的管教，造成彼此关系欠和。/n或父母多灾病，或与父母一方缘分薄。
			</content>
		</dizhi>
		<dizhi id="3">
			<content id="1">本人方形脸，体壮，声音宏亮。/n父母性情刚强暴躁，有才干，出于望子成龙心切，顽固地按他们的意愿对子女进行严厉的管教，造成彼此关系欠和。/n父母平安，但与父母缘分较薄，父母或有病灾。
			</content>
			<content id="2">本人方形脸，体壮，声音宏亮。/n父母性情刚强暴躁，有才干，出于望子成龙心切，顽固地按他们的意愿对子女进行严厉的管教，造成彼此关系欠和。/n幼年时父母多灾病，早年可能会与母亲遭受分离，或晚年与父亲分离。
			</content>
		</dizhi>
		<dizhi id="4">
			<content id="1">本人方形脸，体壮，声音宏亮。/n父母性情刚强暴躁，有才干，出于望子成龙心切，顽固地按他们的意愿对子女进行严厉的管教，造成彼此关系欠和。/n父母较富裕，但您与父母一方缘份较差。/n或父母有病灾，或与父母分离。
			</content>
			<content id="2">本人方形脸，体壮，声音宏亮。/n父母性情刚强暴躁，有才干，出于望子成龙心切，顽固地按他们的意愿对子女进行严厉的管教，造成彼此关系欠和。/n父母较富裕，但您与父母一方缘份较差。/n幼年时父母多灾病，早年可能会与母亲遭受分离，或晚年与父亲分离。
			</content>
		</dizhi>
		<dizhi id="5">
			<content id="1">本人方形脸，体壮，声音宏亮。父母性情刚强暴躁，有才干，出于望子成龙心切，顽固地按他们的意愿对子女进行严厉的管教，造成彼此关系欠和。/n早年双亲或有不和或有病灾，与父母感情较淡薄。
			</content>
			<content id="2">本人方形脸，体壮，声音宏亮。/n父母性情刚强暴躁，有才干，出于望子成龙心切，顽固地按他们的意愿对子女进行严厉的管教，造成彼此关系欠和。/n或父母易遭受病痛灾难，或易与父母经历生离死别。和父母分居可缓解。
			</content>
		</dizhi>
		<dizhi id="6">
			<content id="1">本人方形脸，体壮，声音宏亮。/n父母健在，性情刚强暴躁，有才干，出于望子成龙心切，顽固地按他们的意愿对子女进行严厉的管教，造成彼此关系欠和。/n父母富足，能继承父母产业。
			</content>
			<content id="2">本人方形脸，体壮，声音宏亮。/n父母性情刚强暴躁，有才干，出于望子成龙心切，顽固地按他们的意愿对子女进行严厉的管教，造成彼此关系欠和。/n或父母多灾病，或与父母一方缘分薄。
			</content>
		</dizhi>
		<dizhi id="7">
			<content id="1">本人方形脸，体壮，声音宏亮。/n父母性情刚强暴躁，有才干，出于望子成龙心切，顽固地按他们的意愿对子女进行严厉的管教，造成彼此关系欠和。/n父母平安，但感情较为平淡或远离父母。
			</content>
			<content id="2">本人方形脸，体壮，声音宏亮。/n父母性情刚强暴躁，有才干，出于望子成龙心切，顽固地按他们的意愿对子女进行严厉的管教，造成彼此关系欠和。/n父母易遭受病灾，或父母离异，您与双亲容易发生冲突，且与双亲缘分浅薄。
			</content>
		</dizhi>
		<dizhi id="8">
			<content id="1">本人方形脸，体壮，声音宏亮。/n父母健在，性情刚强暴躁，有才干，出于望子成龙心切，顽固地按他们的意愿对子女进行严厉的管教，造成彼此关系欠和。/n父母富足，能继承父母产业。
			</content>
			<content id="2">本人方形脸，体壮，声音宏亮。/n父母性情刚强暴躁，有才干，出于望子成龙心切，顽固地按他们的意愿对子女进行严厉的管教，造成彼此关系欠和。/n或父母多灾病，或与父母一方缘分薄。
			</content>
		</dizhi>
		<dizhi id="9">
			<content id="1">本人方形脸，体壮，声音宏亮。/n父母性情刚强暴躁，有才干，出于望子成龙心切，顽固地按他们的意愿对子女进行严厉的管教，造成彼此关系欠和。/n父母平安，但与父母缘分较薄，父母或有病灾。
			</content>
			<content id="2">本人方形脸，体壮，声音宏亮。/n父母性情刚强暴躁，有才干，出于望子成龙心切，顽固地按他们的意愿对子女进行严厉的管教，造成彼此关系欠和。/n幼年时父母多灾病，早年可能会与母亲遭受分离，或晚年与父亲分离。
			</content>
		</dizhi>
		<dizhi id="10">
			<content id="1">本人方形脸，体壮，声音宏亮。/n父母性情刚强暴躁，有才干，出于望子成龙心切，顽固地按他们的意愿对子女进行严厉的管教，造成彼此关系欠和。/n父母较富裕，但您与父母一方缘份较差。/n或父母有病灾，或与父母分离。
			</content>
			<content id="2">本人方形脸，体壮，声音宏亮。/n父母性情刚强暴躁，有才干，出于望子成龙心切，顽固地按他们的意愿对子女进行严厉的管教，造成彼此关系欠和。/n父母较富裕，但您与父母一方缘份较差。/n幼年时父母多灾病，早年可能会与母亲遭受分离，或晚年与父亲分离。
			</content>
		</dizhi>
		<dizhi id="11">
			<content id="1">本人方形脸，体壮，声音宏亮。父母性情刚强暴躁，有才干，出于望子成龙心切，顽固地按他们的意愿对子女进行严厉的管教，造成彼此关系欠和。/n早年双亲或有不和或有病灾，与父母感情较淡薄。
			</content>
			<content id="2">本人方形脸，体壮，声音宏亮。/n父母性情刚强暴躁，有才干，出于望子成龙心切，顽固地按他们的意愿对子女进行严厉的管教，造成彼此关系欠和。/n或父母易遭受病痛灾难，或易与父母经历生离死别。和父母分居可缓解。
			</content>
		</dizhi>
	</dashizhenyan>
	<dashizhenyan id="4" name="天同">
		<dizhi id="0">
			<content id="1">父母福寿双全，象老顽童，和蔼可亲，稳重明理，福相，乐观，注重享受，喜追求新潮享受。/n家庭内充满活泼的气氛，可得父母的福荫，但过于放纵，放松对自己的教育，日后可能对您不利。
			</content>
			<content id="2">父母象老顽童，和蔼可亲，稳重明理，福相，乐观，注重享受，喜追求新潮享受。/n家庭内充满活泼的气氛，可得父母的福荫，但过于放纵，放松对自己的教育，日后可能对您不利。/n仍会有刑克。
			</content>
		</dizhi>
		<dizhi id="1">
			<content id="1">父母象老顽童，和蔼可亲，稳重明理，福相，乐观，注重享受，喜追求新潮享受。/n家庭内充满活泼的气氛，可得父母的福荫，但过于放纵，放松对自己的教育，日后可能对您不利。/n或与父母感情疏远，时有争执纠纷，不利父母，或祖业逐渐败退或祖产被他人占夺。
			</content>
			<content id="2">父母象老顽童，和蔼可亲，稳重明理，福相，乐观，注重享受，喜追求新潮享受。/n家庭内充满活泼的气氛，可得父母的福荫，但过于放纵，放松对自己的教育，日后可能对您不利。/n父母刑克不和，或与父母冲突大，或父母有病灾，甚则会对父母一方不利。
			</content>
		</dizhi>
		<dizhi id="2">
			<content id="1">父母福寿双全，感情深厚，象老顽童，和蔼可亲，稳重明理，福相，乐观，注重享受，喜追求新潮享受。/n家庭内充满活泼的气氛，父母福荫大，可得父母的福荫，但过于放纵，放松对自己的教育，日后可能对您不利。
			</content>
			<content id="2">父母福寿双全，感情深厚，象老顽童，和蔼可亲，稳重明理，福相，乐观，注重享受，喜追求新潮享受。/n家庭内充满活泼的气氛，父母福荫大，可得父母的福荫，但过于放纵，放松对自己的教育，日后可能对您不利。/n有刑克不和，但较晚。
			</content>
		</dizhi>
		<dizhi id="3">
			<content id="1">父母象老顽童，和蔼可亲，稳重明理，福相，乐观，注重享受，喜追求新潮享受。/n父母福寿双全，脾气很好，彼此感情深厚，得父母的福荫大。/n家庭内充满活泼的气氛，但过于放纵，放松对自己的教育，日后可能对您不利。
			</content>
			<content id="2">父母象老顽童，和蔼可亲，稳重明理，福相，乐观，注重享受，喜追求新潮享受。/n父母福寿双全，脾气很好，彼此感情深厚，得父母的福荫大。/n家庭内充满活泼的气氛，但过于放纵，放松对自己的教育，日后可能对您不利。/n父母会有病灾，或重拜父母，需要关注父母身体状况。
			</content>
		</dizhi>
		<dizhi id="4">
			<content id="1">父母象老顽童，和蔼可亲，稳重明理，福相，乐观，注重享受，喜追求新潮享受。/n家庭内充满活泼的气氛，但过于放纵，放松对自己的教育，日后可能对您不利。/n有克，适合远离、认义父母，可以避免对生父母产生不好的影响。
			</content>
			<content id="2">父母象老顽童，和蔼可亲，稳重明理，福相，乐观，注重享受，喜追求新潮享受。/n家庭内充满活泼的气氛，但过于放纵，放松对自己的教育，日后可能对您不利。/n有克，适合远离、认义父母，可以避免对生父母产生不好的影响。
			</content>
		</dizhi>
		<dizhi id="5">
			<content id="1">父母象老顽童，和蔼可亲，稳重明理，福相，乐观，注重享受，喜追求新潮享受。/n父母福寿双全，脾气很好，彼此感情深厚，得父母的福荫大。/n家庭内充满活泼的气氛，但过于放纵，放松对自己的教育，日后可能对您不利。
			</content>
			<content id="2">父母象老顽童，和蔼可亲，稳重明理，福相，乐观，注重享受，喜追求新潮享受。/n父母福寿双全，脾气很好，彼此感情深厚，得父母的福荫大。/n家庭内充满活泼的气氛，但过于放纵，放松对自己的教育，日后可能对您不利。/n父母会有病灾，或重拜父母，需要关注父母身体状况。
			</content>
		</dizhi>
		<dizhi id="6">
			<content id="1">父母福寿双全，象老顽童，和蔼可亲，稳重明理，福相，乐观，注重享受，喜追求新潮享受。/n家庭内充满活泼的气氛，可得父母的福荫，但过于放纵，放松对自己的教育，日后对您可能不利。
			</content>
			<content id="2">父母象老顽童，和蔼可亲，稳重明理，福相，乐观，注重享受，喜追求新潮享受。/n家庭内充满活泼的气氛，可得父母的福荫，但过于放纵，放松对自己的教育，日后可能对您不利。/n仍会有刑克。
			</content>
		</dizhi>
		<dizhi id="7">
			<content id="1">父母象老顽童，和蔼可亲，稳重明理，福相，乐观，注重享受，喜追求新潮享受。/n家庭内充满活泼的气氛，可得父母的福荫，但过于放纵，放松对自己的教育，日后可能对您不利。/n或与父母感情疏远，时有争执纠纷，不利父母，或祖业逐渐败退或祖产被他人占夺。
			</content>
			<content id="2">父母象老顽童，和蔼可亲，稳重明理，福相，乐观，注重享受，喜追求新潮享受。/n家庭内充满活泼的气氛，可得父母的福荫，但过于放纵，放松对自己的教育，日后可能对您不利。/n父母刑克不和，或与父母冲突大，或父母有病灾，甚则会对父母一方不利。
			</content>
		</dizhi>
		<dizhi id="8">
			<content id="1">父母福寿双全，感情深厚，象老顽童，和蔼可亲，稳重明理，福相，乐观，注重享受，喜追求新潮享受。/n家庭内充满活泼的气氛，父母福荫大，可得父母的福荫，但过于放纵，放松对自己的教育，日后可能对您不利。
			</content>
			<content id="2">父母福寿双全，感情深厚，象老顽童，和蔼可亲，稳重明理，福相，乐观，注重享受，喜追求新潮享受。/n家庭内充满活泼的气氛，父母福荫大，可得父母的福荫，但过于放纵，放松对自己的教育，日后可能对您不利。/n有刑克不和，但较晚。
			</content>
		</dizhi>
		<dizhi id="9">
			<content id="1">父母象老顽童，和蔼可亲，稳重明理，福相，乐观，注重享受，喜追求新潮享受。/n家庭内充满活泼的气氛，但过于放纵，放松对自己的教育，日后可能对您不利。/n有克，适合远离、认义父母，可以避免对生父母产生不好的影响。
			</content>
			<content id="2">父母象老顽童，和蔼可亲，稳重明理，福相，乐观，注重享受，喜追求新潮享受。/n家庭内充满活泼的气氛，但过于放纵，放松对自己的教育，日后可能对您不利。/n有克，适合远离、认义父母，可以避免对生父母产生不好的影响。
			</content>
		</dizhi>
		<dizhi id="10">
			<content id="1">父母象老顽童，和蔼可亲，稳重明理，福相，乐观，注重享受，喜追求新潮享受。/n家庭内充满活泼的气氛，但过于放纵，放松对自己的教育，日后可能对您不利。/n有克，适合远离、认义父母，可以避免对生父母产生不好的影响。
			</content>
			<content id="2">父母象老顽童，和蔼可亲，稳重明理，福相，乐观，注重享受，喜追求新潮享受。/n家庭内充满活泼的气氛，但过于放纵，放松对自己的教育，日后可能对您不利。/n有克，适合远离、认义父母，可以避免对生父母产生不好的影响。
			</content>
		</dizhi>
		<dizhi id="11">
			<content id="1">父母象老顽童，和蔼可亲，稳重明理，福相，乐观，注重享受，喜追求新潮享受。/n父母福寿双全，脾气很好，彼此感情深厚，得父母的福荫大。/n家庭内充满活泼的气氛，但过于放纵，放松对自己的教育，日后可能对您不利。
			</content>
			<content id="2">父母象老顽童，和蔼可亲，稳重明理，福相，乐观，注重享受，喜追求新潮享受。/n父母福寿双全，脾气很好，彼此感情深厚，得父母的福荫大。/n家庭内充满活泼的气氛，但过于放纵，放松对自己的教育，日后可能对您不利。/n父母会有病灾，或重拜父母，需要关注父母身体状况。
			</content>
		</dizhi>
	</dashizhenyan>
	<dashizhenyan id="5" name="廉贞">
		<dizhi id="0">
			<content id="1">父母较自私内向，性情怪僻，脾气急躁，很固执，爱怎么做就怎么做，谁也阻止不了，易对子女发气。/n但您与父母缘分较佳，与父母的感情较好，易得到父母的庇荫和爱护。/n父母富贵荣显，较易获得成就，但较风流。
			</content>
			<content id="2">父母较自私内向，性情怪僻，脾气急躁，很固执，爱怎么做就怎么做，谁也阻止不了，易对子女发气。/n您与父母的缘分较薄，较难得到父母的庇荫与爱护。/n或父母较易遭受病灾，或您会对父母不利；且您与父母较易犯官司。
			</content>
		</dizhi>
		<dizhi id="1">
			<content id="1">父母较自私内向，性情怪僻，脾气急躁，很固执，爱怎么做就怎么做，谁也阻止不了，易对子女发气。/n父母生活勤俭，有成就，但您自幼与父母缘薄，感情平淡，容易产生矛盾，自己可能寄养别处或为难产、剖腹产；早年可能会对父母一方不利，父母易会有病灾，或父母不全，或父母离异。
			</content>
			<content id="2">父母较自私内向，性情怪僻，脾气急躁，很固执，爱怎么做就怎么做，谁也阻止不了，易对子女发气。/n父母生活勤俭，有成就，但您自幼与父母缘薄，容易与父母产生矛盾，自己可能寄养别处或为难产、剖腹产；早年或会对父母不利，父母易会有病灾，或父母不全，或父母离异。
			</content>
		</dizhi>
		<dizhi id="2">
			<content id="1">父母较自私内向，性情怪僻，脾气急躁，很固执，爱怎么做就怎么做，谁也阻止不了，易对子女发气。/n您与父母缘较薄，父母难双全，较难得到父母的庇荫和爱护，或离祖过房，甚则分离。
			</content>
			<content id="2">父母较自私内向，性情怪僻，脾气急躁，很固执，爱怎么做就怎么做，谁也阻止不了，易对子女发气。/n您与父母缘较薄，父母难双全，较难得到父母的庇荫和爱护，或离祖过房，自己有成为孤儿的可能。
			</content>
		</dizhi>
		<dizhi id="3">
			<content id="1">父母较自私内向，性情怪僻，脾气急躁，很固执，爱怎么做就怎么做，谁也阻止不了，易对子女发气。/n您自幼与父母缘薄，感情平淡，容易产生矛盾，自己可能寄养别处或为难产、剖腹产；早年可能会对父母一方不利，父母易会有病灾，或父母不全，或父母离异。
			</content>
			<content id="2">父母较自私内向，性情怪僻，脾气急躁，很固执，爱怎么做就怎么做，谁也阻止不了，易对子女发气。/n您自幼与父母缘薄，容易与父母产生矛盾，自己可能寄养别处或为难产、剖腹产；早年或会对父母不利，父母易会有病灾，或父母不全，或父母离异。
			</content>
		</dizhi>
		<dizhi id="4">
			<content id="1">父母较自私内向，性情怪僻，脾气急躁，很固执，爱怎么做就怎么做，谁也阻止不了。/n父母能干，有富贵成就，且您与父母感情较好，能获得父母很大的福荫。
			</content>
			<content id="2">父母较自私内向，性情怪僻，脾气急躁，很固执，爱怎么做就怎么做，谁也阻止不了。/n父母较能干，有富贵成就，且您与父母感情较好，较易得父母的福荫，但可能会对父母一方不利。
			</content>
		</dizhi>
		<dizhi id="5">
			<content id="1">父母较自私内向，性情怪僻，脾气急躁，很固执，爱怎么做就怎么做，谁也阻止不了，易对子女发气。/n轻刑克，父母较风流，您与父母感情较为和谐，但父母较易遭病灾。
			</content>
			<content id="2">父母较自私内向，性情怪僻，脾气急躁，很固执，爱怎么做就怎么做，谁也阻止不了，易对子女发气。/n刑克较重，父母较风流，您与父母感情易产生不和，与父母缘分较为浅薄，或会与父母生离死别。
			</content>
		</dizhi>
		<dizhi id="6">
			<content id="1">父母较自私内向，性情怪僻，脾气急躁，很固执，爱怎么做就怎么做，谁也阻止不了，易对子女发气。/n但您与父母缘分较佳，与父母的感情较好，易得到父母的庇荫和爱护。/n父母富贵荣显，较易获得成就，但较风流。
			</content>
			<content id="2">父母较自私内向，性情怪僻，脾气急躁，很固执，爱怎么做就怎么做，谁也阻止不了，易对子女发气。/n您与父母的缘分较薄，较难得到父母的庇荫与爱护。/n或父母较易遭受病灾，或您会对父母不利；且您与父母较易犯官司。
			</content>
		</dizhi>
		<dizhi id="7">
			<content id="1">父母较自私内向，性情怪僻，脾气急躁，很固执，爱怎么做就怎么做，谁也阻止不了，易对子女发气。/n父母生活勤俭，有成就，但您自幼与父母缘薄，感情平淡，容易产生矛盾，自己可能寄养别处或为难产、剖腹产；早年可能会对父母一方不利，父母易会有病灾，或父母不全，或父母离异。
			</content>
			<content id="2">父母较自私内向，性情怪僻，脾气急躁，很固执，爱怎么做就怎么做，谁也阻止不了，易对子女发气。/n父母生活勤俭，有成就，但您自幼与父母缘薄，容易与父母产生矛盾，自己可能寄养别处或为难产、剖腹产；早年或会对父母不利，父母易会有病灾，或父母不全，或父母离异。
			</content>
		</dizhi>
		<dizhi id="8">
			<content id="1">父母较自私内向，性情怪僻，脾气急躁，很固执，爱怎么做就怎么做，谁也阻止不了，易对子女发气。/n您与父母缘较薄，父母难双全，较难得到父母的庇荫和爱护，或离祖过房，甚则分离。
			</content>
			<content id="2">父母较自私内向，性情怪僻，脾气急躁，很固执，爱怎么做就怎么做，谁也阻止不了，易对子女发气。/n您与父母缘较薄，父母难双全，较难得到父母的庇荫和爱护，或离祖过房，自己有成为孤儿的可能。
			</content>
		</dizhi>
		<dizhi id="9">
			<content id="1">父母较自私内向，性情怪僻，脾气急躁，很固执，爱怎么做就怎么做，谁也阻止不了，易对子女发气。/n您自幼与父母缘薄，感情平淡，容易产生矛盾，自己可能寄养别处或为难产、剖腹产；早年可能会对父母一方不利，父母易会有病灾，或父母不全，或父母离异。
			</content>
			<content id="2">父母较自私内向，性情怪僻，脾气急躁，很固执，爱怎么做就怎么做，谁也阻止不了，易对子女发气。/n您自幼与父母缘薄，容易与父母产生矛盾，自己可能寄养别处或为难产、剖腹产；早年或会对父母不利，父母易会有病灾，或父母不全，或父母离异。
			</content>
		</dizhi>
		<dizhi id="10">
			<content id="1">父母较自私内向，性情怪僻，脾气急躁，很固执，爱怎么做就怎么做，谁也阻止不了。/n父母能干，有富贵成就，且您与父母感情较好，能获得父母很大的福荫。
			</content>
			<content id="2">父母较自私内向，性情怪僻，脾气急躁，很固执，爱怎么做就怎么做，谁也阻止不了。/n父母较能干，有富贵成就，且您与父母感情较好，较易得父母的福荫，但可能会对父母一方不利。
			</content>
		</dizhi>
		<dizhi id="11">
			<content id="1">父母较自私内向，性情怪僻，脾气急躁，很固执，爱怎么做就怎么做，谁也阻止不了，易对子女发气。/n轻刑克，父母较风流，您与父母感情较为和谐，但父母较易遭病灾。
			</content>
			<content id="2">父母较自私内向，性情怪僻，脾气急躁，很固执，爱怎么做就怎么做，谁也阻止不了，易对子女发气。/n刑克较重，父母较风流，您与父母感情易产生不和，与父母缘分较为浅薄，或会与父母生离死别。
			</content>
		</dizhi>
	</dashizhenyan>
	<dashizhenyan id="6" name="天府">
		<dizhi id="0">
			<content id="1"></content>
			<content id="2"></content>
		</dizhi>
		<dizhi id="1">
			<content id="1">生长在幸福富裕之家，父母慈祥和气，保守持重，采用民主式的教育方法，因而彼此感情很融洽亲切。/n父母双全，富贵福禄，助力大，您与父母缘份较好，能得到父母的宠爱与福荫。
			</content>
			<content id="2">生长在幸福富裕之家，父母慈祥和气，保守持重，采用民主式的教育方法，因而彼此感情比较融洽亲切。/n但父母感情较易产生矛盾，或易遭受病灾，且与父亲也较易产生冲突，或远离过继，得父母的福荫较差。
			</content>
		</dizhi>
		<dizhi id="2">
			<content id="1"></content>
			<content id="2"></content>
		</dizhi>
		<dizhi id="3">
			<content id="1">生长在幸福富裕之家，父母慈祥和气，保守持重，采用民主式的教育方法，因而彼此感情很融洽亲切。/n父母双全，富贵福禄，助力大，您与父母缘份较好，能得到父母的宠爱与福荫。
			</content>
			<content id="2">生长在幸福富裕之家，父母慈祥和气，保守持重，采用民主式的教育方法，因而彼此感情比较融洽亲切。/n但父母感情较易产生矛盾，或易遭受病灾，且与父亲也较易产生冲突，或远离过继，得父母的福荫较差。
			</content>
		</dizhi>
		<dizhi id="4">
			<content id="1"></content>
			<content id="2"></content>
		</dizhi>
		<dizhi id="5">
			<content id="1">生长在幸福富裕之家，父母慈祥和气，保守持重，采用民主式的教育方法，因而彼此感情很融洽亲切。/n父母双全，富贵福禄，助力大，您与父母缘份较好，能得到父母的宠爱与福荫。
			</content>
			<content id="2">生长在幸福富裕之家，父母慈祥和气，保守持重，采用民主式的教育方法，因而彼此感情比较融洽亲切。/n但父母感情较易产生矛盾，或易遭受病灾，且与父亲也较易产生冲突，或远离过继，得父母的福荫较差。
			</content>
		</dizhi>
		<dizhi id="6">
			<content id="1"></content>
			<content id="2"></content>
		</dizhi>
		<dizhi id="7">
			<content id="1">生长在幸福富裕之家，父母慈祥和气，保守持重，采用民主式的教育方法，因而彼此感情很融洽亲切。/n父母双全，富贵福禄，助力大，您与父母缘份较好，能得到父母的宠爱与福荫。
			</content>
			<content id="2">生长在幸福富裕之家，父母慈祥和气，保守持重，采用民主式的教育方法，因而彼此感情比较融洽亲切。/n但父母感情较易产生矛盾，或易遭受病灾，且与父亲也较易产生冲突，或远离过继，得父母的福荫较差。
			</content>
		</dizhi>
		<dizhi id="8">
			<content id="1"></content>
			<content id="2"></content>
		</dizhi>
		<dizhi id="9">
			<content id="1">生长在幸福富裕之家，父母慈祥和气，保守持重，采用民主式的教育方法，因而彼此感情很融洽亲切。/n父母双全，富贵福禄，助力大，您与父母缘份较好，能得到父母的宠爱与福荫。
			</content>
			<content id="2">生长在幸福富裕之家，父母慈祥和气，保守持重，采用民主式的教育方法，因而彼此感情比较融洽亲切。/n但父母感情较易产生矛盾，或易遭受病灾，且与父亲也较易产生冲突，或远离过继，得父母的福荫较差。
			</content>
		</dizhi>
		<dizhi id="10">
			<content id="1"></content>
			<content id="2"></content>
		</dizhi>
		<dizhi id="11">
			<content id="1">生长在幸福富裕之家，父母慈祥和气，保守持重，采用民主式的教育方法，因而彼此感情很融洽亲切。/n父母双全，富贵福禄，助力大，您与父母缘份较好，能得到父母的宠爱与福荫。
			</content>
			<content id="2">生长在幸福富裕之家，父母慈祥和气，保守持重，采用民主式的教育方法，因而彼此感情比较融洽亲切。/n但父母感情较易产生矛盾，或易遭受病灾，且与父亲也较易产生冲突，或远离过继，得父母的福荫较差。
			</content>
		</dizhi>
	</dashizhenyan>
	<dashizhenyan id="7" name="太阴">
		<dizhi id="0">
			<content id="1"></content>
			<content id="2"></content>
		</dizhi>
		<dizhi id="1">
			<content id="1"></content>
			<content id="2"></content>
		</dizhi>
		<dizhi id="2">
			<content id="1"></content>
			<content id="2"></content>
		</dizhi>
		<dizhi id="3">
			<content id="1">您受母亲的遗传和影响较多，母亲漂亮，自己容貌俊美，，生于富贵之家，父母聪明博学，文静，爱清洁，很仔细观察子女的言行。/n与父母缘分较好，较易获得父母的恩惠。
			</content>
			<content id="2">您受母亲的遗传和影响较多，母亲漂亮，自己容貌俊美，，生于富贵之家，父母聪明博学，文静，爱清洁，很仔细观察子女的言行。/n但您与母亲的缘分较薄，较难得到母亲的照顾，或易与母亲和妻子产生冲突，或母妻多病，离祖过房可减免刑克。
			</content>
		</dizhi>
		<dizhi id="4">
			<content id="1">您受母亲的遗传和影响较多，母亲漂亮，自己容貌俊美，，生于富贵之家，父母聪明博学，文静，爱清洁，很仔细观察子女的言行。/n与父母缘分较好，较易获得父母的恩惠。
			</content>
			<content id="2">您受母亲的遗传和影响较多，母亲漂亮，自己容貌俊美，，生于富贵之家，父母聪明博学，文静，爱清洁，很仔细观察子女的言行。/n但您与母亲的缘分较薄，较难得到母亲的照顾，或易与母亲和妻子产生冲突，或母妻多病，离祖过房可减免刑克。
			</content>
		</dizhi>
		<dizhi id="5">
			<content id="1">您受母亲的遗传和影响较多，母亲漂亮，自己容貌俊美，，生于富贵之家，父母聪明博学，文静，爱清洁，很仔细观察子女的言行。/n与父母缘分较好，较易获得父母的恩惠。
			</content>
			<content id="2">您受母亲的遗传和影响较多，母亲漂亮，自己容貌俊美，，生于富贵之家，父母聪明博学，文静，爱清洁，很仔细观察子女的言行。/n但您与母亲的缘分较薄，较难得到母亲的照顾，或易与母亲和妻子产生冲突，或母妻多病，离祖过房可减免刑克。
			</content>
		</dizhi>
		<dizhi id="6">
			<content id="1"></content>
			<content id="2"></content>
		</dizhi>
		<dizhi id="7">
			<content id="1"></content>
			<content id="2"></content>
		</dizhi>
		<dizhi id="8">
			<content id="1"></content>
			<content id="2"></content>
		</dizhi>
		<dizhi id="9">
			<content id="1">您受母亲的遗传和影响较多，母亲漂亮，自己容貌俊美，，生于富贵之家，父母聪明博学，文静，爱清洁，很仔细观察子女的言行。/n父母感情和谐美满，福禄双全，您和母亲缘份很深厚，能得到母亲的恩惠，能依靠父母的力量而出人头地。
			</content>
			<content id="2">您受母亲的遗传和影响较多，生于富贵之家，父母聪明博学，文静，爱清洁，很仔细观察子女的言行。/n父母感情和谐美满，福禄双全，但您较易与母亲和妻子不和，甚则少相聚，中年后克母或妻，离祖过房、入赘可减免刑克。
			</content>
		</dizhi>
		<dizhi id="10">
			<content id="1">您受母亲的遗传和影响较多，母亲漂亮，自己容貌俊美，，生于富贵之家，父母聪明博学，文静，爱清洁，很仔细观察子女的言行。/n父母感情和谐美满，福禄双全，您和母亲缘份很深厚，能得到母亲的恩惠，能依靠父母的力量而出人头地。
			</content>
			<content id="2">您受母亲的遗传和影响较多，生于富贵之家，父母聪明博学，文静，爱清洁，很仔细观察子女的言行。/n父母感情和谐美满，福禄双全，但您较易与母亲和妻子不和，甚则少相聚，中年后克母或妻，离祖过房、入赘可减免刑克。
			</content>
		</dizhi>
		<dizhi id="11">
			<content id="1">您受母亲的遗传和影响较多，母亲漂亮，自己容貌俊美，，生于富贵之家，父母聪明博学，文静，爱清洁，很仔细观察子女的言行。/n父母感情和谐美满，福禄双全，您和母亲缘份很深厚，能得到母亲的恩惠，能依靠父母的力量而出人头地。
			</content>
			<content id="2">您受母亲的遗传和影响较多，生于富贵之家，父母聪明博学，文静，爱清洁，很仔细观察子女的言行。/n父母感情和谐美满，福禄双全，但您较易与母亲和妻子不和，甚则少相聚，中年后克母或妻，离祖过房、入赘可减免刑克。
			</content>
		</dizhi>
	</dashizhenyan>
	<dashizhenyan id="8" name="贪狼">
		<dizhi id="0">
			<content id="1">父母之间感情较复杂，容易产生不和；自己对父母虽有情义，但不算很和偕。/n父母私心重，多计较，贪心不足，不安于家中，或为投机赌博、酒色、交际应酬而不顾家，因而从小在精神上就有孤独感。/n会有刑克，易对父母一方不利，远离双亲或认义父母较好。
			</content>
			<content id="2">父母之间感情较复杂，容易产生不和；自己对父母虽有情义，但不算很和偕。/n父母私心重，多计较，贪心不足，不安于家中，或为投机赌博、酒色、交际应酬而不顾家，因而从小在精神上就有孤独感。/n刑克较重，与父母缘分较浅，双亲易遭受病灾，或易与父母生离,远离双亲或认义父母较好。
			</content>
		</dizhi>
		<dizhi id="1">
			<content id="1"></content>
			<content id="2"></content>
		</dizhi>
		<dizhi id="2">
			<content id="1">父母之间感情较复杂，容易产生不和；自己对父母虽有情义，但不算很和偕。/n父母私心重，多计较，贪心不足，不安于家中，或为投机赌博、酒色、交际应酬而不顾家，因而从小在精神上就有孤独感。/n与父母缘分较浅，会有刑克，但时间较晚，早年弃祖重拜父母，或为养子。
			</content>
			<content id="2">父母之间感情较复杂，容易产生不和；自己对父母虽有情义，但不算很和偕。/n父母私心重，多计较，贪心不足，不安于家中，或为投机赌博、酒色、交际应酬而不顾家，因而从小在精神上就有孤独感。/n刑克较重，与双亲缘分浅薄，早离父母或过继为佳，若父母过继、离开出生地稍好。
			</content>
		</dizhi>
		<dizhi id="3">
			<content id="1"></content>
			<content id="2"></content>
		</dizhi>
		<dizhi id="4">
			<content id="1">父母之间感情较复杂，容易产生不和；自己对父母虽有情义，但不算很和偕。/n父母私心重，多计较，贪心不足，不安于家中，或为投机赌博、酒色、交际应酬而不顾家，因而从小在精神上就有孤独感。/n会有刑克，易对父母一方不利，远离双亲或认义父母较好。
			</content>
			<content id="2">父母之间感情较复杂，容易产生不和；自己对父母虽有情义，但不算很和偕。/n父母私心重，多计较，贪心不足，不安于家中，或为投机赌博、酒色、交际应酬而不顾家，因而从小在精神上就有孤独感。/n刑克较重，与父母缘分较浅，双亲易遭受病灾，或易与父母生离,远离双亲或认义父母较好。
			</content>
		</dizhi>
		<dizhi id="5">
			<content id="1"></content>
			<content id="2"></content>
		</dizhi>
		<dizhi id="6">
			<content id="1">父母之间感情较复杂，容易产生不和；自己对父母虽有情义，但不算很和偕。/n父母私心重，多计较，贪心不足，不安于家中，或为投机赌博、酒色、交际应酬而不顾家，因而从小在精神上就有孤独感。/n会有刑克，易对父母一方不利，远离双亲或认义父母较好。
			</content>
			<content id="2">父母之间感情较复杂，容易产生不和；自己对父母虽有情义，但不算很和偕。/n父母私心重，多计较，贪心不足，不安于家中，或为投机赌博、酒色、交际应酬而不顾家，因而从小在精神上就有孤独感。/n刑克较重，与父母缘分较浅，双亲易遭受病灾，或易与父母生离,远离双亲或认义父母较好。
			</content>
		</dizhi>
		<dizhi id="7">
			<content id="1"></content>
			<content id="2"></content>
		</dizhi>
		<dizhi id="8">
			<content id="1">父母之间感情较复杂，容易产生不和；自己对父母虽有情义，但不算很和偕。/n父母私心重，多计较，贪心不足，不安于家中，或为投机赌博、酒色、交际应酬而不顾家，因而从小在精神上就有孤独感。/n与父母缘分较浅，会有刑克，但时间较晚，早年弃祖重拜父母，或为养子。
			</content>
			<content id="2">父母之间感情较复杂，容易产生不和；自己对父母虽有情义，但不算很和偕。/n父母私心重，多计较，贪心不足，不安于家中，或为投机赌博、酒色、交际应酬而不顾家，因而从小在精神上就有孤独感。/n刑克较重，与双亲缘分浅薄，早离父母或过继为佳，若父母过继、离开出生地稍好。
			</content>
		</dizhi>
		<dizhi id="9">
			<content id="1"></content>
			<content id="2"></content>
		</dizhi>
		<dizhi id="10">
			<content id="1">父母之间感情较复杂，容易产生不和；自己对父母虽有情义，但不算很和偕。/n父母私心重，多计较，贪心不足，不安于家中，或为投机赌博、酒色、交际应酬而不顾家，因而从小在精神上就有孤独感。/n会有刑克，易对父母一方不利，远离双亲或认义父母较好。
			</content>
			<content id="2">父母之间感情较复杂，容易产生不和；自己对父母虽有情义，但不算很和偕。/n父母私心重，多计较，贪心不足，不安于家中，或为投机赌博、酒色、交际应酬而不顾家，因而从小在精神上就有孤独感。/n刑克较重，与父母缘分较浅，双亲易遭受病灾，或易与父母生离,远离双亲或认义父母较好。
			</content>
		</dizhi>
		<dizhi id="11">
			<content id="1"></content>
			<content id="2"></content>
		</dizhi>
	</dashizhenyan>
	<dashizhenyan id="9" name="巨门">
		<dizhi id="0">
			<content id="1">父母较贪心且爱斤斤计较，待别人和子女比较苛刻，易招惹是非纠纷。/n本人与双亲缘分较薄，但感情比较和谐，较难得到双亲的爱护和恩惠。若父母过继、离开出生地稍好。
			</content>
			<content id="2">父母较贪心且爱斤斤计较，待别人和子女比较苛刻，易招惹是非纠纷。/n本人与双亲缘分较薄，与父母感情稍差，易产生矛盾纠纷。/n与双亲一方缘分浅薄，或父母易遭受病灾。若父母过继、离开出生地稍好。
			</content>
		</dizhi>
		<dizhi id="1">
			<content id="1"></content>
			<content id="2"></content>
		</dizhi>
		<dizhi id="2">
			<content id="1"></content>
			<content id="2"></content>
		</dizhi>
		<dizhi id="3">
			<content id="1"></content>
			<content id="2"></content>
		</dizhi>
		<dizhi id="4">
			<content id="1">父母较贪心且爱斤斤计较，待别人和子女比较苛刻，易招惹是非纠纷。/n自己少年身体娇弱，易遭受病灾，与父母缘分较浅，易与父母产生冲突，或易遭父母抛弃，弃祖过房，若远离双亲独自生活或当别人养子较好。
			</content>
			<content id="2">父母较贪心且爱斤斤计较，待别人和子女比较苛刻，易招惹是非纠纷。/n自己少年身体娇弱，易遭受病灾，与父母缘分较浅，极易与父母产生冲突，甚至于父母反目，或易遭父母抛弃，弃祖过房，若远离双亲独自生活或当别人养子较好。
			</content>
		</dizhi>
		<dizhi id="5">
			<content id="1">父母较贪心且爱斤斤计较，待别人和子女比较苛刻，易招惹是非纠纷。/n自己少年身体娇弱，易遭受病灾，与父母缘分较浅，易与父母产生冲突，或易遭父母抛弃，弃祖过房，若远离双亲独自生活或当别人养子较好。
			</content>
			<content id="2">父母较贪心且爱斤斤计较，待别人和子女比较苛刻，易招惹是非纠纷。/n自己少年身体娇弱，易遭受病灾，与父母缘分较浅，极易与父母产生冲突，甚至于父母反目，或易遭父母抛弃，弃祖过房，若远离双亲独自生活或当别人养子较好。
			</content>
		</dizhi>
		<dizhi id="6">
			<content id="1">父母较贪心且爱斤斤计较，待别人和子女比较苛刻，易招惹是非纠纷。/n本人与双亲缘分较薄，但感情比较和谐，较难得到双亲的爱护和恩惠。若父母过继、离开出生地稍好。
			</content>
			<content id="2">父母较贪心且爱斤斤计较，待别人和子女比较苛刻，易招惹是非纠纷。/n本人与双亲缘分较薄，与父母感情稍差，易产生矛盾纠纷。/n与双亲一方缘分浅薄，或父母易遭受病灾。若父母过继、离开出生地稍好。
			</content>
		</dizhi>
		<dizhi id="7">
			<content id="1"></content>
			<content id="2"></content>
		</dizhi>
		<dizhi id="8">
			<content id="1"></content>
			<content id="2"></content>
		</dizhi>
		<dizhi id="9">
			<content id="1"></content>
			<content id="2"></content>
		</dizhi>
		<dizhi id="10">
			<content id="1">父母较贪心且爱斤斤计较，待别人和子女比较苛刻，易招惹是非纠纷。/n本人与双亲缘分较薄，但感情比较和谐，较难得到双亲的爱护和恩惠。若父母过继、离开出生地稍好。
			</content>
			<content id="2">父母较贪心且爱斤斤计较，待别人和子女比较苛刻，易招惹是非纠纷。/n本人与双亲缘分较薄，与父母感情稍差，易产生矛盾纠纷。/n与双亲一方缘分浅薄，或父母易遭受病灾。若父母过继、离开出生地稍好。
			</content>
		</dizhi>
		<dizhi id="11">
			<content id="1">父母较贪心且爱斤斤计较，待别人和子女比较苛刻，易招惹是非纠纷。/n本人与双亲缘分较薄，但感情比较和谐，较难得到双亲的爱护和恩惠。若父母过继、离开出生地稍好。
			</content>
			<content id="2">父母较贪心且爱斤斤计较，待别人和子女比较苛刻，易招惹是非纠纷。/n本人与双亲缘分较薄，与父母感情稍差，易产生矛盾纠纷。/n与双亲一方缘分浅薄，或父母易遭受病灾。若父母过继、离开出生地稍好。
			</content>
		</dizhi>
	</dashizhenyan>
	<dashizhenyan id="10" name="天相">
		<dizhi id="0">
			<content id="1"></content>
			<content id="2"></content>
		</dizhi>
		<dizhi id="1">
			<content id="1">双亲性情开朗，多社交活动，公正明理，质量高尚，稳重有礼，和蔼可亲，对人生很乐观，彼此感情很好。/n父母一生富贵且福寿荣昌，且您与父母感情深厚，能得到父母有益的教养和恩惠。
			</content>
			<content id="2">双亲性情开朗，多社交活动，公正明理，质量高尚，稳重有礼，和蔼可亲，对人生很乐观，彼此感情很好。/n父母一生富贵且福寿荣昌，且您与父母感情深厚，能得到父母有益的教养和恩惠，但自己可能易有纠纷。
			</content>
		</dizhi>
		<dizhi id="2">
			<content id="1"></content>
			<content id="2"></content>
		</dizhi>
		<dizhi id="3">
			<content id="1">双亲性情开朗，多社交活动，公正明理，质量高尚，稳重有礼，和蔼可亲，对人生很乐观，彼此感情好。/n您与父母感情比较和谐，能得到父母有益的教养和恩惠。
			</content>
			<content id="2">双亲性情开朗，多社交活动，公正明理，质量高尚，稳重有礼，和蔼可亲，对人生很乐观，彼此感情好。/n但父母易遭受病灾，或与父母容易产生冲突，造成感情不偕。
			</content>
		</dizhi>
		<dizhi id="4">
			<content id="1"></content>
			<content id="2"></content>
		</dizhi>
		<dizhi id="5">
			<content id="1">双亲性情开朗，多社交活动，公正明理，质量高尚，稳重有礼，和蔼可亲，对人生很乐观，彼此感情好。/n您与父母感情比较和谐，能得到父母有益的教养和恩惠。
			</content>
			<content id="2">双亲性情开朗，多社交活动，公正明理，质量高尚，稳重有礼，和蔼可亲，对人生很乐观，彼此感情好。/n但父母易遭受病灾，或与父母容易产生冲突，造成感情不偕。
			</content>
		</dizhi>
		<dizhi id="6">
			<content id="1"></content>
			<content id="2"></content>
		</dizhi>
		<dizhi id="7">
			<content id="1">双亲性情开朗，多社交活动，公正明理，质量高尚，稳重有礼，和蔼可亲，对人生很乐观，彼此感情好。/n您与父母感情比较和谐，能得到父母有益的教养和恩惠。
			</content>
			<content id="2">双亲性情开朗，多社交活动，公正明理，质量高尚，稳重有礼，和蔼可亲，对人生很乐观，彼此感情好。/n但父母易遭受病灾，或与父母容易产生冲突，造成感情不偕。
			</content>
		</dizhi>
		<dizhi id="8">
			<content id="1"></content>
			<content id="2"></content>
		</dizhi>
		<dizhi id="9">
			<content id="1">双亲性情开朗，多社交活动，公正明理，质量高尚，稳重有礼，和蔼可亲，对人生很乐观，彼此感情好。/n您与父母感情比较和谐，能得到父母有益的教养和恩惠。
			</content>
			<content id="2">双亲性情开朗，多社交活动，公正明理，质量高尚，稳重有礼，和蔼可亲，对人生很乐观，彼此感情好。/n但父母易遭受病灾，或与父母容易产生冲突，造成感情不偕。
			</content>
		</dizhi>
		<dizhi id="10">
			<content id="1"></content>
			<content id="2"></content>
		</dizhi>
		<dizhi id="11">
			<content id="1">双亲性情开朗，多社交活动，公正明理，质量高尚，稳重有礼，和蔼可亲，对人生很乐观，彼此感情好。/n您与父母感情比较和谐，能得到父母有益的教养和恩惠。
			</content>
			<content id="2">双亲性情开朗，多社交活动，公正明理，质量高尚，稳重有礼，和蔼可亲，对人生很乐观，彼此感情好。/n但父母易遭受病灾，或与父母容易产生冲突，造成感情不偕。
			</content>
		</dizhi>
	</dashizhenyan>
	<dashizhenyan id="11" name="天梁">
		<dizhi id="0">
			<content id="1">父母与自己年龄相差较大，双亲感情很好，健康长寿，慈祥和蔼，活泼开朗，乐于助人。/n父母较有地位，父亲尤为有责任心，无论在精神、物质和感情上都给子女以充分的照顾，彼此感情很好，得父亲的福荫大。
			</content>
			<content id="2">父母与自己年龄相差较大，或父母易发生矛盾不和，与子女感情不好；或父母地位不高，但有慈悲心和宗教缘。受父亲的遗传影响较大。
			</content>
		</dizhi>
		<dizhi id="1">
			<content id="1">父母与自己年龄相差较大，双亲感情很好，健康长寿，慈祥和蔼，活泼开朗，乐于助人。/n父母较有地位，父亲尤为有责任心，无论在精神、物质和感情上都给子女以充分的照顾，彼此感情很好，得父亲的福荫大。
			</content>
			<content id="2"></content>
		</dizhi>
		<dizhi id="2">
			<content id="1"></content>
			<content id="2"></content>
		</dizhi>
		<dizhi id="3">
			<content id="1"></content>
			<content id="2"></content>
		</dizhi>
		<dizhi id="4">
			<content id="1"></content>
			<content id="2"></content>
		</dizhi>
		<dizhi id="5">
			<content id="1">父母与自己年龄相差较大，较活泼开朗，能照顾子女，但性情稍为奸猾，喜投机。/n您与父母感情较和谐，能得到父母的福荫。
			</content>
			<content id="2">父母与自己年龄相差较大，与父母感情较普通。/n父母为人比较奸滑且容易遭受病灾，或与父母一方缘分较浅，离祖过房、重拜父母或寄养可免刑克。/n或父母地位不高，但仍有慈悲心和宗教五术缘。
			</content>
		</dizhi>
		<dizhi id="6">
			<content id="1">父母与自己年龄相差较大，双亲感情很好，健康长寿，慈祥和蔼，活泼开朗，乐于助人。/n父母较有地位，父亲尤为有责任心，无论在精神、物质和感情上都给子女以充分的照顾，彼此感情很好，得父亲的福荫大。
			</content>
			<content id="2">父母与自己年龄相差较大，或父母易发生矛盾不和，与子女感情不好；或父母地位不高，但有慈悲心和宗教缘。受父亲的遗传影响较大。
			</content>
		</dizhi>
		<dizhi id="7">
			<content id="1">父母与自己年龄相差较大，双亲感情很好，健康长寿，慈祥和蔼，活泼开朗，乐于助人。/n父母较有地位，父亲尤为有责任心，无论在精神、物质和感情上都给子女以充分的照顾，彼此感情很好，得父亲的福荫大。
			</content>
			<content id="2"></content>
		</dizhi>
		<dizhi id="8">
			<content id="1"></content>
			<content id="2"></content>
		</dizhi>
		<dizhi id="9">
			<content id="1"></content>
			<content id="2"></content>
		</dizhi>
		<dizhi id="10">
			<content id="1"></content>
			<content id="2"></content>
		</dizhi>
		<dizhi id="11">
			<content id="1">父母与自己年龄相差较大，较活泼开朗，能照顾子女，但性情稍为奸猾，喜投机。/n您与父母感情较和谐，能得到父母的福荫。
			</content>
			<content id="2">父母与自己年龄相差较大，与父母感情较普通。/n父母为人比较奸滑且容易遭受病灾，或与父母一方缘分较浅，离祖过房、重拜父母或寄养可免刑克。/n或父母地位不高，但仍有慈悲心和宗教五术缘。
			</content>
		</dizhi>
	</dashizhenyan>
	<dashizhenyan id="12" name="七杀">
		<dizhi id="0">
			<content id="1">本人眼大有威严，双亲易发生不和，健康欠佳。/n父母一方有一个性格比较暴躁、固执，若不依他们的意见行事，很难得到他们的谅解与慈爱。/n自己与父母缘分较浅，虽能与双亲同住，但感情不算很好。
			</content>
			<content id="2">本人眼大有威严，双亲易发生不和，身体欠佳。/n父母一方有一个性格比较暴躁、固执，若不依他们的意见行事，很难得到他们的谅解与慈爱。/n与父母缘分较薄，关系冷淡，或较易与父母分离，或父母易遭受病灾，离祖改姓或过继可减少刑克不和，认义父母亦可改善。
			</content>
		</dizhi>
		<dizhi id="1">
			<content id="1"></content>
			<content id="2"></content>
		</dizhi>
		<dizhi id="2">
			<content id="1">本人眼大有威严，双亲易发生不和，健康欠佳。/n父母一方有一个性格比较暴躁、固执，若不依他们的意见行事，很难得到他们的谅解与慈爱。/n自己与父母缘分较浅，虽能与双亲同住，但感情不算很好。
			</content>
			<content id="2">本人眼大有威严，双亲易发生不和，身体欠佳。/n父母一方有一个性格比较暴躁、固执，若不依他们的意见行事，很难得到他们的谅解与慈爱。/n与父母缘分较薄，关系冷淡，或较易与父母分离，或父母易遭受病灾，离祖改姓或过继可减少刑克不和，认义父母亦可改善。
			</content>
		</dizhi>
		<dizhi id="3">
			<content id="1"></content>
			<content id="2"></content>
		</dizhi>
		<dizhi id="4">
			<content id="1">本人眼大有威严，双亲易发生不和，健康欠佳。/n父母一方有一个性格比较暴躁、固执，若不依他们的意见行事，很难得到他们的谅解与慈爱。/n自己与父母缘分较浅，与父母感情比较普通。
			</content>
			<content id="2">本人眼大有威严，双亲易发生不和，健康欠佳。/n父母一方有一个性格比较暴躁、固执，若不依他们的意见行事，很难得到他们的谅解与慈爱。/n自己与父母缘分较浅，易与父母发生争执不和，或易与父母远离，或父母易患伤病。
			</content>
		</dizhi>
		<dizhi id="5">
			<content id="1"></content>
			<content id="2"></content>
		</dizhi>
		<dizhi id="6">
			<content id="1">本人眼大有威严，双亲易发生不和，健康欠佳。/n父母一方有一个性格比较暴躁、固执，若不依他们的意见行事，很难得到他们的谅解与慈爱。/n自己与父母缘分较浅，虽能与双亲同住，但感情不算很好。
			</content>
			<content id="2">本人眼大有威严，双亲易发生不和，身体欠佳。/n父母一方有一个性格比较暴躁、固执，若不依他们的意见行事，很难得到他们的谅解与慈爱。/n与父母缘分较薄，关系冷淡，或较易与父母分离，或父母易遭受病灾，离祖改姓或过继可减少刑克不和，认义父母亦可改善。
			</content>
		</dizhi>
		<dizhi id="7">
			<content id="1"></content>
			<content id="2"></content>
		</dizhi>
		<dizhi id="8">
			<content id="1">本人眼大有威严，双亲易发生不和，健康欠佳。/n父母一方有一个性格比较暴躁、固执，若不依他们的意见行事，很难得到他们的谅解与慈爱。/n自己与父母缘分较浅，虽能与双亲同住，但感情不算很好。
			</content>
			<content id="2">本人眼大有威严，双亲易发生不和，身体欠佳。/n父母一方有一个性格比较暴躁、固执，若不依他们的意见行事，很难得到他们的谅解与慈爱。/n与父母缘分较薄，关系冷淡，或较易与父母分离，或父母易遭受病灾，离祖改姓或过继可减少刑克不和，认义父母亦可改善。
			</content>
		</dizhi>
		<dizhi id="9">
			<content id="1"></content>
			<content id="2"></content>
		</dizhi>
		<dizhi id="10">
			<content id="1">本人眼大有威严，双亲易发生不和，健康欠佳。/n父母一方有一个性格比较暴躁、固执，若不依他们的意见行事，很难得到他们的谅解与慈爱。/n自己与父母缘分较浅，与父母感情比较普通。
			</content>
			<content id="2">本人眼大有威严，双亲易发生不和，健康欠佳。/n父母一方有一个性格比较暴躁、固执，若不依他们的意见行事，很难得到他们的谅解与慈爱。/n自己与父母缘分较浅，易与父母发生争执不和，或易与父母远离，或父母易患伤病。
			</content>
		</dizhi>
		<dizhi id="11">
			<content id="1"></content>
			<content id="2"></content>
		</dizhi>
	</dashizhenyan>
	<dashizhenyan id="13" name="破军">
		<dizhi id="0">
			<content id="1">父母易产生矛盾不和，家中易发生冷战。/n父母洞察力较强，教育子女严厉，脾气较古怪，较喜怒无常，一旦发怒，很激烈。/n您与双亲感情较为和谐，父母有地位和财产，较易得到父母照顾和帮助。
			</content>
			<content id="2">父母易产生矛盾不和，家中易发生冷战。/n父母洞察力较强，教育子女严厉，脾气较古怪，较喜怒无常，一旦发怒，很激烈。/n您与父母一方缘分较浅，或父母较易遭受病灾。
			</content>
		</dizhi>
		<dizhi id="1">
			<content id="1"></content>
			<content id="2"></content>
		</dizhi>
		<dizhi id="2">
			<content id="1">父母易产生矛盾不和，家中易发生冷战。/n父母洞察力较强，教育子女严厉，脾气较古怪，较喜怒无常，一旦发怒，很激烈。/n与双亲缘分较薄，对双亲较不利或离家独立生活，离祖更姓改名或寄养可避免刑克不和及保持和谐。
			</content>
			<content id="2">父母易产生矛盾不和，家中易发生冷战。/n父母洞察力较强，教育子女严厉，脾气较古怪，较喜怒无常，一旦发怒，很激烈。/n与六亲缘分较薄，或一生比较孤独，离祖更姓改名或寄养可减轻刑克不和及保持和谐。
			</content>
		</dizhi>
		<dizhi id="3">
			<content id="1"></content>
			<content id="2"></content>
		</dizhi>
		<dizhi id="4">
			<content id="1">父母易产生矛盾不和，家中易发生冷战。/n父母洞察力较强，教育子女严厉，脾气较古怪，较喜怒无常，一旦发怒，很激烈。/n您与双亲感情较为和谐，父母有地位和财产，较易得到父母照顾和帮助。
			</content>
			<content id="2">父母易产生矛盾不和，家中易发生冷战。/n父母洞察力较强，教育子女严厉，脾气较古怪，较喜怒无常，一旦发怒，很激烈。/n您与父母一方缘分较浅，或父母较易遭受病灾。
			</content>
		</dizhi>
		<dizhi id="5">
			<content id="1"></content>
			<content id="2"></content>
		</dizhi>
		<dizhi id="6">
			<content id="1">父母易产生矛盾不和，家中易发生冷战。/n父母洞察力较强，教育子女严厉，脾气较古怪，较喜怒无常，一旦发怒，很激烈。/n您与双亲感情较为和谐，父母有地位和财产，较易得到父母照顾和帮助。
			</content>
			<content id="2">父母易产生矛盾不和，家中易发生冷战。/n父母洞察力较强，教育子女严厉，脾气较古怪，较喜怒无常，一旦发怒，很激烈。/n您与父母一方缘分较浅，或父母较易遭受病灾。
			</content>
		</dizhi>
		<dizhi id="7">
			<content id="1"></content>
			<content id="2"></content>
		</dizhi>
		<dizhi id="8">
			<content id="1">父母易产生矛盾不和，家中易发生冷战。/n父母洞察力较强，教育子女严厉，脾气较古怪，较喜怒无常，一旦发怒，很激烈。/n与双亲缘分较薄，对双亲较不利或离家独立生活，离祖更姓改名或寄养可避免刑克不和及保持和谐。
			</content>
			<content id="2">父母易产生矛盾不和，家中易发生冷战。/n父母洞察力较强，教育子女严厉，脾气较古怪，较喜怒无常，一旦发怒，很激烈。/n与六亲缘分较薄，或一生比较孤独，离祖更姓改名或寄养可减轻刑克不和及保持和谐。
			</content>
		</dizhi>
		<dizhi id="9">
			<content id="1"></content>
			<content id="2"></content>
		</dizhi>
		<dizhi id="10">
			<content id="1">父母易产生矛盾不和，家中易发生冷战。/n父母洞察力较强，教育子女严厉，脾气较古怪，较喜怒无常，一旦发怒，很激烈。/n您与双亲感情较为和谐，父母有地位和财产，较易得到父母照顾和帮助。
			</content>
			<content id="2">父母易产生矛盾不和，家中易发生冷战。/n父母洞察力较强，教育子女严厉，脾气较古怪，较喜怒无常，一旦发怒，很激烈。/n您与父母一方缘分较浅，或父母较易遭受病灾。
			</content>
		</dizhi>
		<dizhi id="11">
			<content id="1"></content>
			<content id="2"></content>
		</dizhi>
	</dashizhenyan>
</root>
