<?xml version="1.0" encoding="UTF-8"?>
<root><xingdi id="2" name="太阳化忌"><gong><item>您（太阳星属男性，幼年时代表父，中年时男命代表自已，女命代表丈夫，老年时儿子。）会常使性子、耍脾气，会惹来口舌是非，需要注意自己的言行，不要因为自己的臭脾气而惹来诸多麻烦。</item><item>您的兄弟有损，或男性朋友有亏欠、相欠债之事。对于这些问题应该注意在帮助人同时要灌输准时归还钱财的想法和手段，不然会因为借而不还导致自己也出现问题。</item><item>您的婚姻情况不理想，妻子多疑或丈夫不利事业。面对这种情况，作为丈夫最好的就是坦诚相对，把自己的真实情况都展示给妻子看，当您真诚对待伴侣时，伴侣不会亏待您；作为妻子，您应该给丈夫信心，为丈夫打理好家庭事，让他不用为家担心，全力在事业上拼搏。</item><item>对于儿子有不用心的一面，要多关注儿子成长，不要让儿子学坏。</item><item>您的控财能力差，且有守住表面，而忽略实际之嫌，想法无法实现。自己控财能力差可以把财富交给妻子管理或在银行建个定期存款，把财富锁住，这样就不怕流失。</item><item>您内性过燥，易导致脑溢血、高血压、精神疲劳、眼痛、眼疾(如近视)等，注意保持情绪稳定，注意用眼适度。</item><item>您在外劳碌，还招是非，耗尽精神还不想回家。可以考虑换个离家比较近的工作地方，只要是金子，到哪里都能发亮。</item><item>您的男性朋友不好，注意带眼识人，不要因为猪朋狗友惹来的麻烦。对于男性朋友借钱的问题应该慎重考虑，您的慷慨在朋友眼中也许是傻傻的行为。</item><item>您工作上波折多，尤代表男命创业必不顺，男性同事或上司，多所刁难。需要注意的是工作上要做足详细的计划，把上司同事的刁难当做磨练的机会，不断提高自己。</item><item>您的住宅光线不足，男性会有病灾。住宅阳光不足会令您心境阴暗，消极生活，这样容易发生病灾。应该注意周末多出外走走，保持心境开朗，积极面对生活。</item><item>您很容易会生自已的气。注意做什么事都要认真思考，不然出现问题总会把责任往自己身上堆，责怪自己。这样是无意义的，需要吸取教训，令自己不再犯同样的错误。</item><item>您的父亲容易患病，或自己容易患病，眼睛不好，注意关注亲人的身体健康，身体不适就立刻就医。</item></gong><huajie><item>【$F31#官司百胜符#$】奉请南斗、北斗星君和通天解神行事做主，可避大祸镇煞保平安，助惹上官司者官司大胜，助暂无官司者远离口舌是非。</item><item>【$F3#五方讨债符#$】可令欠债者心绪不宁，寝食难安，不得不亲自上门还债。</item><item>【$F24#夫妻合和符#$】催动和合二仙和月下老人促成姻缘，化解矛盾，令夫妻二人情投意合，恩爱百年。</item><item>为子女请【$F16#平安符#$】平安符】，【$F16#平安符#$】可庇佑人、车、船出行平安，顺风顺水。为子女请一道平安符，顺利化解各种厄运，身体健康有精神。</item><item>【$F4#五路运财符#$】调请赵天君、善财童子、进宝郎君、利市仙官等财神作主，招四方财旺人气，令生意兴隆，顾客盈门；同时可招财补运，治破耗星，令开支减少，营业收入增加，令官不欺，匪不盗等。</item><item>【$F27#治病劫邪符#$】奉请五方土地神，并调用龙虎雷将护身，令阴魂鬼魃邪神不能近身，有保身护命之用；另敕命清心祖师及九凤将军驱除邪气，以治疗眼痛、耳痛、牙痛、腹痛、便秘、发炎、流血等家庭常见病症。</item><item>【$F15#去晦洗身符#$】可旺个人运势、招贵人相助，防小人陷害，避牢、血光和灭顶之灾，为时运不济者去晦免灾。</item><item>【$F13#防小人符#$】请五方土地、家神门神将军、三官大帝作主令一切阴气游魂、当方土鬼、非命阴人不能害，小人作奸犯科不能近，从而保身平安，工作事业如意，人缘关系改善。此符适用于因遇小人纠缠刁难、排挤陷害而使工作、事业、学业不顺者。</item><item>【$F18#步步高升符#$】奉请紫微星君、天德贵人、月德贵人帮忙，助求官、升职顺利。适用于单位、机关、公司欲得上级赏识，谋求加官进爵者。</item><item>【$F12#长寿符#$】奉请太上老君、紫微星君、和福禄寿三星为人祛病消灾，赐福添寿，使其精神抖擞，颐养天年。</item><item>【$F15#去晦洗身符#$】可旺个人运势、招贵人相助，防小人陷害，避牢、血光和灭顶之灾，为时运不济者去晦免灾。</item><item>【$F27#治病劫邪符#$】奉请五方土地神，并调用龙虎雷将护身，令阴魂鬼魃邪神不能近身，有保身护命之用；另敕命清心祖师及九凤将军驱除邪气，以治疗眼痛、耳痛、牙痛、腹痛、便秘、发炎、流血等家庭常见病症。</item></huajie></xingdi><xingdi id="7" name="太阴化忌"><gong><item>您（太阴代表女性，幼年时代表母亲，中年时男命代表太太，女命代表本身，晚年时代表女儿）会因为无财或常吃暗亏，以及难言之心事而烦恼，保持乐观的心态，多于人交流才能改变自己的生活。</item><item>您的姐妹有损，或女性朋友有亏欠、相欠债之事。对于这些问题应该注意在帮助人同时要灌输准时归还钱财的想法和手段，不然会因为借而不还导致自己也出现问题。</item><item>您的婚姻情况不理想，妻子无力创业或丈夫事业环境恶劣，易破财，且跟女人有关。面对这种情况，作为丈夫最好的就是专心工作，放心把家庭事交给妻子；作为妻子，您应该给丈夫信心，为丈夫打理好家庭事，让他不用为家担心，全力在事业上拼搏，与此同时，要关注丈夫，不要让丈夫犯错。</item><item>对于女儿有不用心的一面，要多关注女儿成长，不要让儿子学坏。</item><item>您的控财能力差，财运破折。自己控财能力差可以把财富交给妻子管理或在银行建个定期存款，把财富锁住，这样就不怕流失。</item><item>您易患阴湿之症，也就是人们说的“暗病”，要注意卫生清洁，如发现身体有不适就请尽快就医。</item><item>在外容易遭小人暗算，或与女人合不来。需要注意出外花费金钱，或因女人破财之事。</item><item>您的女性朋友不好，注意带眼识人，不要因为猪朋狗友惹来的麻烦，小心提防朋友因为嫉妒而做出的陷害行为。</item><item>您事业工作上，多小人暗害，或女人作梗阻挠。需要注意的是工作上要做足周详的计划，把小人的刁难当做学习磨练，不断提高自己。还有就是切不可经营不动产。</item><item>您的住宅光线不足，家中女性多灾祸或较啰嗦。住宅阴暗会令人心境阴暗，消极生活，矛盾易生。应该注意周末多出外走走，保持心境开朗，积极面对生活。</item><item>您会因为说不出的气恼，自已生闷气。保持乐观的心态，多与人交流才能改变自己的生活。</item><item>您的母亲容易患病，或自己容易患病，眼睛不好，注意关注亲人的身体健康，身体不适就立刻就医。</item></gong><huajie><item>【$F15#去晦洗身符#$】可旺个人运势、招贵人相助，防小人陷害，避牢、血光和灭顶之灾，为时运不济者去晦免灾。</item><item>【$F3#五方讨债符#$】可令欠债者心绪不宁，寝食难安，不得不亲自上门还债。</item><item>【$F24#夫妻合和符#$】催动和合二仙和月下老人促成姻缘，化解矛盾，令夫妻二人情投意合，恩爱百年。</item><item>为子女请【$F16#平安符#$】平安符】，【$F16#平安符#$】可庇佑人、车、船出行平安，顺风顺水。为子女请一道平安符，顺利化解各种厄运，身体健康有精神。</item><item>【$F4#五路运财符#$】调请赵天君、善财童子、进宝郎君、利市仙官等财神作主，招四方财旺人气，令生意兴隆，顾客盈门；同时可招财补运，治破耗星，令开支减少，营业收入增加，令官不欺，匪不盗等。</item><item>【$F28#除顽疾暗病符#$】奉请五方土地神，并调用龙虎雷将护身，可驱赶白虎煞星消百疾，令阴魂鬼魅不能近身，有保身护身之用，另敕命清心祖师及九凤将军驱除邪气，可根治各种疑难杂症和久治不愈的慢性病（癌症、高血压、高血脂、糖尿病、肝病、尿毒症、血液病、男女性功能障碍、不孕不育、抑郁症、精神病等顽疾）。</item><item>【$F13#防小人符#$】请五方土地、家神门神将军、三官大帝作主令一切阴气游魂、当方土鬼、非命阴人不能害，小人作奸犯科不能近，从而保身平安，工作事业如意，人缘关系改善。此符适用于因遇小人纠缠刁难、排挤陷害而使工作、事业、学业不顺者。</item><item>【$F13#防小人符#$】请五方土地、家神门神将军、三官大帝作主令一切阴气游魂、当方土鬼、非命阴人不能害，小人作奸犯科不能近，从而保身平安，工作事业如意，人缘关系改善。此符适用于因遇小人纠缠刁难、排挤陷害而使工作、事业、学业不顺者。</item><item>【$F13#防小人符#$】请五方土地、家神门神将军、三官大帝作主令一切阴气游魂、当方土鬼、非命阴人不能害，小人作奸犯科不能近，从而保身平安，工作事业如意，人缘关系改善。此符适用于因遇小人纠缠刁难、排挤陷害而使工作、事业、学业不顺者。</item><item>【$F12#长寿符#$】奉请太上老君、紫微星君、和福禄寿三星为人祛病消灾，赐福添寿，使其精神抖擞，颐养天年。</item><item>【$F15#去晦洗身符#$】可旺个人运势、招贵人相助，防小人陷害，避牢、血光和灭顶之灾，为时运不济者去晦免灾。</item><item>【$F27#治病劫邪符#$】奉请五方土地神，并调用龙虎雷将护身，令阴魂鬼魃邪神不能近身，有保身护命之用；另敕命清心祖师及九凤将军驱除邪气，以治疗眼痛、耳痛、牙痛、腹痛、便秘、发炎、流血等家庭常见病症。</item></huajie></xingdi><xingdi id="5" name="廉贞化忌"><gong><item>您深具叛逆性，容易会惹上是非、官非、破财等情形，需要克制，做什么决定都要想到最坏的情况，做事切记思前想后。</item><item>您往来友人多是浪荡之人、赌徒，或兄弟有人爱赌，或为黑社会人物，桃花多。应该要带眼识人，不要有占人便宜的想法，不然最后会令自己人财两空，麻烦不断。</item><item>您的感情骚扰不断，风波不断。面对感情烦恼应注意在生活上迁就伴侣，发生问题主动让步，这样才能让感情美满幸福。</item><item>您的家中子女多是非，关注孩子成长很重要，多关心和帮助孩子，不要让孩子学坏。</item><item>您钱财上的是非麻烦多，易惹与钱财有关之官非。对于有赌博习惯的人就需要戒赌，不然会破财的同时，惹上官非。</item><item>您可能有疑难杂症、暗症、意外车祸、跌伤等，发现身体有不适就请尽快就医，注意遵守交通安全。</item><item>您易生意外灾祸、车祸事故、交通罚款，易招桃色纠纷，外遇也多。需要注意交通安全，喝酒或身体不适就不要开车，感情需专一，避免桃色纠纷。</item><item>您与朋友容易出现多麻烦、官非。需要注意的是朋友间应该坦诚相处，在利益问题上需要清楚对待，避免不必要的麻烦，朋友遇到困难的时候需要相互帮助，您给别人帮助，也会得到别人帮助。</item><item>您工作中多行政是非，违规罚款之事，喜欢投机取巧。需要注意的是投机取巧可能会令您更容易实现目标，但同时风险太高，还是踏踏实实地工作，不然麻烦会不断出现。</item><item>您买房子过户、产权书状容易出问题。注意买房子的时候文书应该认可核对，检查上多设置几道手续，多费精神，则可减低危害程度。</item><item>您容易有意外之灾，如车祸、跌伤。需要注意的是发现身体有不适就请尽快就医，注意遵守交通安全，喝酒一定不能开车。</item><item>您父母脾气急燥，注意时刻关心父母，多与父母沟通可以缓解他们脾气问题。</item></gong><huajie><item>【$F15#去晦洗身符#$】可旺个人运势、招贵人相助，防小人陷害，避牢、血光和灭顶之灾，为时运不济者去晦免灾。</item><item>【$F13#防小人符#$】请五方土地、家神门神将军、三官大帝作主令一切阴气游魂、当方土鬼、非命阴人不能害，小人作奸犯科不能近，从而保身平安，工作事业如意，人缘关系改善。此符适用于因遇小人纠缠刁难、排挤陷害而使工作、事业、学业不顺者。</item><item>【$F24#夫妻合和符#$】催动和合二仙和月下老人促成姻缘，化解矛盾，令夫妻二人情投意合，恩爱百年。</item><item>为子女请【$F16#平安符#$】平安符】，【$F16#平安符#$】可庇佑人、车、船出行平安，顺风顺水。为子女请一道平安符，顺利化解各种厄运，身体健康有精神。</item><item>【$F33#祛除恶习符#$】召请佛祖、观音、金童玉女，辅以三光之神威大力，食鬼吞妖，驱邪护身，祛除恶习（赌、烟、酒、黄、毒），恢复正气。</item><item>【$F16#平安符#$】可庇佑人、车、船出行平安，顺风顺水。为自己请一道平安符，顺利化解各种厄运，身体健康有精神。</item><item>【$F16#平安符#$】可庇佑人、车、船出行平安，顺风顺水。为自己请一道平安符，顺利化解各种厄运，身体健康有精神。</item><item>【$F13#防小人符#$】请五方土地、家神门神将军、三官大帝作主令一切阴气游魂、当方土鬼、非命阴人不能害，小人作奸犯科不能近，从而保身平安，工作事业如意，人缘关系改善。此符适用于因遇小人纠缠刁难、排挤陷害而使工作、事业、学业不顺者。</item><item>【$F6#文武财神招财符#$】动各路文武财神，为上班族和待业者招财旺财，打通仕途。</item><item>【$F13#防小人符#$】请五方土地、家神门神将军、三官大帝作主令一切阴气游魂、当方土鬼、非命阴人不能害，小人作奸犯科不能近，从而保身平安，工作事业如意，人缘关系改善。此符适用于因遇小人纠缠刁难、排挤陷害而使工作、事业、学业不顺者。</item><item>【$F16#平安符#$】可庇佑人、车、船出行平安，顺风顺水。为自己请一道平安符，顺利化解各种厄运，身体健康有精神。</item><item>为父母请【$F12#长寿符#$】长寿符】，【$F12#长寿符#$】奉请太上老君、紫微星君、和福禄寿三星为人祛病消灾，赐福添寿，使其精神抖擞，颐养天年。</item></huajie></xingdi><xingdi id="9" name="巨门化忌"><gong><item>您易生口舌之灾，一句无心的话也会得罪人。应该注意说话要收敛，多说好话，说话要考虑别人感受，不然是非、麻烦缠身，永远挥不去的阴影，笼罩心上。</item><item>您的兄弟姐妹或朋友多为长舌之人，在思想、言语上，皆无法搭腔，也无法合调。您和兄弟姐妹相处的时候就应该多用行动来表达自己的意愿，要成为做多说少的老实人。</item><item>您和伴侣间意见不合，口角不停，思想差异大。最好的办法是和自己年龄相距大的人结婚，这样大家才会相互珍惜。</item><item>您与子女有代沟，不是话谈不来就是一谈即吵嘴。关注孩子成长很重要，应多关心帮助孩子，对待孩子应善意开导，不能随便动口责骂，不要让孩子学坏。</item><item>您钱财上有口舌是非，注意不要事事算尽，这次合作的小让步可能就在为下次合作铺路。</item><item>您易患阴症，难治之病，是个长舌、多管闲事惹出之是非的人，建议发现身体有不适就请尽快就医，多做事少说话，注意积口德。</item><item>您在外多招口舌是非，需要注意言辞对别人的影响，多做事少说话，用行动去表达自己，口没遮拦只会令您成为别人眼中的异类。</item><item>您与朋友多口角、惹麻烦。注意说话应该注意别人感受，评判人前要先自我反省，朋友是一辈子的，发生问题需要主动退让，吃亏少少能够为您获得更好的友谊，多用行动去表现自己的想法。</item><item>您事业工作中多口舌、是非。注意踏踏实实地工作，做好自己的事。搬弄是非会，可能会引起官非、刑讼。</item><item>您家中经常争吵、口舌是非多。您应该做的并不是抱怨或引发问题，而是充当一个化解矛盾的人，家和万事兴。巨门化忌又代表本人可能有牢狱之灾，做事切记思前想后，理性对待。</item><item>您口福较差，又常为是非烦恼。注意说话应该注意别人感受，批判人前要先自我反省，发生问题需要主动退让，吃亏少少能够为您获得更好的结果，多用行动去表现自己的想法。</item><item>您与母亲有代沟，或有疑难杂症。注意要关心母亲，不然她会很孤独，发生分歧的时候，请耐心表达自己的见解，没有母亲不为自己的孩子着想的。自己也要注意身体状况，有什么不适就立刻就医。</item></gong><huajie><item>【$F15#去晦洗身符#$】可旺个人运势、招贵人相助，防小人陷害，避牢、血光和灭顶之灾，为时运不济者去晦免灾。</item><item>【$F13#防小人符#$】请五方土地、家神门神将军、三官大帝作主令一切阴气游魂、当方土鬼、非命阴人不能害，小人作奸犯科不能近，从而保身平安，工作事业如意，人缘关系改善。此符适用于因遇小人纠缠刁难、排挤陷害而使工作、事业、学业不顺者。</item><item>【$F24#夫妻合和符#$】催动和合二仙和月下老人促成姻缘，化解矛盾，令夫妻二人情投意合，恩爱百年。</item><item>为子女请【$F16#平安符#$】平安符】，【$F16#平安符#$】可庇佑人、车、船出行平安，顺风顺水。为子女请一道平安符，顺利化解各种厄运，身体健康有精神。</item><item>【$F31#官司百胜符#$】奉请南斗、北斗星君和通天解神行事做主，可避大祸镇煞保平安，助惹上官司者官司大胜，助暂无官司者远离口舌是非。</item><item>【$F28#除顽疾暗病符#$】奉请五方土地神，并调用龙虎雷将护身，可驱赶白虎煞星消百疾，令阴魂鬼魅不能近身，有保身护身之用，另敕命清心祖师及九凤将军驱除邪气，可根治各种疑难杂症和久治不愈的慢性病（癌症、高血压、高血脂、糖尿病、肝病、尿毒症、血液病、男女性功能障碍、不孕不育、抑郁症、精神病等顽疾）。</item><item>【$F31#官司百胜符#$】奉请南斗、北斗星君和通天解神行事做主，可避大祸镇煞保平安，助惹上官司者官司大胜，助暂无官司者远离口舌是非。</item><item>【$F13#防小人符#$】请五方土地、家神门神将军、三官大帝作主令一切阴气游魂、当方土鬼、非命阴人不能害，小人作奸犯科不能近，从而保身平安，工作事业如意，人缘关系改善。此符适用于因遇小人纠缠刁难、排挤陷害而使工作、事业、学业不顺者。</item><item>【$F31#官司百胜符#$】奉请南斗、北斗星君和通天解神行事做主，可避大祸镇煞保平安，助惹上官司者官司大胜，助暂无官司者远离口舌是非。</item><item>【$F31#官司百胜符#$】奉请南斗、北斗星君和通天解神行事做主，可避大祸镇煞保平安，助惹上官司者官司大胜，助暂无官司者远离口舌是非。</item><item>【$F15#去晦洗身符#$】可旺个人运势、招贵人相助，防小人陷害，避牢、血光和灭顶之灾，为时运不济者去晦免灾。</item><item>为父母请【$F12#长寿符#$】长寿符】，【$F12#长寿符#$】奉请太上老君、紫微星君、和福禄寿三星为人祛病消灾，赐福添寿，使其精神抖擞，颐养天年。</item></huajie></xingdi><xingdi id="1" name="天机化忌"><gong><item>您不聪明、不开朗、喜钻牛角尖，做事会不断考虑却被自己的想法难住。这样的性格会令您常伤脑筋，请改改性格，令自己开朗点，想太多也需要行动去实现的，人生在于尝试。</item><item>您和兄弟无缘，意见不合。这就要求您去体谅您的兄弟，当兄弟遇到困难的时候请主动出手帮助，他们总会知道您是对他们好的。</item><item>您和伴侣争吵较多，多有意见分歧。应对伴侣坦诚相见，互相信任，多一分理解和忍让，少一分猜忌，相互支持。</item><item>您的子女易生病痛，会有意外之灾，可以拜神上契，给神明作儿子，化解厄运。</item><item>您为财绞尽脑汁，费尽心机，耗尽天赋，钱财滚动的很严重。这样会导致身体易出毛病，钱是赚不完的，健康才是无价，周末不妨出外走走放松心情，或许灵感就会出现。</item><item>您易患头疾，如头风、脑神经等症。建议定期做身体检查，多食用补脑食品，发现身体有不适就请尽快就医。</item><item>您易有手足萎缩、麻痹现象，又或交通事故、撞车、外伤。需要锻炼身体，注意交通安全，喝酒或身体不适就不要开车，避免交通事故。</item><item>您容易受友人或下属造谣诽谤、背面是非。需要明白的是朋友间应该坦诚相对友谊才会长久，用行动去表现自己，过多的解释追究责任只会令情况恶化。</item><item>您喜欢动脑筋、变动，但是会判断错误，逃不了失败的恶运。需要注意的是自己做计划的时候，可以把计划交给朋友上司同事看，征求意见，完善自己的计划。</item><item>您常迁动住居，常为家中大小事伤脑筋。这是因为您为人喜欢什么事都往自己身上堆，做事多询问朋友家里人的意见，这样做事会事半功倍。</item><item>您心事乱如麻，绞在一起；脑筋打结，庸人自扰。宜信仰宗教，研究命理学，很多烦恼会为此而解决。</item><item>您与父亲话不投机，或容易惹交通事故。注意要关心父亲，不然他会很孤独，发生分歧的时候，请耐心表达自己的见解，没有父亲不为自己的孩子着想的。自己出外要注意安全，喝酒一定不能开车。</item></gong><huajie><item>【$F32#避祸镇煞符#$】奉请太上老君、三官大帝、真武大帝等神仙护身加持，可护身，辟邪，除阴灵秽气，避破财、牢狱、病痛和血光之灾。</item><item>【$F13#防小人符#$】请五方土地、家神门神将军、三官大帝作主令一切阴气游魂、当方土鬼、非命阴人不能害，小人作奸犯科不能近，从而保身平安，工作事业如意，人缘关系改善。此符适用于因遇小人纠缠刁难、排挤陷害而使工作、事业、学业不顺者。</item><item>【$F24#夫妻合和符#$】催动和合二仙和月下老人促成姻缘，化解矛盾，令夫妻二人情投意合，恩爱百年。</item><item>为子女请【$F16#平安符#$】平安符】，【$F16#平安符#$】可庇佑人、车、船出行平安，顺风顺水。为子女请一道平安符，顺利化解各种厄运，身体健康有精神。</item><item>【$F16#平安符#$】可庇佑人、车、船出行平安，顺风顺水。为自己请一道平安符，顺利化解各种厄运，身体健康有精神。</item><item>【$F16#平安符#$】可庇佑人、车、船出行平安，顺风顺水。为自己请一道平安符，顺利化解各种厄运，身体健康有精神。</item><item>【$F16#平安符#$】可庇佑人、车、船出行平安，顺风顺水。为自己请一道平安符，顺利化解各种厄运，身体健康有精神。</item><item>【$F13#防小人符#$】请五方土地、家神门神将军、三官大帝作主令一切阴气游魂、当方土鬼、非命阴人不能害，小人作奸犯科不能近，从而保身平安，工作事业如意，人缘关系改善。此符适用于因遇小人纠缠刁难、排挤陷害而使工作、事业、学业不顺者。</item><item>【$F6#文武财神招财符#$】动各路文武财神，为上班族和待业者招财旺财，打通仕途。</item><item>【$F16#平安符#$】可庇佑人、车、船出行平安，顺风顺水。为自己请一道平安符，顺利化解各种厄运，身体健康有精神。</item><item>【$F15#去晦洗身符#$】可旺个人运势、招贵人相助，防小人陷害，避牢、血光和灭顶之灾，为时运不济者去晦免灾。</item><item>为父母请【$F12#长寿符#$】长寿符】，【$F12#长寿符#$】奉请太上老君、紫微星君、和福禄寿三星为人祛病消灾，赐福添寿，使其精神抖擞，颐养天年。</item></huajie></xingdi><xingdi id="16" name="文曲化忌"><gong><item>您说话不好听，易有感情困扰。修心养性对您很重要，需要学习沟通的技巧，这样能令您交友处世方面有明显的帮助。</item><item>您和兄弟间友间之感情多变，注意金钱，兄友间之借借还还，引发之是非、不悦。对于问题应该注意在帮助人同时要灌输准时归还钱财的想法和手段，自己寻求帮助的时候也应遵守规定，这样才能避免是非、不悦。</item><item>您和伴侣感情不合，困扰多，桃花多。应对伴侣坦诚相见，相互信任，相互支持，不要三心两意。</item><item>您会常因感情、金钱之关系迁居，或桃花纠葛多。对于感情还需专一，这样才能维系正常的婚姻生活。</item><item>您容易损钱伤感情，发生资金呆滞现象。需注意应付帐款或应付票据一帐二付，或付款时手续不完整，引起双方对收付不符之争执。</item><item>您感情纷扰而郁闷于心，易患眼疾，女性更有可能流产。要注意心态的调整，积极面对生活，用眼适度，怀孕女士更应注意安全。</item><item>您在外易遇伤感情的事，付款找钱可能有出入的小插曲。需要注意的是做事应该认真核对，金钱问题更应注意，避免引起双方对收付不符之争执。</item><item>您常发生朋友间伤感情之事。需要明白的是朋友间应该坦诚相对友谊才会长久，不要想着占人便宜，多付出少少能为您赢来更多的尊重。</item><item>您辛劳难成就，白费心机，工作中常与同事感情不融洽。注意的是工作需要团队合作，与同事多沟通配合，才能使您的工作得到满意的效果。</item><item>注意房地产之所有权状及一切凭证，易生问题。又切忌替人担保。可能家中摆许多书，但没人读，或大家争着看，过犹不及之现象</item><item>您容易精神烦扰，神经交错线，以致做什么事都感觉不对劲，可能做出过分之事。注意什么事都要认真对待，多费精神，则可减低危害程度。</item><item>您易惹文书麻烦，注意关于文书的内容都要认真对待，文书管理上多设置几道手续，多费精神，则可减低危害程度。</item></gong><huajie><item>【$F32#避祸镇煞符#$】奉请太上老君、三官大帝、真武大帝等神仙护身加持，可护身，辟邪，除阴灵秽气，避破财、牢狱、病痛和血光之灾。</item><item>【$F13#防小人符#$】请五方土地、家神门神将军、三官大帝作主令一切阴气游魂、当方土鬼、非命阴人不能害，小人作奸犯科不能近，从而保身平安，工作事业如意，人缘关系改善。此符适用于因遇小人纠缠刁难、排挤陷害而使工作、事业、学业不顺者。</item><item>【$F24#夫妻合和符#$】催动和合二仙和月下老人促成姻缘，化解矛盾，令夫妻二人情投意合，恩爱百年。</item><item>【$F21#桃花宝斩符#$】调请天兵天将、都天三猴尊神斩除恋人或配偶的烂桃花，同时催动和合二仙和天喜、红鸾星君令恋人和配偶用情专一，忠贞不渝。</item><item>【$F4#五路运财符#$】调请赵天君、善财童子、进宝郎君、利市仙官等财神作主，招四方财旺人气，令生意兴隆，顾客盈门；同时可招财补运，治破耗星，令开支减少，营业收入增加，令官不欺，匪不盗等。</item><item>【$F35#母子平安添丁符#$】对不孕不育、习惯性流产、怀孕后胎位不正、胎心不稳、羊水过少、胎儿脐带绕颈，难产及产后无奶水者有奇效。</item><item>【$F15#去晦洗身符#$】可旺个人运势、招贵人相助，防小人陷害，避牢、血光和灭顶之灾，为时运不济者去晦免灾。</item><item>【$F13#防小人符#$】请五方土地、家神门神将军、三官大帝作主令一切阴气游魂、当方土鬼、非命阴人不能害，小人作奸犯科不能近，从而保身平安，工作事业如意，人缘关系改善。此符适用于因遇小人纠缠刁难、排挤陷害而使工作、事业、学业不顺者。</item><item>【$F6#文武财神招财符#$】动各路文武财神，为上班族和待业者招财旺财，打通仕途。</item><item>【$F13#防小人符#$】请五方土地、家神门神将军、三官大帝作主令一切阴气游魂、当方土鬼、非命阴人不能害，小人作奸犯科不能近，从而保身平安，工作事业如意，人缘关系改善。此符适用于因遇小人纠缠刁难、排挤陷害而使工作、事业、学业不顺者。</item><item>【$F12#长寿符#$】奉请太上老君、紫微星君、和福禄寿三星为人祛病消灾，赐福添寿，使其精神抖擞，颐养天年。</item><item>【$F15#去晦洗身符#$】可旺个人运势、招贵人相助，防小人陷害，避牢、血光和灭顶之灾，为时运不济者去晦免灾。</item></huajie></xingdi><xingdi id="4" name="天同化忌"><gong><item>您是个懒惰，不喜欢工作，但不得不劳碌，有机会也抓不住的人，自心常感矛盾。请调整好自身的问题、身体、人际关系、心态，这样才能把握机会，走向成功。</item><item>您与兄弟常有协调不良之情事。您应该要注意退让，维系兄弟之情，不要怕吃亏，毕竟血浓于水，亲情是无价的。</item><item>您和伴侣感情不和谐，难协调，配偶有福不会享。应对伴侣坦诚相见，相互信任，相互支持，多关心伴侣。</item><item>您的子女有福不享，喜劳碌，或本人喜在外劳碌，不享家居之福。劳碌生活需要休息，周末或假期可以全家一起聚餐，忙绿时也不要忘了电话问候。</item><item>您赚钱不易，比别人少，导致常有钱财的协调问题。需要注意的是资金的合理使用，借款需慎重，不然麻烦会不断。</item><item>您身体不好，又多操心，膀胱、肾脏易出问题，女性经期不调。需要注意的是工作之余不要忘记休息，过于操劳身体自然多毛病。</item><item>您在外常有精神上的空虚与苦闷，有福而不得享，终究忙碌。可以考虑换个离家比较近的工作地方，早上上班，晚上回家休息，周末更应该和家人一起放松心情。不要担心工作上的问题，只要是金子，到哪里都能发亮。</item><item>您容易与朋友常协商不妥。需要注意的是需要明白的是朋友间应该坦诚相对友谊才会长久，不要想着占人便宜，多付出少少能为您赢来更多的尊重。</item><item>您计划不周全、社交又不好，自已辛苦劳碌，没有太好的发展。注意工作需要团队合作，主动和同事交流，把计划交给朋友上司同事看，征求意见，完善自己的计划，才能使您的工作得到满意的效果。</item><item>您在家也不安宁，操心东操心西。需要明白的是不要什么事都往自己身上堆，做事多询问朋友家里人的意见，相信别人的处事能力。</item><item>您身体不好，无福可享。需要注意锻炼身体，健康的身体可以为了省去很多开销，加之认真工作，总会有幸福的一天。</item><item>您父母不会享福，且身体不好。注意劝说父母年纪大就不要再操劳，多买补品给他们养身体。可以考虑早日成家立室，把自己的小孩托给父母照顾。</item></gong><huajie><item>【$F6#文武财神招财符#$】动各路文武财神，为上班族和待业者招财旺财，打通仕途。</item><item>【$F13#防小人符#$】请五方土地、家神门神将军、三官大帝作主令一切阴气游魂、当方土鬼、非命阴人不能害，小人作奸犯科不能近，从而保身平安，工作事业如意，人缘关系改善。此符适用于因遇小人纠缠刁难、排挤陷害而使工作、事业、学业不顺者。</item><item>【$F24#夫妻合和符#$】催动和合二仙和月下老人促成姻缘，化解矛盾，令夫妻二人情投意合，恩爱百年。</item><item>【$F16#平安符#$】可庇佑人、车、船出行平安，顺风顺水。请一道平安符，顺利化解各种厄运，身体健康有精神。</item><item>【$F4#五路运财符#$】调请赵天君、善财童子、进宝郎君、利市仙官等财神作主，招四方财旺人气，令生意兴隆，顾客盈门；同时可招财补运，治破耗星，令开支减少，营业收入增加，令官不欺，匪不盗等。</item><item>【$F28#除顽疾暗病符#$】奉请五方土地神，并调用龙虎雷将护身，可驱赶白虎煞星消百疾，令阴魂鬼魅不能近身，有保身护身之用，另敕命清心祖师及九凤将军驱除邪气，可根治各种疑难杂症和久治不愈的慢性病（癌症、高血压、高血脂、糖尿病、肝病、尿毒症、血液病、男女性功能障碍、不孕不育、抑郁症、精神病等顽疾）。</item><item>【$F12#长寿符#$】奉请太上老君、紫微星君、和福禄寿三星为人祛病消灾，赐福添寿，使其精神抖擞，颐养天年。</item><item>【$F13#防小人符#$】请五方土地、家神门神将军、三官大帝作主令一切阴气游魂、当方土鬼、非命阴人不能害，小人作奸犯科不能近，从而保身平安，工作事业如意，人缘关系改善。此符适用于因遇小人纠缠刁难、排挤陷害而使工作、事业、学业不顺者。</item><item>【$F6#文武财神招财符#$】动各路文武财神，为上班族和待业者招财旺财，打通仕途。</item><item>【$F16#平安符#$】可庇佑人、车、船出行平安，顺风顺水。为自己请一道平安符，顺利化解各种厄运，身体健康有精神。</item><item>【$F12#长寿符#$】奉请太上老君、紫微星君、和福禄寿三星为人祛病消灾，赐福添寿，使其精神抖擞，颐养天年。</item><item>为父母请【$F12#长寿符#$】长寿符】，【$F12#长寿符#$】奉请太上老君、紫微星君、和福禄寿三星为人祛病消灾，赐福添寿，使其精神抖擞，颐养天年。</item></huajie></xingdi><xingdi id="17" name="文昌化忌"><gong><item>文昌代表典章制度，一化忌则代表过份严守规定，或根本不甩，是过犹不及的状况。文昌代表明理、好礼乐。化忌则为不明事理、不好礼乐，但还有一种状况是过份明了事理，反而自我苦闷，因正常生活中亦多有背事理者，你看在眼里，闷在心里。如好礼乐方面，亦可能过份喜好，如为音乐不眠不休。行限逢之，亦同此论，皆是过犹不及的现象。若文昌化忌在第二大限，有人论为不喜欢读书，但并不尽然，有命例之现象为，很想读书，书也读得不错，但有环境因素使他不能专心，又使他高中毕业后，隔了二年才考大学，这期间四处浪荡，没读书，最后半年再关门自修，考上了大学，大学期间，亦是名前前矛。文昌化忌代表变动，要常搬家，行限逢之亦然。</item><item>您与兄友有文书麻烦。对于涉及文书问题您应该认真对待，合同条款更应核对再三，不然吃亏后争吵是解决不了问题的。</item><item>您的伴侣对事理之追究，过犹不及。对于伴侣这种情况，应该给予谅解，耐心引导伴侣改进处事方式，过于直白指出伴侣的错误会导致伴侣关系恶化。</item><item>您的子女对事理有过犹不及之现象，作为父母应用善意引导子女，让他们认识自己的不足。</item><item>您有财务凭证、资料、字据，较常出问题。需要特别费心处理，在财务管理上应该设置多几道手续，多费精神，则可减低危害程度。</item><item>您易患肺部疾病、咳嗽、心头忧郁。应注意的是工作之余不要忘记休息，过于操劳身体自然多毛病，注重身体的保养，发现身体有不适就请尽快就医。</item><item>您易遭金钱事故，或因人而会金钱损耗。应该注意虚假之人、事、物，不要别人奉承几句就什么都答应，做事需多考虑后果的严重性。</item><item>您容易与朋友之间相欠债的情形，纠缠不清。需要注意的是在帮助人同时要灌输准时归还钱财的想法和手段，不然会因为借而不还导致自己也出现问题。</item><item>您容易遇上文书问题，说不定别人伪造文书或有价证券，而嫁祸给你。注意工作上关于文书的内容都要认真对待，文书管理上设置多几道手续检查，多费精神，则可减低危害程度。</item><item>注意房地产之所有权状及一切凭证，易生问题。又忌替人担保。可能家中摆许多书，但没人读，或大家争着看，过犹不及之现象</item><item>您容易精神烦扰，神经交错线，以致做什么事都感觉不对劲，可能做出过分之事。注意什么事都要认真对待，多费精神，则可减低危害程度。</item><item>您易惹文书麻烦，注意关于文书的内容都要认真对待，文书管理上多几道手续，多费精神，则可减低危害程度。</item></gong><huajie><item>【$F15#去晦洗身符#$】可旺个人运势、招贵人相助，防小人陷害，避牢、血光和灭顶之灾，为时运不济者去晦免灾。</item><item>【$F13#防小人符#$】请五方土地、家神门神将军、三官大帝作主令一切阴气游魂、当方土鬼、非命阴人不能害，小人作奸犯科不能近，从而保身平安，工作事业如意，人缘关系改善。此符适用于因遇小人纠缠刁难、排挤陷害而使工作、事业、学业不顺者。</item><item>【$F24#夫妻合和符#$】催动和合二仙和月下老人促成姻缘，化解矛盾，令夫妻二人情投意合，恩爱百年。</item><item>为子女请【$F16#平安符#$】平安符】，【$F16#平安符#$】可庇佑人、车、船出行平安，顺风顺水。为子女请一道平安符，顺利化解各种厄运，身体健康有精神。</item><item>【$F4#五路运财符#$】调请赵天君、善财童子、进宝郎君、利市仙官等财神作主，招四方财旺人气，令生意兴隆，顾客盈门；同时可招财补运，治破耗星，令开支减少，营业收入增加，令官不欺，匪不盗等。</item><item>【$F16#平安符#$】可庇佑人、车、船出行平安，顺风顺水。为自己请一道平安符，顺利化解各种厄运，身体健康有精神。</item><item>【$F13#防小人符#$】请五方土地、家神门神将军、三官大帝作主令一切阴气游魂、当方土鬼、非命阴人不能害，小人作奸犯科不能近，从而保身平安，工作事业如意，人缘关系改善。此符适用于因遇小人纠缠刁难、排挤陷害而使工作、事业、学业不顺者。</item><item>【$F13#防小人符#$】请五方土地、家神门神将军、三官大帝作主令一切阴气游魂、当方土鬼、非命阴人不能害，小人作奸犯科不能近，从而保身平安，工作事业如意，人缘关系改善。此符适用于因遇小人纠缠刁难、排挤陷害而使工作、事业、学业不顺者。</item><item>【$F13#防小人符#$】请五方土地、家神门神将军、三官大帝作主令一切阴气游魂、当方土鬼、非命阴人不能害，小人作奸犯科不能近，从而保身平安，工作事业如意，人缘关系改善。此符适用于因遇小人纠缠刁难、排挤陷害而使工作、事业、学业不顺者。</item><item>【$F13#防小人符#$】请五方土地、家神门神将军、三官大帝作主令一切阴气游魂、当方土鬼、非命阴人不能害，小人作奸犯科不能近，从而保身平安，工作事业如意，人缘关系改善。此符适用于因遇小人纠缠刁难、排挤陷害而使工作、事业、学业不顺者。</item><item>【$F12#长寿符#$】奉请太上老君、紫微星君、和福禄寿三星为人祛病消灾，赐福添寿，使其精神抖擞，颐养天年。</item><item>【$F15#去晦洗身符#$】可旺个人运势、招贵人相助，防小人陷害，避牢、血光和灭顶之灾，为时运不济者去晦免灾。</item></huajie></xingdi><xingdi id="3" name="武曲化忌"><gong><item>您过份严守规定，或根本不守，是过犹不及的状况。另一种情况时过份明了事理，反而自我苦闷。为人处世协调很重要，在坚持自己原则的情况下，想法放开点，处事圆滑点会令自己生活更愉快。</item><item>您兄弟姐妹意见不合，应该要注意退让，维系兄弟之情，不要怕吃亏，毕竟血浓于水，亲情是无价的。</item><item>您的爱情婚姻不如意，无婚姻缘或婚姻生活不美满。应该多沟通，尽量融合双方想法，凝聚彼此共识，并且主动尝试，责怪对方之前必先检讨自己。</item><item>您的子女不多，尤应注意流产事故，务必给神明作契子。</item><item>您容易财破，一生为财烦。自己财运差可以把财富交给妻子管理或在银行建个定期存款，把财富锁住，这样就不怕流失。有赌博习惯的人就需要戒赌，不然会破财的同时，惹上官非。</item><item>您易患有咳嗽、吐血、肺病、气喘等病症，需要注意的是工作之余不要忘记休息，多饮汤水，注重身体的保养，发现身体有不适就请尽快就医。</item><item>您容易在外耗财，或因财持刀。需要注意自己的言行，遇到麻烦应该理性对待，不要什么事都武力解决，或态度强硬，这样只会惹来更多的麻烦。</item><item>您容易与朋友不合，甚至打架。需要注意的是朋友间应该坦诚相对友谊才会长久，不要想着占人便宜，多付出能为您赢来更多的尊重。遇到问题要理性解决，武力只会令问题恶化。</item><item>您易与事业工作有关款项引起麻烦。注意工作上关于款项的内容都要认真对待，管理上设置多几道手续核对，多费精神，则可减低危害程度。</item><item>您的家中易起争财之事，或因钱财事故多。注意钱财使用要清晰明确，过多的隐瞒会招惹不必要的麻烦。</item><item>您心中郁闷，胸口如重石积压。注意保持乐观的心态，多与人交流才能改变自己的生活。</item><item>您父母脾气硬、财产少。需要注意的是父母遇到问题要帮忙解决，不然他们的脾气问题会令他们容易生气，自己应该努力读书，发奋工作，为自己家庭和父母创造更好的生活环境。</item></gong><huajie><item>【$F15#去晦洗身符#$】可旺个人运势、招贵人相助，防小人陷害，避牢、血光和灭顶之灾，为时运不济者去晦免灾。</item><item>【$F13#防小人符#$】请五方土地、家神门神将军、三官大帝作主令一切阴气游魂、当方土鬼、非命阴人不能害，小人作奸犯科不能近，从而保身平安，工作事业如意，人缘关系改善。此符适用于因遇小人纠缠刁难、排挤陷害而使工作、事业、学业不顺者。</item><item>【$F24#夫妻合和符#$】催动和合二仙和月下老人促成姻缘，化解矛盾，令夫妻二人情投意合，恩爱百年。</item><item>【$F35#母子平安添丁符#$】对不孕不育、习惯性流产、怀孕后胎位不正、胎心不稳、羊水过少、胎儿脐带绕颈，难产及产后无奶水者有奇效。</item><item>【$F4#五路运财符#$】调请赵天君、善财童子、进宝郎君、利市仙官等财神作主，招四方财旺人气，令生意兴隆，顾客盈门；同时可招财补运，治破耗星，令开支减少，营业收入增加，令官不欺，匪不盗等。</item><item>【$F16#平安符#$】可庇佑人、车、船出行平安，顺风顺水。为自己请一道平安符，顺利化解各种厄运，身体健康有精神。</item><item>【$F13#防小人符#$】请五方土地、家神门神将军、三官大帝作主令一切阴气游魂、当方土鬼、非命阴人不能害，小人作奸犯科不能近，从而保身平安，工作事业如意，人缘关系改善。此符适用于因遇小人纠缠刁难、排挤陷害而使工作、事业、学业不顺者。</item><item>【$F13#防小人符#$】请五方土地、家神门神将军、三官大帝作主令一切阴气游魂、当方土鬼、非命阴人不能害，小人作奸犯科不能近，从而保身平安，工作事业如意，人缘关系改善。此符适用于因遇小人纠缠刁难、排挤陷害而使工作、事业、学业不顺者。</item><item>【$F13#防小人符#$】请五方土地、家神门神将军、三官大帝作主令一切阴气游魂、当方土鬼、非命阴人不能害，小人作奸犯科不能近，从而保身平安，工作事业如意，人缘关系改善。此符适用于因遇小人纠缠刁难、排挤陷害而使工作、事业、学业不顺者。</item><item>【$F4#五路运财符#$】调请赵天君、善财童子、进宝郎君、利市仙官等财神作主，招四方财旺人气，令生意兴隆，顾客盈门；同时可招财补运，治破耗星，令开支减少，营业收入增加，令官不欺，匪不盗等。</item><item>【$F12#长寿符#$】奉请太上老君、紫微星君、和福禄寿三星为人祛病消灾，赐福添寿，使其精神抖擞，颐养天年。</item><item>为父母请【$F12#长寿符#$】长寿符】，【$F12#长寿符#$】奉请太上老君、紫微星君、和福禄寿三星为人祛病消灾，赐福添寿，使其精神抖擞，颐养天年。</item></huajie></xingdi><xingdi id="8" name="贪狼化忌"><gong><item>您善空想，想一些天方夜谭，超乎能力之上的理想，而且欲望强，易有挑花近身。请摆正思想，想法实际点，生活是很现实的。欲望方面要注意节制，不然会导致肾病或会出现婚变。</item><item>您的兄弟姐妹有桃色事件、离婚情事，您应该担当一个劝说的角色，当兄弟姐妹遇到这些问题的时候，要从中劝说和解，不要把事情推向恶化离婚的方向。</item><item>您的桃花是非多，极不利于婚姻，性生活多而劳累。应该注意感情专一，性生活需要节制，不然身体会劳损。</item><item>您桃花多，性生活多，应该注意感情专一，性生活需要节制，不然身体会劳损。</item><item>您钱财不顺，且有因桃色纠纷而破财事。对于花钱就完事的做法需要注意，不然钱白花了还不能达到目标，感情上应该专一，沾花野草会伴随破财而来。</item><item>您欲望高，易患性病。性生活需要理性节制，注意锻炼身体，性生活中质不重量，发现身体有不适就请尽快就医。</item><item>您喜欢出门寻桃花，易有风流事。做事需要多思考，谨防酒色惹祸，特别注意别因为好色而中了骗财的圈套。</item><item>您容易与朋友有桃花事。做事需要多思考，谨防酒色惹祸，特别注意别因为好色而中了骗财的圈套。</item><item>您事业带桃色，尚为合适。但注意为官不可贪污，易吃官司，一般民营事业，公司中易有桃花，小心惹出桃花麻烦。</item><item>您桃花纠纷多。做事需要多思考，谨防酒色惹祸，特别注意别因为好色而中了骗财的圈套，导致家庭破碎。</item><item>您表面平静，心中一片空白，想的是天方夜谭，自已也明知是梦。请注意摆正思想，想发实际点，生活是很现实的，想改变自己必须实际行动，想得再完美不行动也是实现不了。</item><item>您与双亲缘薄 或有让双亲担心烦忧之事。注意多与父母沟通，关心他们，做事要思前想后，不要乱惹麻烦。和父母意见发生分歧的时候，请耐心表达自己的见解，没有父母不为自己的孩子着想的。</item></gong><huajie><item>【$F21#桃花宝斩符#$】调请天兵天将、都天三猴尊神斩除恋人或配偶的烂桃花，同时催动和合二仙和天喜、红鸾星君令恋人和配偶用情专一，忠贞不渝。</item><item>【$F23#回心转意符#$】催动和合二仙、月下老人等神，或和合或延续、或增缘或借缘、或化解阻星、小人，令分手恋人或夫妻回心转意，破镜重圆！用此符者，若想此效果能保持一生，请修善心，积福德，方得回报感情，从根本上解决感情之前世业障，恩爱一生白头偕老。</item><item>【$F21#桃花宝斩符#$】调请天兵天将、都天三猴尊神斩除恋人或配偶的烂桃花，同时催动和合二仙和天喜、红鸾星君令恋人和配偶用情专一，忠贞不渝。</item><item>【$F21#桃花宝斩符#$】调请天兵天将、都天三猴尊神斩除恋人或配偶的烂桃花，同时催动和合二仙和天喜、红鸾星君令恋人和配偶用情专一，忠贞不渝。</item><item>【$F4#五路运财符#$】调请赵天君、善财童子、进宝郎君、利市仙官等财神作主，招四方财旺人气，令生意兴隆，顾客盈门；同时可招财补运，治破耗星，令开支减少，营业收入增加，令官不欺，匪不盗等。</item><item>【$F28#除顽疾暗病符#$】奉请五方土地神，并调用龙虎雷将护身，可驱赶白虎煞星消百疾，令阴魂鬼魅不能近身，有保身护身之用，另敕命清心祖师及九凤将军驱除邪气，可根治各种疑难杂症和久治不愈的慢性病（癌症、高血压、高血脂、糖尿病、肝病、尿毒症、血液病、男女性功能障碍、不孕不育、抑郁症、精神病等顽疾）。</item><item>【$F33#祛除恶习符#$】召请佛祖、观音、金童玉女，辅以三光之神威大力，食鬼吞妖，驱邪护身，祛除恶习（赌、烟、酒、黄、毒），恢复正气。</item><item>【$F33#祛除恶习符#$】召请佛祖、观音、金童玉女，辅以三光之神威大力，食鬼吞妖，驱邪护身，祛除恶习（赌、烟、酒、黄、毒），恢复正气。</item><item>【$F33#祛除恶习符#$】召请佛祖、观音、金童玉女，辅以三光之神威大力，食鬼吞妖，驱邪护身，祛除恶习（赌、烟、酒、黄、毒），恢复正气。</item><item>【$F33#祛除恶习符#$】召请佛祖、观音、金童玉女，辅以三光之神威大力，食鬼吞妖，驱邪护身，祛除恶习（赌、烟、酒、黄、毒），恢复正气。</item><item>【$F13#防小人符#$】请五方土地、家神门神将军、三官大帝作主令一切阴气游魂、当方土鬼、非命阴人不能害，小人作奸犯科不能近，从而保身平安，工作事业如意，人缘关系改善。此符适用于因遇小人纠缠刁难、排挤陷害而使工作、事业、学业不顺者。</item><item>【$F15#去晦洗身符#$】可旺个人运势、招贵人相助，防小人陷害，避牢、血光和灭顶之灾，为时运不济者去晦免灾。</item></huajie></xingdi></root>