<?xml version="1.0" encoding="UTF-8"?>
<root><yiji id="0" name="命宫" value="策划、比赛、决策、展现才华"/><yiji id="1" name="父母宫" value="父母聚餐、上司交流、会见长辈"/><yiji id="2" name="福德宫" value="许愿、祈福、读书、品德修养、学习"/><yiji id="3" name="田宅宫" value="买房、理财、置业、装修"/><yiji id="4" name="事业宫" value="工作、考试、功名、制敌、宣传"/><yiji id="5" name="交友宫" value="交友、合作、会友、交流"/><yiji id="6" name="迁移宫" value="搬迁、离乡、出行、旅游、观光"/><yiji id="7" name="疾厄宫" value="体检、治病、运动"/><yiji id="8" name="财帛宫" value="投资、交易、购物、收租、讨债、贷款"/><yiji id="9" name="子女宫" value="求子、子女教育、家庭聚餐、亲子活动"/><yiji id="10" name="夫妻宫" value="求婚、约会、恋爱、相亲、表白、订婚"/><yiji id="11" name="兄弟宫" value="商谈、朋友聚会、团队交流合作、开会"/></root>