﻿<?xml version="1.0" encoding="UTF-8"?>
<root><xingdi id="0" name=" 紫微星爱情分析"><aiqingguan>    您对情爱的表现，会以创造事业前途的模式来前进。
    对情爱的面对及处理方式，具有统御、领导的特质，会以自我为情爱中心的心态。用统御的力量，才干的表现，事业的成就，或者人生的功果，去驾驭操控男女间的情爱。
    喜欢追取完美的对象，让自己有如英雄、圣人般的在谈感情恋爱，并会以物质或权力地位去换取情爱。
    您较缺乏情爱的柔软度和精神力，以自己的角度来对待感情，很难站在对方的角度，去思考对方的心灵与想法。
    虽有“老大”心态去呵护对方，但却属于为求表现自我的统御、才干、成就上的能力，而来搏取对方的情感对自己的依附。是属于站在自己的立场角度上，而表现出的一种情感，也就是说我呵护你，爱护你，是我很行，我有本事，我有能力的意思，而用此点的表现来赢取感情的皈依。并非是站在对方的立场角度上而表现出来的情感。</aiqingguan><jianyi>    您在情爱上的缺失，就是姿态会过高；将心灵精神面的情爱，用创业或掌理事业的那一套方式来面对与处理；过于认为情爱可以用物质、权力、地位的力量，来摆平或者换取，忽视情爱在心灵精神上的感受，是您在情爱方面最易挫败的地方。</jianyi><shihe>    您情爱的求取，较适合与重物质者结合，也等于适合与仰慕权力地位之人结合。
    假使您与重物质之人在一起，将可两相愉悦，情投意合，但重物质之人，是必须您看得起之人。因为，重物质之人，可以得取所须；而您的付出，也可以得到自我老大心态上的满足感，所以会双双欢心。
    假如您与较重心灵精神者相碰，将无交集点科研，如果有情爱的火花，也是短暂的一时燃放而已，如同昙花一现，不久将会烟消云散。
    您与重心灵精神之人在一起，是会不快乐又没有共鸣的。因为，重心灵精神之人，得不到心灵精神上的慰藉，不会因物质而满足；而您的付出，也得不到自我老大心态上的满足感，所以会双双落败。</shihe><miaowang>    紫微星坐落于“庙旺”之地，其以上的表现会更为强烈，可以说有过而无不及。而且对情爱的渴望会更挑剔，自己所需求的标准值会更高。对情爱的面对和处理方式，会直接以物质、权力、地位的力量来摆平。</miaowang><ruoxian>    紫微星坐落于“平陷”之地，将持有以上的心态，但却缺乏以上的能力。</ruoxian></xingdi><xingdi id="1" name="天机星爱情分析"><aiqingguan>    您对情爱的表现，会以智慧思考和精神力的模式来前进。
    对情爱的面对及处理方式，具有擅用智慧与技巧的特质，以精神的力量为情爱中心。对情感不会偏向於物质的需求，反而对心灵精神面的契合与沟通，是极度的重视。
    喜欢追取性格趣味相投合的对象，而不在乎有无物质权力地位的所得，只让自己的情爱升华与两心的精神结晶中。
    只求乎彼此真心意合的拥有，而不在乎天长地久，也不会刻意的去顾及到现实生活中的物质影响。所以，情爱的精神理想，易受显示物质生活的冲击。</aiqingguan><jianyi>    您虽然重视心灵的契合与精神的融合，强调於真爱的传达与感受，却是应该多少顾及于现实上的物质力量。虽然，执着于心灵精神力，而不以物质力量作为情爱的传动，但也须以物质力量来作为心灵精神的后备补给力量，免得真爱受现实物质生活的牵就，导致情爱的美中不足。</jianyi><shihe>    您情爱的求取，较适合与偏重于心灵感受者结合，也等于适合与追求精神面之人结合。
    假使您与偏重于心灵感受之人在一起，将可两心相通，默契十足，但偏重于心灵感受之人，是必须才华洋溢之人。因为，您除重视心灵精神的契合与融合之外，也重视着才华与气质。
    假如您与较重物质者相碰，彼此的心灵精神力量，将无法互相融为一体，不可能缔造出心灵精神之爱的结晶，两者间将犹如心念相左，同床异梦。
    您与重物质之人在一起，您会追逐精神力量，来补充心灵空间，重物质之人当然会追逐物质力量，来充补心灵空间。因此，在两相无互动的交集之下，会因心念观感不同与需求相左，而相互疏远生变。</shihe><miaowang>    天机星坐落于“庙旺”之地，对情爱的面对与处理方式，会更为敏锐，更有智慧，对情爱的选择会更慎重，对心灵精神上的感受欲也随而增强，而且对情爱精神结合的标准值会更高。</miaowang><ruoxian>    天机星座落于“平陷”之地，对情爱的面对与处理方式，反而是盲目乏知的。计较，怀疑不信任的心态，会扰乱自己情爱上的智慧，导致情爱的面对与处理方式，常常会失控或者易流于情绪化。</ruoxian></xingdi><xingdi id="2" name="太阳星爱情分析"><aiqingguan>    您对情爱的表现，会以雄性阳刚博爱又领导的模式来前进。
    对情爱的面对及处理方式，具有父爱的特质，用自我情义博爱之心的挥洒，去温暖对方的新，让对方犹如在自己的呵护照顾之下。并用领导的力量，去带领着男女间的情爱。
    喜欢追取有个性又不强悍的对象，也就是喜欢有主见有性格，而又不驾驭自己的对象。让自己情爱的表现与感受上，有优越感，荣誉感及地位感，有点趋向大男人（或大女人）的心态。
    您多情多义、重情重义、蕴藏着相当丰富的情感，常表现出伟大牺牲奉献的情操，犹如父亲般的关怀，只有懂得付出，不懂得求回报。内心所蕴藏的情感，属于直率坦然的表达而出，缺乏迂回的柔软度，不懂得加上诗情画意、浪漫的柔美情调。是属于有情多情，却不善于如何的表达情怀。</aiqingguan><jianyi>    您虽然有领导情爱的大男人（或大女人）心态，但多发自于内心的爱护，无论对方的心态如何，就是“我关心你，照顾你，爱护你，保护你，是对你好的”就对了。有时候对方心中在想些什么，或者是在暗示什么，自己则很难能意会得到，这是您在情爱上的最大缺失。</jianyi><shihe>    您对情爱的求取，较适合与有信有仁之人在一起，将不会去欺骗您的情爱与付出。另外，如能体会您是直率坦然特质，弱于调情的，而给予一些柔软度的调和，将可两情相悦（但有信有仁之人是必须有主见，有性格之人，又不强悍，您才会喜欢）。因为有心有仁之人，可以得取您有情有义犹如父亲般的照顾，而您的付出，不会受欺骗，在阳刚中又能偿受到柔软的贴心感。
    假如与善于利用您多情多义，重情重义的弱点之人相碰，那么您将会被欺骗的很可怜。您所付出的一切，多将化为乌有，甚至得不到真正情爱的回应，并且自己在对方的心中是不被肯定，是不被当一回事的。
    您与心存利用之人在一起，心存利用之人为对您欲取欲求，必会讨您的欢心，让您有一时的快乐感。但这一切多非发自真心，等到您自知是在受利用欺骗之时，将会使您痛心而去，或者心存利用之人，在您身上已得不到好处时，又您也缺乏男女的情调，将会主动的离去。</shihe><miaowang>    太阳星座落在“庙旺”之地，对情爱的关照爱护会更加贴切有能力，愈是慷慨地奉献。对情爱的面对和处理方式，有一种伟大的情操，而且相当有情爱道德。</miaowang><ruoxian>    太阳星座落于“平陷”之地，对情爱的关照爱护，将空有其心而乏其力，或在表现上有始无终，虎头蛇尾。面对情爱教缺乏自信，处理方式缺乏成熟度，而易流于意气用事。</ruoxian></xingdi><xingdi id="3" name="武曲星爱情分析"><aiqingguan>    您对情爱的表现，会以刚强的模式来前进。
    对情爱的面对及处理方式，具有主观、强硬的特质。也是属于有情有义、重情重义的星宿，对感情也相当执着，而有趋向固执的现象。但却不善于表达情爱，使感情生活总觉得非常生硬、刻板，如同公式化生活化一般。
    因为没有活泼的情爱色彩，而令人感到无趣，是属于有爱也挚爱，而不懂得站在“爱”的美感上去挥洒爱。
    喜欢追取爽朗、干脆、直率的对象，才能与您相合得来。但对象一定要乐观，又不能有过于刚强的性格，才不会有孤寡感，也不回常有情爱上的争执。</aiqingguan><jianyi>    您教缺乏的情爱面，是没有柔美感，柔顺心，会因合则来不合则去的性格，常使情爱的过程多波折，或者有决裂的现象，而落得一身孤独。
    您对情爱的面对和处理方式，如果不要过于刚强，又加点柔美感、柔顺心，更将情爱用浪漫的色彩或感觉把它表达出来，情爱就会相当得顺利完美。</jianyi><shihe>    假使，您与性格直率，爽朗又不刚强的人在一起，将可过得相当愉悦，又不会常有感情上的争执。因为，您喜欢真实感、直接、坦率、干脆的人，讨厌计较诌媚奉承、卖弄小聪明、心计城府过重之人，也嫉恶如仇。
    另外，您所碰见的对象，是刚强的性格，则需要有高度的容忍心和包容性，否则将会因性格刚强相冲而决裂。
如果您与计较诌媚奉承、卖弄小聪明、心计城府过重之类的人在一起，将会使您自内心讨厌出来，而表现于行为上，引发彼此间的不合。</shihe><miaowang>    武曲星座落于“庙旺”之地，在情爱的面对和处理方式上，会较有一点点的活泼感、生动力，对情爱情爱的营造，当然会较为顺利一些。</miaowang><ruoxian>    武曲星座落于“平陷”之地，在情爱的面对和处理方式，将常常因性格行为上相冲的问题，又不愿意妥协，与对方不欢而散。</ruoxian></xingdi><xingdi id="4" name="天同星爱情分析"><aiqingguan>    您对情爱的表现，会以文采笔墨的模式来前进。
    您对情爱的面对及处理方式，属于受爱护、被动，而乏于主导特质。也就是对方给自己什么，就接受什么，但在一个前提之下，对方必须对自己是好的、关心的、爱护的、体贴的、照顾的，属于受保护的享受型。
    您喜欢被追求，而不喜欢主动追求他人；喜欢被疼、被爱、喜欢拥有，而不喜欢也懒得付出。
    只在乎自己有没有被爱护，关怀，照顾，不会去意会到对方是否也被爱护，关怀，照顾；若有所意会，也会因享受懒散的特质，很难付诸行动。</aiqingguan><jianyi>    您虽然是属于被关爱，坐享其乐的类型，但也是一颗易受情爱伤害的星宿，禁不起情爱的挫折、煎熬或凌虐。所以您在情爱的面对上，应学有坚强的韧性，才不会连小小的情爱挫折都禁受不起。
    同时，更应充实自己的内涵与文墨，以此作为情爱上的有利条件，方能吸引打动他人来关哎自己；否则在平白无故之下，有谁肯愿意无所谓的来关爱自己。
    您对情爱的面对和处理方式，若在能“得”与“施”尽量取得平衡点，不要一味的只顾及自己被爱的享受上，同时多给对方一样的关爱的话，将可使男女情爱维系长久，相互关心体贴到老。</jianyi><shihe>    假使您与懂得关怀他人的人在一起，将可使您得到他所想要的被关爱的欲望（您必须要有文墨之才，才能吸引对方愿意为自己而付出）。但是，对方不能有任何暴力或凶悍的倾向，否则将会使软弱又寻求被关爱的您逃离。另外，您若能多付出一点关爱对方的心思与行为，互动的关爱，将可使两人的情爱维系长久不断，才不会使对方觉得没有回应而打退堂鼓。
    假如您与有暴力或凶悍倾向者相碰，是最为悲惨的组合。因为您可能得不到自己想要的被关爱的欲望，又软弱的特质，将会被欺压得很彻底，到后来只有恐惧惊慌地逃离。</shihe><miaowang>    天同星座落于“庙旺”之地，被关爱欲会更旺盛，对情爱的面对与处理方式，是坐享其乐的。</miaowang><ruoxian>    天同星座落于“平陷”之地，对情爱的面对与处理方式，反而是付出关爱的，甚至“施”会大于“受”。</ruoxian></xingdi><xingdi id="5" name="廉贞星爱情分析"><aiqingguan>    您对情爱的表现，会以公关交际的手腕模式来前进。
    对情爱的面对及处理方式，具有心理策略的特质，善于掌握男女情爱的动向与发展，并会用自己的权利及形象魅力，来操控情爱。
    喜欢追求忠贞，听话，柔顺的对象，来满足自己对情爱的占有欲望与心灵感受，使自己犹如情爱上的统御者，当作自己是以为具有魅力的情圣或情后。
    您对情爱的观感，是喜欢时就想得到拥有，当不喜欢时就想抛弃，较易随着自己的情绪喜恶而起舞。对情爱而言，也较易有情绪化的表现，同时也易因此常有情爱上的不愉快；属于经常谈恋爱，也常易换恋爱对象的类型。</aiqingguan><jianyi>    您虽有刚艳外形的魅力，与擅于公关交际的手腕与口才，一时深深地吸引着对方，令人一见钟情。更有擅于调情的本能，激发对方爱的火花，挑起情爱的刺激感而让人倾心。但是您对情爱的占有欲和情绪化，会因过度强烈，令对方拥有情爱而失去自由；觉得爱得辛苦，爱得没有空间，爱得缺乏氧气，最后易成不欢而散，或者为此原因争执不休。</jianyi><shihe>    您对情爱上的求取，较适合于稳重、内敛、成熟之人结合，才不会经常有情爱上的争执。
    假使您与稳重、内敛、成熟之人在一起，将可稳住、吸收您的情绪化。同时，文中、内敛、成熟之人，会因您的带动，而有活越生气感，去除掉文中、内敛、成熟的深沉感。
    假如您与热爱自由、刚强或情绪化之人相碰，那么两者间将会因情爱观感、性格不合而争执或者分离。
您与热爱自由、刚强或情绪化之人在一起，您的占有欲强，有易情绪化，所以会与热爱自由、刚强或情绪化之人，常为自由、性格相冲、情绪管理失控，而吵闹争执不断。</shihe><miaowang>    廉贞星座落于“庙旺”之地，对情爱会有相当的品序与道德，不愿玩弄欺骗感情，会站在对方的立场，去思考彼此情爱的前进，而减少占有欲。同时，对情爱的情绪管理，也会比较理智一些。</miaowang><ruoxian>    廉贞星座落在“平陷”之地，对情爱的面对和处理方式，经常会情绪失控，并有强烈的占有欲和嫉妒心，同时易因此而弄糟了情爱的前进。</ruoxian></xingdi><xingdi id="6" name="天府星爱情分析"><aiqingguan>    您对情爱的表象，会以衣食华禄供给的模式来前进。
    对情爱的面对及处理方式，具有物质爱护的特质，有责任感、可以沟通，属于专一付出型者。
    您不属于争强斗胜的星宿，所以不喜欢追求高理想、非常完美或不易追求的对象，最喜欢的对象是富有生命力、活跃力而又平实、踏实的对象。
    您较不像紫微星那般，存着老大的心态，领导情爱的动向。您较会给对方空间，更会与对方沟通，可以接纳对方的意见；并用如同长者般的立场，去爱护维系情爱的发展。可以说是什么都好，就是太过于有长着风范，而缺乏调情手法。</aiqingguan><jianyi>    您犹如长着一般，较缺乏情爱浪漫的一面，是富有关怀，爱护，体贴的心态与行为，但就不善于调情，是情爱上的美中不足之处。</jianyi><shihe>    您对情爱的求取，较适合与具有生命力、活跃力而又平实、踏实之人结合，最好是又能够挑逗您的类型。
    假使，您与上述特质的人在一起，将可使您有如长者的现象年轻化。因为，上述特质之人，可以讲活力与生气感带给您，并可挑发您平常所没有的情调，感受到年轻的气息，又不使您讨厌（因为平实又踏实）。同时，上述特质之人，受您长者般的爱护与融化，也不回活跃的过头，并会有安全感。
    假如，您与高理想、高完美主义或太轻浮者相碰，将会使您难以配合。
    您与上述之人在一起，将会与自己的理念不合或性格差距太大，造成您的自我封锁。</shihe><miaowang>    天府星座落于“庙旺”之地，对情爱的面对和处理方式，会更稳重大方有能力，并比较活泼一点，富有生气感。</miaowang><ruoxian>    天府星座落于“平陷”之地，对情爱的面对和处理方式，会更刻板生硬，墨守成规，另有优柔寡断、妇人之仁的特质，连一点点活泼感或情趣都没有。</ruoxian></xingdi><xingdi id="7" name="太阴星爱情分析"><aiqingguan>    您对情爱的表现，会以心灵精神感受的模式来前进。
    对情爱的面对及处理方式，具有母爱光辉的特质，以心灵精神的力量为情爱中心，对情感是心灵精神与物质生活并重。属于需要爱，被爱喝富有爱、去爱人，相互混合型的。也可以说是付出到底、爱到底，同事也感受到底，是用尽心思去爱人，也须有真正感受到被爱的这一型。会去关怀、体贴、温暖、爱护对方，但自己也须受到同样的待遇回应。
    对情爱是充满着憧憬与盼望，向往着诗情画意、浪漫、罗曼蒂克的感情生活世界，同时也重视着情爱上的物质力量。所以，您非常富有浪漫的情调特质，并会将工作、生活与物质，融入于情爱空间里，化为心灵精神力量，去享受这一切。</aiqingguan><jianyi>    您的心思和观察较为细腻，同时也太重于感受，所以较会挑剔，嫌这里不好、那里不对，成为情爱上选择与前进的阻力。</jianyi><shihe>    喜欢追取心灵精神与物质生活并重的对象，又要懂得情趣及有内外在的质感，将能深深勾动您的倾心相向，而为对方而一再得付出。
    太阴星因属雌性星宿，所以较有自我保护合吃醋的心态，虽然相当富有感情，感付出到底，但对情爱却是脆弱的，因此也需要有相对的被爱。
    您对情爱的求取，较适合与精神和物质并重者结合。也等于情爱的结合是在精神与物质的交集上，但物质是转化于精神上，所以主要点还是偏向于心灵精神面。
    假使，您与精神和物质并重之人在一起，对方又具有内外在的质感，又懂得情趣，将会使您乐于其中，如鱼得水的悠游，并付出自己的一切去关爱对方。
    假如您与没有情趣、只重物质、强悍性格、缺乏内外质感之人相碰，将会使您躲离得远远的。
    您的心灵感受力相当强烈，对于不喜欢、讨厌的，会有相当程度的排斥感。</shihe><miaowang>    太阴星座落于“庙旺”之地，对情爱的面对与处理方式，会更为敏锐，更有智慧，对情爱的选择会更慎重、更确实，知道什么该爱，什么不该爱，自己需要，所求的是为什么，对情爱的期许标准值会更高，更挑剔。</miaowang><ruoxian>    太阴星座落于“平陷”之地，对情爱的面对与处理方式，是相当差劲，易流于情绪化，有点盲目又缺乏理智。对爱与不该爱之间，很难作出正确的判断，经常在情爱的旋涡中打圈圈，对情爱也相当的软弱无能。</ruoxian></xingdi><xingdi id="8" name="贪狼星爱情分析"><aiqingguan>    您对情爱的表现，会以精明投机的模式来前进。
    对情爱的面对及处理方式，具有投机的特质，强烈的占有控制感。对喜爱的人，会用尽心思计谋去得逞，属于自己一人所拥有，不能让任何人分享。甚至不惜牺牲的代价，投机取巧，使用强硬手段，或抓住对方的弱点使之就屈。属于完全善用计谋，完全占有，一切控制的星宿。
    喜欢追取有个性、有魅力又不易追求的对象，这也是您喜爱寻求刺激感，又重于外形观感的特色。如此，又可让自己发挥计谋，去占据不易占据的任务。所以，愈是好追求、软弱、服从、没性格、没主见的人，贪狼新愈是不感兴趣，甚至不屑一顾。
    您在情爱追求上，若发生困难时，将会转而付诸手段。任何计谋，投机取巧，强悍行为等等，都有可能发生。喜欢的对象，会用尽手段去得取，甚至占有、控制成自己所有；当不可得到对方时，嫉妒的心，将会去毁坏对方，也不愿让他们所拥有。
    您因喜欢寻求刺激感，所以易受外界影响，如发现有更喜欢的对象，将会抛弃原有的对象，致使情爱不容易专一。另外，也因喜欢寻求刺激感，所以讨厌无趣、刻板、公式化的情爱生活。</aiqingguan><jianyi>    您对情爱较不定性，喜欢新鲜、刺激感，长让情爱一段一段的走过。在不懂得拥有的珍惜，和太过于追求不易追求的对象，而忽略了自己到底在追求什么，自己真正需要的是什么。
    所以，您在情爱的面对上，是应该务实一点，多想点自己应该追求着什么，不应该过于虚浮。勿轻放身边所真实拥有的一切情爱，而去追逐遥不可及或缥缈的对象。</jianyi><shihe>    您对情爱的求取，较适合与有性格、有魅力又有情趣之人结合，才会满足您的刺激欲望。
    假使您与有性格、有魅力又有情趣之人在一起，对方不能有过于强悍的性格，否则会常与您争强斗胜，争吵不休。对方也不能过于活泼外向，或者心生向外，否则会使您猜忌，对自己的占有控制欲心生不安。
    假如，您与强悍、不具魅力或特色、内向保守、没有情趣、过于刻板的人在一起，都将引发不了您的情欲。
    您与上述之人在一起，或许只是一时的新鲜感、好奇心，等到这一时的兴起之后，将会被抛于脑后。</shihe><miaowang>    贪狼星座落于“庙旺”之地，对情爱的面对和处理方式，会更有智慧和道德手段。纵使自己得不到对象，也不会去毁坏他。</miaowang><ruoxian>    贪狼星座落于“平陷”之地，对情爱的面对和处理方式，非常的善恶不一，没有道德心，想到什么就做什么，甚至有暴力倾向，对情爱的争夺，将会不择手段。</ruoxian></xingdi><xingdi id="9" name="巨门星爱情分析"><aiqingguan>    您对情爱的表现，会以暗中策动付诸于口智外交的模式来前进。
    对情爱的面对及处理方式，具有在暗中预定计划的特质，用锐利的观察力来研究判断分析，情爱的进退时机与动向发展。在明显的表现上，则会用口才智慧加上外交，运用能死能活的手腕技巧，来谈情说爱，作风上带有诡异、隐瞒、疑虑、猜忌的特性。
    您属于观察锐利又带疑虑的星宿，同时又有患得患失，既期待又怕受伤害，自我保护心态的本质。所以，寻找的对象较适合稳重型、成熟性，并需要具有令人感觉信赖的形象，才会令您感觉有安全感，减少您的疑虑、猜忌心。
    您的情爱缺失，会因自己的心猿意马，造成已分析研究后的想法，仍存不稳定，常常造成选择情爱上的困扰。因缺乏耐性，又对他人的不信任感，而难与对象为维系感情。</aiqingguan><jianyi>    您对情爱的面对和处理方式，如能想法与行动一致，具有坚定的耐心，降低对他人的疑虑、猜忌，不令人有一种捉摸不定感；相信以您锐利的有点，加上口智手腕的技巧，必能得取到适当理想的对象。最怕的是自己弄糟了，对情爱的面对和处理方式，使感情常常面临着不顺利。</jianyi><shihe>    您对情爱的求取，较适合与具有稳重性、成熟度、踏实感的人结合，最好是又能够让您感受到信赖的类型。
    假使，您与上述特质的人在一起，将可使您免于疑虑、猜忌。因为，上述特质之人的稳重、成熟、踏实，可填实您虚暗的心，有一分实际感，压盖过疑虑猜忌心。
    假如，您与好言辩、自我保护心过重、善猜忌、太过活跃者相碰，将会使您产生疑虑、猜忌。
    您与上述之人在一起，将会互相猜忌、欺瞒、不信任，因不具有信赖，而无法付出真情爱给予对方，终至疏离或常处于貌合神离的生活中。</shihe><miaowang>    巨门星座落于“庙旺”之地，对情爱的面对和处理方式，会较有稳定性、耐心，疑虑与猜忌心也会降低。同时，对情爱的面对和处理方式，也会较明确务实，减少虚暗的特质，而不令人捉摸不定。</miaowang><ruoxian>    巨门星座落于“平陷”之地，对情爱的面对和处理方式，那真的是糟透了，会因自己的性格缺失，就像瞎了眼睛一般，看不透或者弄坏了情爱，经常有感情上的困扰或伤害。</ruoxian></xingdi><xingdi id="10" name="天相星爱情分析"><aiqingguan>    您对情爱的表象，会以绅士尊荣的模式来前进。
    对情爱的面对及处理方式，具有如同绅士的特质，稳重大方有君子之风度，勇于追求自己所意向的对象。对感情有责任感，有始有终、尽心尽责也小心谨慎，善于沟通协调，有情趣也懂得挥洒浪漫的气氛。懂得关怀与奉献，凝聚两心的交集点，喜好追求情爱上的完美。重视心灵精神上交流与契合，很会享受爱的情趣。富有忠义感情，而不感情用事，喜欢发自内心的真实感情，不喜欢强迫占有对方。只要自己认为能力可及或可去做的事，都可为对方付出，是一个“好好情人”，属于情爱、理性、浪漫的综合型者。
    天相是属于有情爱、理性、浪漫的综合星宿，所以不喜欢追求无理取闹、不易沟通、不懂情趣浪漫的对象，最喜欢懂事、有思考模式、可以沟通协调的对象。</aiqingguan><jianyi>    您具有任劳任怨，逆来顺受，尽忠尽责的特色，可以说什么都好。但就是太爱面子，往往会因面子问题，吃了情爱的亏。</jianyi><shihe>    您对情爱的求取，较适合与懂事、有思考模式、可以沟通的人结合，最好是又能够懂得情趣的类型。
    假使，您与上述特质的人在一起，将可顺利的互相沟通，达到彼此的圆融点，带动心灵精神上的交流与契合。您又能于彼此的心灵契合中，引发许多的情爱乐趣与浪漫的气氛。对于有契合之人，又能给予自己的物质和精神力量。
    假如，您与无理取闹、不易沟通、不懂情趣浪漫者相碰，是与您的特质，全然相左，引不了您想要挥洒与享受的动力。
    您与上述之人在一起，将难与您有所契合，造成“秀才遇到兵，有理说不清”的局面。当您不能契合时，您是无法带动发挥特质，去享受这一切，而让您感到相当无趣。</shihe><miaowang>    天相星座落于“庙旺”之地，对情爱的面对和处理方式，会更稳重大方有气度，但会过于绅士感，而让对方的配合度跟不上。</miaowang><ruoxian>    天相星座落于“平陷”之地，对情爱的面对和处理方式，会因好面子、强出头，有碍于情爱的进展。同时，天相星的稳重、大方、气度、绅士干，理性、浪漫、思考模式，也会降低。</ruoxian></xingdi><xingdi id="11" name="天梁星爱情分析"><aiqingguan>    您对情爱的表现，会以荫护与保善的模式来前进。
    对情爱的面对及处理方式，具有道德和长者风范的特质，有体贴心、关怀心、保护力、照顾力、如同长辈在呵护完备一般。让对方在自己的荫护之下，感到温暖、安全，如似靠着一座山或在树荫底下。
    同时，具有包容心、容忍性，对情爱的不满意，是以温和爱护的规劝方式。并有相当的情爱道德观，所表现出的，多是出于善良的一面，属于不拒不求好好型的类别。</aiqingguan><jianyi>    您属于稳重具长者风范，有重于照顾、关怀与荫护的星宿，所以就会令人感觉像长辈一般，是有温暖没错，但总觉得有点老成，而少掉了年轻的帅气、活泼感和情爱浪方面的调情剂。</jianyi><shihe>    您不喜欢叛逆性、小孩子气、劣性、好玩好动过重者，最喜欢的是乖巧型，或者是说了会听、会懂的这一类型。其实，您会给对方控件，只要对方所需要的空间不会过大，您也不回因爱护而变成唠叨。
    您对情爱的求取，较适合与乖巧、能听话懂事之人结合，如此类之人，纵使有点点小孩子气、任性、好玩也无妨。
    假如，您与上述特质的人在一起，将可使您长者的特质，认为对方是可关怀、爱护的；而对方若有点活泼感、好动性，将可使您觉得有趣，不至于太过老成，最好对方又能善于带动您对情爱的浪漫情调。
    假如，您与叛逆性、小孩子气、劣性、好玩好动性过重者相碰，将会使您觉得难以调教、理会。
    您与上述之人在一起，会因为您稳重、长者的本质，喜欢他人乖巧、听言劝，认为上述之人无法调教而不予理会。</shihe><miaowang>    天梁星座落于“庙旺”之地，对情爱的面对和处理方式，会更加有能力和本事，但仍欠缺情爱的浪漫调情剂。</miaowang><ruoxian>    天梁星座落于“平陷”之地，对情爱的面对和处理方式，会有妇人之仁的特质，不具道德观，缺乏情爱正确的判断能力，情爱的贞操观较为低落。</ruoxian></xingdi><xingdi id="12" name="七杀星爱情分析"><aiqingguan>    您对情爱的表现，会以冲动火爆刚劲的模式来前进。
    对情爱的面对及处理方式，具有我行我素的特质，容易感情用事，也易冲动。虽有丰富的热血，确实个铁性子，无情爱的表达能力，更不用说如何培养感情，所以“爱”字是很不可能有您的口中说出。由于孤僻感遇刚暴行，又极度缺乏思考、细腻、柔软、离职的特质，往往会将情爱给毁坏，可以说是没有情爱细胞的类型，甚至于情爱无缘。
    七杀是属于争强斗胜，冲锋陷阵，孤剋刚爆的星宿。所以，对相当柔软、奥妙的情爱世界，是陌生的，如同不属于情爱世界种的一份子。</aiqingguan><jianyi>    您是应多多学习对情爱的描述与表白，最好是常吸收一些情爱哲学，将感情尽量的用出来，不要强忍地吞在肚子中，浪费情爱青春。同时，也应多用一些时间去思考情爱，将心思放细腻一点，不要太草率、粗躁和刚爆，才不会与情爱无缘。
    记住，您在情爱上的致命伤，是独断专行，刚爆孤僻容易冲动，思考轻率任性，有爱、有情、有义不愿说出口，性格与脑筋都太僵死，动不动就要决裂等等。</jianyi><shihe>    您大多属于情爱的失败者，对情爱的求取，是很难有适合的对象，如要找到适合的对象，最好先从自己的性格（情爱的面对和处理方式）来改善。
    您所适合的对象，大略如下：喜欢您酷毙了的性格，喜欢您的冲劲干劲，喜欢有暴力倾向的被虐待狂者等等，才能与您相处得来。
    假如，您与非以上诸类型者在一起，将会不欢而散。</shihe><miaowang>    七杀星座落于“庙旺”之地，对情爱的面对和处理方式，会较有智慧，理性，刚爆的特质会降低。</miaowang><ruoxian>    七杀星座落于“平陷”之地，对情爱的面对和处理方式，几位粗糙不理性，会有暴力虐待倾向。与情爱相当无缘，也是属于不适于谈情说爱之人。</ruoxian></xingdi><xingdi id="13" name="破军星爱情分析"><aiqingguan>    您对情爱的表现，会以阴晴不定又善变的模式来前进。
    对情爱的面对及处理方式，具有爱恨、收放不定的特质，对情爱的作风较为大胆、急躁、冲动、猜疑、常不按牌理出牌，不受道德规范所拘束，往往会受人非议。
    破军属于破耗、逆转、祸事、阴杀的星宿，所以常将情爱弄巧成拙，或者常偿受到情爱的失败。同时，占有欲望甚强，又自己不愿受人占有拘缚。对情爱的选择也阴晴不定，朝三暮四，心猿意马，如不是错过情爱，就是自毁情爱，是一颗不利于情爱的星宿。</aiqingguan><jianyi>    您对情爱而言，是很难定下信赖，提不起又放不下，也欠缺稳重性欲成熟度，相当情绪化，说变就变，所以，在情爱的过程上，是一条颠簸之路。
    您在情爱支路，若要顺利如意的话，是必须从自我的性格来改善，切记，一切对情爱的妨碍，如心性喜恶不定，占有欲强，性格浮躁、冲动、狐疑。</jianyi><shihe>    您对情爱的求取，较适合于善于调情者相配，而且要让破军有一点点捉摸不着的感觉。就像属于自己所拥有的，又好像没有完全得到，也有可能会失去的感受，反而可以吸引您朝三暮四，心性不定，见异思迁的不稳定特性，又能使您专心地追逐于守候。
    假如，您与非上述类型的人相碰，在情爱间的面对与处理，必会无时不刻的发生着问题。</shihe><miaowang>    破军星座落于“庙旺”之地，对情爱的面对和处理方式，会比较稳重明智一些。</miaowang><ruoxian>    破军星座落于“平陷”之地，对情爱的面对和处理方式，会完全失去伦理道德，甚至强用手段，强占有，搞破坏，得到后又易抛弃，心性相当的不稳定，无时不刻有情爱上的是是非非，甚至有恩怨仇恨。</ruoxian></xingdi><xingdi id="14" name="禄存星爱情分析"><aiqingguan>    您对情爱的表现，会以安享其乐的模式来前进。
    对情爱的面对及处理方式，具有关心爱护的特质，会用呵护的新，加上物质的力量，去建立情爱。同时，也乐在其中，尽兴的去享受情爱的温馨与乐趣，属于温和、关怀、体贴、照顾又享受型者。
    您是属温和、稳定、呵护与享受利益平衡的星宿，所以较不会有一往情深、一厢情愿的行为，而是喜欢互重、互敬、互信、互爱，共同成长，彼此有温馨的平衡感觉。
    您如受人点滴，必会同样的回应；相反的，如付出点滴而无回应，将会停止下来。所以，若只求拥有，不愿付出的人，是与您不会有交集的。如果，较会付出的人，碰见您，反而是一种福利性的组合。</aiqingguan><jianyi>    您因受[擎羊、陀罗]的夹制，所以单星坐守时，对情爱会较吝啬，只求所得不喜付出，或者死守情爱阵地的死心眼型。如有福气碰见好对象，固然很好；假如，情爱福份浅薄，碰见坏对象，又属于死守情爱型的性格，将会受尽情爱的拖磨。</jianyi><shihe>    您与懂得回应的人在一起，将可使两人相互关心、爱护、照顾、体贴、乐在其中。
    假如，您与不懂得回应的人相碰，会使您停止付出，而双双冷落下来。</shihe><miaowang>    禄存星座落于“庙旺”之地，对情爱的面对和处理方式，会比较积极，虽然也会享受，但是也会懂得付出。</miaowang><ruoxian>    禄存星座落于“平陷”之地，对情爱的面对和处理方式，会沦于贪图享受，不思进取。</ruoxian></xingdi><xingdi id="17" name="文昌星爱情分析"><aiqingguan>    您对情爱的表现，会以文智思绪的模式来前进。
    对情爱的面对及处理方式，具有理智的特质，相当有情调的挥洒力，让感情如诗如画的美彩，对情爱的选择注重着品位、格调与内涵。另外，思绪灵敏的心，是推动情爱前进的催化剂。
    文昌因属金，所以对感情面而言，物质会重于精神，并以物质来升华精神的力量。</aiqingguan><jianyi>    文昌是一颗相当有利于情爱的星宿，若能善用保有其优势，挥洒出情爱的魅力与感觉，情爱之路更会是顺利如意。</jianyi><shihe>    您对情感的直觉较为敏锐，又物质重于精神，若与有智慧、有才干、理想的人在一起，将可使两人迅速的结合在一起，共同交集而前进，无论于前途或情爱上都能共进。
    您最不喜欢与粗心大意、冲动莽撞、急躁轻浮、没有质感、才干、理想的人相碰，因为上述特色的人，将与您的喜好相连，而自心里面厌恶出来。</shihe><miaowang>    文昌星坐落于“庙旺”之地，对情爱的面对和处理方式，会表现的更出类拔萃，极适合于情爱的世界。</miaowang><ruoxian>    文昌星坐落于“平陷”之地，对情爱的面对和处理方式，易流于情绪化，会有理智思绪上的失控，而生情爱的波折。同时，对情爱的选择上，也易生错误，处处抛情。</ruoxian></xingdi><xingdi id="16" name="文曲星爱情分析"><aiqingguan>    您对情爱的表现，会以文华思绪的模式来前进。
    对情爱的面对及处理方式，具有情调的特质，相当有浪漫的气氛，让情爱浸于罗曼蒂克的梦中，对情爱的选择注重着感觉、气氛与气质。浪漫风韵的心，是推动情爱前进的催化剂。
    文曲因属水，所以对感情面而言，用情如用水，人生缺乏情爱时，就会像欲干渴而死的人。精神会重于物质，心灵精神的充实感，是人生中最佳的粮食。</aiqingguan><jianyi>    文曲也是一颗相当有利于情爱的星宿，因属水，所以情爱如同水做成的，非常有柔软度，但也易受尖锐性的伤害。若能善用保有优势，挥洒出情爱的魅力与感觉，同时又能善于自保情爱的堡垒，情爱之路更会是顺利如意。</jianyi><shihe>    您对情感较为脆弱、易受伤害，又重于心灵精神，所以很适合于有安全感、不具粗暴倾向、又懂心灵感受的人在一起。如此一来，您将不易受情爱的伤害，又能尽其本质，给对方情爱上的滋润。
    您最不喜欢与粗心大意、冲动莽撞、强悍刚暴、独裁专制的人相碰，因为上述特色的人，将易使您受到情爱的伤害。</shihe><miaowang>    文曲星坐落于“庙旺”之地，对情爱的面对和处理方式，会表现的更出类拔萃，极适合于情爱的世界。</miaowang><ruoxian>    文曲星坐落于“平陷”之地，对情爱的面对和处理方式，易流于情绪化，会有盲目乱投的现象，情爱上常会受伤害。</ruoxian></xingdi><xingdi id="18" name="左辅星爱情分析"><aiqingguan>    您对情爱的表现，会以加强速度的模式来前进。
    对情爱的面对及处理方式，具有善于交涉的特质，相当有协调能力，使谈情说爱进行的过程时间，无论是好坏的结局，都能够缩至最短。
    左辅因属土，所以对感情面而言，会比较稳重、成熟、富有感情也懂得浪漫的情调，也重视心灵精神面，但是属于[隐性型]，也可以说是[闷骚型]。</aiqingguan><jianyi>    左辅星是一颗只有辅助，执行、催化的星宿，无吉凶的辨识能力。所以，若与不利于情爱的星座同宫，将会加速器凶力；若与有利于情爱的星座同宫，将会加速其吉力。因此，如有左辅星坐命宫之人，应该要更加的善用、分辨情爱。</jianyi><shihe>    左辅星对情爱是属[隐性型](闷骚型)，较适合与带动型者在一起，来引发左辅星的[隐性]，同时左辅星在能表现出自己的特质时，会自觉的有活力、有乐趣、有情爱力。
    左辅星最不喜欢与被动型、闷骚型或沉默型者相碰，否则双方均会闷气十足，闷闷而分。</shihe><miaowang>    左辅星座落于“庙旺”之地，对情爱的面对和处理方式，会在浪漫的情调上更加重视生活的感受，也会让精神生活更加和现实生活贴切起来，有助于人际上的交往。</miaowang><ruoxian>    左辅星座落于“平陷”之地，对情爱的面对和处理方式，会流于对浪漫的空想，只注重精神生活方面而让现实生活苦不堪言，矛盾处处。</ruoxian></xingdi><xingdi id="19" name="右弼星爱情分析"><aiqingguan>    右弼星对情爱的表现，会以加强速度的模式来前进。
    对情爱的面对及处理方式，具有善于交涉的特质，相当有协调能力，使谈情说爱进行的过程时间，无论是好坏的结局，都能够缩至最短。
    右弼星因属水，如似柔情似水、风韵翩翩之质，所以对感情面而言，会比较浪漫、风韵，将一切的情爱韵味，充分的表现于有无形中。让对方感受于心衷，也将对方的心灵感受，回流于自己的心衷，形成两者心灵间的循环，是一颗标准的心灵精神力量星座，属于[显性型]，也可以说是[发骚型]。</aiqingguan><jianyi>    右弼星是一颗只有辅助，执行、催化的星宿，无吉凶的辨识能力。所以，若与不利于情爱的星座同宫，将会加速器凶力；若与有利于情爱的星座同宫，将会加速其吉力。因此，如有右弼星坐命宫之人，应该要更加的善用、分辨情爱。</jianyi><shihe>    右弼星对情爱是属[显性型](发骚型)，又重于心灵精神与质感的星座，所以较适合与易受带动、感受型，又有内外在质感者在一起。将可使两者的心灵间，有所交流，享受情爱于心灵精神间。
    右弼星最不喜欢与缺乏内外在质感，又不懂、不善于情趣者相碰；否则，将让右弼星感到乏味，转移情爱阵地。</shihe><miaowang>    右弼星座落于“庙旺”之地，对情爱的面对和处理方式，会更有协调能力，并且易于取得情爱上的胜利，在感情上也较注重于浪漫和品位。</miaowang><ruoxian>    右弼星座落于“平陷”之地，对情爱的面对和处理方式，会显得暴躁、激进，总希望用最少的付出获取最多的收获，对感情而言会非常的不稳定，有时候会忽视对方的心灵感受，让好好的一感情危机重重。</ruoxian></xingdi><xingdi id="20" name="天魁星爱情分析"><aiqingguan>    天魁星对情爱的表现，会以理性大方的模式来前进。
    对情爱的面对及处理方式，具有理智的特质，相当重视情爱的心灵精神，懂得关怀、体贴与照顾，具有情爱温暖的塑造力。对情爱相当有品味，选择慎重，虽为热情，但不会饥不择食。
    天魁星对情爱与婚姻，是一颗助力星，有顺利如意的驱动力，如坐落于女性命宫中，将易得男性的青睐。</aiqingguan><jianyi>    天魁星是一颗科贵的阳火星宿，具有自居高尚本位的看法，对情爱的理想会偏高，导致曲高和寡。所以，不适宜将自己姿势摆得过高，才不会合者无几！</jianyi><shihe>    天魁星的高尚，较喜欢与有品味、有格调、有才智的人在一起，彼此相互欣赏爱慕，共同激起心灵精神的力量。
    天魁星最不喜欢与没有品味、没格调、没才智的人相碰，因为天魁星会觉得低俗者，配不起自己的高尚。</shihe><miaowang>    天魁星座落于“庙旺”之地，对情爱的面对和处理方式，会更加大胆理性，并且深知关怀体贴照顾之道，让对方能深深感觉到自己的情爱的温暖，对情爱的追求也变得相当有品位。</miaowang><ruoxian>    天魁星座落于“平陷”之地，对情爱的面对和处理方式，会显得相对随便一些，不太注重心灵上的沟通，对对方的关怀与爱护也是马马虎虎，而且因为天魁星是一颗桃花星，在对待感情上可能会有些花心。</ruoxian></xingdi><xingdi id="21" name="天钺星爱情分析"><aiqingguan>    天钺星对情爱的表现，会以调情热情的模式来前进。
    对情爱的面对及处理方式，具有诗情画意的特质，有情重情，很会将情爱带入浪漫的气氛中，是罗曼蒂克的制造厂。用尽心思让自己与爱人，热情如火，陶醉于爱梦中。
    天钺星对情爱与婚姻，是一颗助力星，有顺利如意的驱动力，如坐落于男性命宫中，将易得女性的青睐。</aiqingguan><jianyi>    天钺星是一颗阴性情爱的属火星宿，具有调情热情的本质，所以易引人跌入爱梦中，无法自拔。所以，不宜将调情热情的本质，胡乱挥洒，免得自寻麻烦。</jianyi><shihe>    天钺星的热情，较喜欢与懂得效果享受情爱的人在一起，才不会使天钺星的热情空有。
    天钺星最不喜欢与没有情爱趣味的人相碰，因为天钺星会觉得失去自己想有的情爱浪漫。</shihe><miaowang>    天钺星座落于“庙旺”之地，对情爱的面对和处理方式，会以更加热情的方式来进行，并且在情爱的过程中充满着浪漫快乐的气氛，容易让异性对自己产生强烈的好感，有助于爱情的美满发展。</miaowang><ruoxian>    天钺星座落于“平陷”之地，对情爱的面对和处理方式，会显得比较躁进，没有什么耐心，也少了很多浪漫的气氛。</ruoxian></xingdi><xingdi id="22" name="擎羊星爱情分析"><aiqingguan>    擎羊星对情爱的表现，会以冲动刚暴的模式来前进。
    对情爱的面对及处理方式，具有杀伤的特质，是一颗相当不利于情爱的星宿，会强烈的破坏情爱，或者使情爱生变。当然，由星座来反应一个人的性格，将会因冲动、独裁、刚烈、暴躁的性格，使情爱毁坏，导致情爱寿命夭折不长，或者苟延残喘。
    擎羊星对情爱与婚姻，是一颗杀伤星，如坐落于命宫、福德宫或夫妻宫中，多是相当的不利。难使情爱长久，不然就是情爱无法寿终正寝、永浴爱河、白头偕老。传统的解释称为[生离死别]，现代的解释是难以双栖双宿而长远。</aiqingguan><jianyi>    擎羊星占有欲强，没有温柔情调，会保护自我的情爱，也易伤害对方的情爱；不然就是将情爱弄巧成拙，缺乏情爱的真谛，用情不专、用情不够。所以，若要转化擎羊星对情爱的厄力，是必须从自我的特性来改善起；应多用心去体认情爱，对情爱多一点的信任感、多一点耐心、多一点温柔体贴礼让与包容；勿将刚暴、粗糙、独裁的性格，带入须要关爱、温柔、细心、感受的情爱中。</jianyi><shihe>    擎羊星是很难有适当的对象，只有能够容忍擎羊性特性的人，才能勉强配得来。
    擎羊星与软弱型或刚硬型者，是最不配的；软弱型者，易受擎羊星伤害；刚硬型者，常会有火药味或决裂。</shihe><miaowang>    擎羊星如坐落于“庙旺”之地，杀伤及破坏力会降低(对事业前途的创取上，反而有冲劲助力；对情爱面的影响，没什么助力)，对情爱的面对和处理方式，会比较稳重明智一些，但有一点的奸狡。</miaowang><ruoxian>    擎羊星如坐落于“平陷”之地，与情爱可以说是相当的无缘，只有伤害，没有恩爱；对情爱的面对和处理方式，会有强占手段，没有爱心，无时不刻有情爱上的是是非非，甚至有恩怨仇恨。</ruoxian></xingdi><xingdi id="23" name="陀罗星爱情分析"><aiqingguan>    陀罗星对情爱的表现，会以莽撞的模式来前进。
    对情爱的面对及处理方式，具有缺乏理智思考的特质，情爱观念低落，不知对情爱的追求是为何，也不知自己应追求着什么样的情爱。情爱难专心专一，朝三暮四，心猿意马，见异思迁，成爱不足、败爱有余，只有[性爱]而缺乏[情爱]。
    陀罗星对情爱与婚姻，是一颗阻逆星，常使情爱的过程出现挫折，不能顺心如意。</aiqingguan><jianyi>    陀罗星对情爱应该认真一点，多多去体会爱的感受，认清自己应追求着什么样的情爱，然后用心、耐心去追求，过程不应草率粗糙，加强一些温柔度。</jianyi><shihe>    陀罗星是很难有适当的对象，只有能够抓住陀罗星不定性的人，才能勉强配得来。
    陀罗星与优柔寡断型或刚硬型者，是最不配的；优柔寡断型者，易与陀罗星擦身而过，没有交集点；与刚硬型者，常会处处争执不合。</shihe><miaowang>    陀罗星如坐落于“庙旺”之地，阻逆及破坏力会降低(对事业前途的创取上，反而有转折力；对情爱面的影响，没什么助力)，对情爱的面对和处理方式，会比较稳重定性一些，但有一点的奸狡。</miaowang><ruoxian>    陀罗星如坐落于“平陷”之地，与情爱可以说是相当的无缘，只有伤害，没有恩爱；对情爱的面对和处理方式，常生是非挫折，落得情爱孤独飘零。</ruoxian></xingdi><xingdi id="24" name="火星爱情分析"><aiqingguan>    火星对情爱的表现，会以强悍的模式来前进。
    对情爱的面对及处理方式，具有冲动暴躁的特质，如同熊熊的烈火般，很容易激起情爱的火花，或者容易爱上对方，同时情爱的寿命也比较短，很容易快快草草的结束。是属于来得快、去得快，来则一阵激情，去则烟消云散的[西北雨]类型者。
    火星对情爱与婚姻，是一颗杀伤星，对情爱缺乏永恒的爱心与耐心。冲动、刚暴、自我、独断的特质，会造成情爱上的伤害；爱则死去活来，动则决裂、摊牌、拉倒、难留余地。也是一颗与情爱无缘的星宿，传统命学称为[生离死别]。</aiqingguan><jianyi>    火星是一颗冲杀刚暴的星宿，常会因此而断送情爱，所以最好的改善办法，仍须从自己独断专行、刚暴冲动的性格着手改进。至于缺乏情爱的制造与柔软特质，则可慢慢学习培养。</jianyi><shihe>    火星也没什么较恰当的对象，但是找较稳重内敛的对象会较好些。
    火星若碰见冲动型者，则易暴力相向；若碰见温柔体贴型者，也不会懂得如何去拥有。</shihe><miaowang>    火星如坐落于“庙旺”之地，杀伤力会降低(对事业前途的创取上，反而有冲动助力；对情爱面的影响，没什么助力)，对情爱的面对和处理方式，会比较稳重缓和一些，但仍带有阴险狡猾之性。</miaowang><ruoxian>    火星如坐落于“平陷”之地，与情爱可以说是完全的无缘，只有别离，没有厮守。</ruoxian></xingdi><xingdi id="25" name="铃星爱情分析"><aiqingguan>    铃星对情爱的表现，会以强悍的模式来前进。
    对情爱的面对及处理方式，具有冲动暴躁的特质，如同熊熊的烈火般，很容易激起情爱的火花，或者容易爱上对方，同时情爱的寿命也比较短，很容易快快草草的结束。是属于来得快、去得快，来则一阵激情，去则烟消云散的[西北雨]类型者。
    铃星对情爱与婚姻，是一颗杀伤星，对情爱缺乏永恒的爱心与耐心。冲动、刚暴、自我、独断的特质，会造成情爱上的伤害；爱则死去活来，动则决裂、摊牌、拉倒、难留余地。也是一颗与情爱无缘的星宿，传统命学称为[生离死别]。
    铃星与火星的性质几近相同，不同之处是因[铃星]乃为阴火之星宿，所以较有[阴性]，对情爱而言，较具有非伦理之手段性。但对情爱的杀伤力，是低于火星。</aiqingguan><jianyi>    铃星是一颗冲杀刚暴的星宿，常会因此而断送情爱，所以最好的改善办法，仍须从自己独断专行、刚暴冲动的性格着手改进。至于缺乏情爱的制造与柔软特质，则可慢慢学习培养。</jianyi><shihe>    铃星也没什么较恰当的对象，但是找较稳重内敛的对象会较好些。
    铃星若碰见冲动型者，则易暴力相向；若碰见温柔体贴型者，也不会懂得如何去拥有。</shihe><miaowang>    铃星如坐落于“庙旺”之地，杀伤力会降低(对事业前途的创取上，反而有冲动助力；对情爱面的影响，没什么助力)，对情爱的面对和处理方式，会比较稳重缓和一些，但仍带有阴险狡猾之性。</miaowang><ruoxian>    铃星如坐落于“平陷”之地，与情爱可以说是完全的无缘，只有别离，没有厮守。</ruoxian></xingdi><xingdi id="49" name="天刑星爱情分析"><aiqingguan>    天刑星对情爱的表现，会以强势的模式来前进。
    对情爱的面对及处理方式，具有直入的特质，不善于情爱的表达与迂回，是一颗缺乏情调的勇士星宿，常使情爱生硬。对情爱的发挥是有情有义、重情重义，但很难把此情此义，尽善的表现出来，显得有点笨拙、公式化。如果吃到情爱的闭门羹，就会将情爱停顿下来，前功尽弃；不然即会因非常刚直的性格，伤害到须要柔软的情爱。
    天刑星是一颗中性星，但对情爱与婚姻而言，则不是一颗助力星。在情爱上笨拙、直入、生硬、乏耐心、缺细心、少心思、不创新的现象，是情爱的最大致命伤。</aiqingguan><jianyi>    天刑星有情有义、重情重义，可惜的是不懂得如何尽善的挥洒情爱，去掌握情爱的动向与发展。只认为我为情爱去做了就对，而缺乏考虑到对方是否有所感受？对方所需要的是什么？或者怎么为对方而做，才会真正的博取对方的心。
    所以，天刑星应将富有情义的特质，以曲线、柔软、有感受、有情调的挥洒出来。</jianyi><shihe>    天刑星最适合的对象，是属于豪迈不拘小节型者，才能与天刑星直入的性格相称。
    天刑星如碰见喜好情爱乐趣之型者，是最不合的组合，因为天刑星最缺乏的是情爱的乐趣。</shihe><miaowang>    天刑星座落于“庙旺”之地，对情爱的面对和处理方式，会变的稍微有些情调，情爱方面也会柔和不少，并且能够发挥出应有的有情有义，重情重义的优点，这使得爱情上会有不少亮点。</miaowang><ruoxian>    星座落于“平陷”之地，对情爱的面对和处理方式，会变得更加缺乏对爱情的表达能力，并且缺乏情调，使爱情变得无不生硬，笨拙，公式化，这样的话很容易吃爱情的闭门羹。</ruoxian></xingdi><xingdi id="50" name="天姚星爱情分析"><aiqingguan>    天姚星对情爱的表现，会以主动大方陶醉的模式来前进。
    对情爱的面对及处理方式，具有享受情爱欲望的特质，缺乏思考理性，易因一见钟情的感觉，陷入情爱的漩涡中，所以易生情爱挫折或风波。对情爱充满着幻想喜欢浪漫的情调，同时也是一颗沉醉于情爱性爱的星宿；在情爱的发展上，往往是不成熟、不切实际的。富有感情，爱欲旺盛，行为作风大胆主动，敢爱敢恨，爱则牺牲奉献、很则入骨报复。
    天姚星对情爱与婚姻，是一颗动力星，但并非吉利之星。会有浪漫如火般的情爱，但也易生情爱的纠葛，结局多半是不理想的。</aiqingguan><jianyi>    天姚星是一颗骚星，情爱之欲如流水不绝，有缺乏理性。很容易错投情爱，或因一见钟情急速跌入情海的漩涡中，造成感情上的挫折。天姚星的丰富情爱之欲，是其优点，缺乏理性，是其缺点。所以，天姚星对情爱的挥洒上，若能多思考，理性一点，将可使情爱顺利如意，又能尽情的享受情爱乐趣。</jianyi><shihe>    天姚星较适合稳重理性的对象，则可稳住天姚星缺乏理性的情爱，才能相处长久。
    天姚星若与缺乏理性者相碰结合，多半是盲目的情爱，可使有激情，也是昙花一现。</shihe><miaowang>    天姚星座落于“庙旺”之地，对情爱的面对和处理方式，会显得更大方主动，并且会有些智慧，能够防止陷入情爱的漩涡中，由于天姚是桃花星，这也使得对情爱充满了浪漫的想法，富有感情，敢爱敢恨。</miaowang><ruoxian>    天姚星座落于“平陷”之地，对情爱的面对和处理方式，会让缺乏思考的理性更加暴露无遗，或陷入感情的漩涡中不可自拔，或情爱的风波和挫折接踵而至，或对感情的的发展很不成熟不切实际，如果极端的人可能会对失望的爱进行狠狠的报复。</ruoxian></xingdi><xingdi id="44" name="红鸾星爱情分析"><aiqingguan>    红鸾星对情爱的表现，会议人缘魅力的模式来前进。
    对情爱的面对及处理方式，具有风姿迷采的特质，相当有吸引异性的魅力，富有浪漫调情的专才，同时喜欢追求诗情画意、罗曼蒂克的情爱，让恋情多彩多姿，如醇酒搬的浓烈陶醉，是一颗相当典型的情爱星宿。
    红鸾星对情爱异性是一颗专门星座，在情爱上是心灵精神重于物质，往往会为情为爱舍弃或牺牲物质，但却是个情爱的享受者。若结束一段情爱，将会有另一段情爱接着来临，同时可能会有两份以上的情爱发展，可以说是一颗不缺情爱的星宿，但并不代表是一颗顺利于情爱发展的星宿(因为红鸾星属中性星，要看同宫之星宿，有否得助)。</aiqingguan><jianyi>    红鸾星是一颗易因爱恋或性欲，让自己的情爱迷失或跌倒，同时也易因情爱而不顾及物质。所以红鸾星在情爱上，应多一点理性、分析，应多重视一点现实问题。</jianyi><shihe>    红鸾星最适合的对象，是属于内外向、稳重轻佻偏中者，才能使红鸾星在情爱上更稳重、稳性一些，又不会无趣。
    红鸾星如碰见太内敛、太外向，都是不适合的组合，因为太内敛型者，将使红鸾星武曲；太外向型者，将使红鸾星活跃放性无度。</shihe><miaowang>    红鸾星座落于“庙旺”之地，对情爱的面对和处理方式，会更加浪漫富于情趣，对异性有着强烈的魅力，同时也会在注重心灵精神上的享受之外也能理智考虑到现实生活，对爱情的帮助非常的大。</miaowang><ruoxian>    红鸾星座落于“平陷”之地，对情爱的面对和处理方式，会变得比较流于空想，虽然不缺乏魅力，但是也摆脱不了俗气，在精神上太过于重视享受，不切实际，而且桃花多，是非也多。</ruoxian></xingdi><xingdi id="45" name="天喜星爱情分析"><aiqingguan>    天喜星对情爱的表现，会以乐观进取的模式来前进。
    对情爱的面对及处理方式，具有逍遥自在的特质，让情爱自然生活化，不喜受缚、受支配，喜欢自由自在有无拘束的情爱，感觉无压力有欢欢喜喜。</aiqingguan><jianyi>    天喜星是一颗喜庆、欢喜逍遥之星，对婚姻而言则是一颗助力星，对情爱则是无直接的助力。天喜星对情爱的看法会太过乐观，凡是欢喜就好，易受表面所掩饰，无法洞察剖析出情爱的真与假。
    所以，天喜星对情爱的看法或面对、处理方式，是不应该太过度的乐观，不宜将情爱看得太简单，才不会有情爱上的差错。</jianyi><shihe>    天喜星最适合的对象，是善于思考情爱而切实者，才能弥补天喜星的太乐观想法，让情爱更为务实一点。
    天喜星如碰见好高骛远或不切实际之型者，甚至自己还会手气影响，而随其好高骛远或不切实际。</shihe><miaowang>    天喜星座落于“庙旺”之地，对情爱的面对和处理方式，会以更加乐观进取的心态来进行，在生活上喜欢无拘无束，正是这种旷达的胸怀，才让情爱生活变的自然，无拘无束，宛若神仙。</miaowang><ruoxian>    天喜星座落于“平陷”之地，对情爱的面对和处理方式，会显得盲目乐观，虽然有无拘无束的自由，但是这种泛滥的自由也可能耽误了许多事情。</ruoxian></xingdi><xingdi id="15" name="天马星爱情分析"><aiqingguan>    天马星对情爱的表现，会以主动的模式来前进。
    对情爱的面对及处理方式，具有积极的特质，对喜欢的对象，会采取主动积极又努力的攻势，不怕困难的往前追求目标，是一颗相当有情爱追逐精神的星宿。具有制造激发情爱生动活泼的力量，让情爱多彩多姿、富有情调；喜欢热烈如火花般的情爱，尽情享受快感与刺激，让自己的生命更加有活力；所以，天马星对死气沉沉、不俱色彩的情爱，是毫无乐趣的。</aiqingguan><jianyi>    天马星喜好相当有活跃、刺激、快感的情爱，往往会因渴求的快感过度，而将情爱变成一种的玩乐，对自己的情爱之路，并非是有益助的情爱应有的意义。</jianyi><shihe>    天马星最适合的对象，是属于稳重大方型者，才能将天马星太活跃的特性，稳和一些。
    天马星如碰见太活跃、太外向、太好玩乐型者，是最不合的组合，因为两者会玩乐的没完没了。</shihe><miaowang>    天马星座落于“庙旺”之地，对情爱的面对和处理方式，会更加积极努力，会让誓言不仅仅只是停留在口头上，而是会身体力行，用行动来证明自己的爱。</miaowang><ruoxian>    天马星座落于“平陷”之地，对情爱的面对和处理方式，可能会有些忙于奔波，虽然很努力的付出，但是感情上的收获依然很有限，因为天马星动的个性，会让一切显得那么不稳定。</ruoxian></xingdi></root>