<?xml version="1.0" encoding="UTF-8"?>
<root><lucky id="0" name="子" wuxing="水" color="黑色" miaowangnum="6" levelnum="1" fruit="黑布林、核桃" direction="北" dressup="今天可以穿黑色系列的衣服，或者佩戴带点黑色的配件饰品，可以增加自身正能力，有开运的效果，同时可以增强事业运势，工作效率事半功倍！"/><lucky id="1" name="丑" wuxing="土" color="褐色" miaowangnum="5" levelnum="0" fruit="山竹，奇异果" direction="东北" dressup="今天可以穿褐色系列的衣服，或者佩戴带点褐色的配件饰品，可以增加自身正能力，有开运的效果，同时可以增强财运。"/><lucky id="2" name="寅" wuxing="木" color="深绿色" miaowangnum="8" levelnum="3" fruit="哈密瓜、枇杷、猕猴桃、龙眼" direction="东北" dressup="今天可以穿深绿色系列的衣服，或者佩戴带点深绿色的配件饰品，可以增加自身正能力，有开运的效果，同时可以促进人际关系，避免一些不必要的口舌之争。"/><lucky id="3" name="卯" wuxing="木" color="翠绿色" miaowangnum="8" levelnum="3" fruit="李子、香瓜、杨梅、黄瓜" direction="东" dressup="今天可以穿深绿色系列的衣服，或者佩戴带点深绿色的配件饰品，可以增加自身正能力，有开运的效果，同时可以招来贵人相助，遇到问题也能轻松解决。"/><lucky id="4" name="辰" wuxing="土" color="土黄色" miaowangnum="5" levelnum="0" fruit="菠萝、芒果" direction="东南" dressup="今天可以穿土黄色系列的衣服，或者佩戴带点土黄色的配件饰品，可以增加自身正能力，有开运的效果，同时可以增强财运，利于财富收入。"/><lucky id="5" name="巳" wuxing="火" color="暗红色、玫瑰红" miaowangnum="7" levelnum="2" fruit="草莓、樱桃、荔枝、番茄、石榴" direction="东南" dressup="今天可以穿暗红色、玫瑰红色系列的衣服，或者佩戴带点暗红色、玫瑰红的配件饰品，可以增加自身正能力，有开运的效果，提高自己的运势。"/><lucky id="6" name="午" wuxing="火" color="大红色" miaowangnum="7" levelnum="2" fruit="西瓜、火龙果" direction="南" dressup="今天可以穿大红色系列的衣服，或者佩戴带点大红色的配件饰品，可以增加自身正能力，有开运的效果，提高自己的运势。"/><lucky id="7" name="未" wuxing="土" color="橙色" miaowangnum="5" levelnum="0" fruit="橙子、橘子、 香蕉" direction="西南" dressup="今天可以穿橙色系列的衣服，或者佩戴带点橙色的配件饰品，可以增加自身正能力，有开运的效果，同时可以招来财气，增强财运。"/><lucky id="8" name="申" wuxing="金" color="白色" miaowangnum="9" levelnum="4" fruit="梨、苹果、水蜜桃" direction="西南" dressup="今天可以白色系列的衣服，或者佩戴带点白色的配件饰品，可以增加自身正能力，有开运的效果，同时可以增强您的财气，更有避免小人缠身的功用。"/><lucky id="9" name="酉" wuxing="金" color="金黄色" miaowangnum="9" levelnum="4" fruit="柠檬、柚子" direction="西" dressup="今天可以金黄色系列的衣服，或者佩戴带点金黄色的配件饰品，可以增加自身正能力，有开运的效果，同时可以加强您的桃花和人缘，让你充满魅力。"/><lucky id="10" name="戌" wuxing="土" color="灰色" miaowangnum="5" levelnum="0" fruit="榴莲、菠萝蜜" direction="西北" dressup="今天可以穿灰色系列的衣服，或者佩戴带点灰色的配件饰品，可以增加自身正能力，有开运的效果，同时可以增强财运，帮您斩掉烂桃花。"/><lucky id="11" name="亥" wuxing="水" color="蓝色" miaowangnum="6" levelnum="1" fruit="蓝莓、葡萄" direction="西北" dressup="今天可以穿蓝色系列的衣服，或者佩戴带点蓝色的配件饰品，可以增加自身正能力，增强事业运势，让你在商谈、工作沟通讲话时更有说服力，容易得到认可！"/></root>