<?xml version="1.0" encoding="UTF-8"?>
<root><xingdi id="3" name="武曲" tiangan="-1"><gong><item>武曲为财星，化科即代表财名光耀，可以在财经界发展事业，会财名双收。</item><item>武曲为财星，化科您的兄弟姐妹会财名光耀，可以在财经界发展事业，会财名双收。</item><item>夫妻互为贵人，配偶要面子，同时具有良好的判断力。</item><item>子女聪明，有声誉，同时具有良好的判断力。</item><item>您财名都会得利，事业上安稳能守。如果壮年后成就的事业，容易守住事业。</item><item>您会有贵人相助，灾病少，身体健康，纵有灾病，也会有贵人救解。</item><item>您的贵人在外，出外即可得助，宜向外发展。</item><item>您会得朋友相助，朋友多属斯文人、益友，而且自己会不会损害朋友。</item><item>您适合武职、金融界，在这些行业更容易名利双收。</item><item>您的家世清白、家教好。家中布置优美雅致，讲究家居之生活情调。</item><item>您心绪安定，生意也不易亏钱，享受不错，但有节制，量入为出。对于兴趣之事，会深入研究，有相当程度之见解。</item><item>您为人聪明、好学，得父母之疼爱与教化，父母是有文化人。</item></gong></xingdi><xingdi id="0" name="紫微" tiangan="-1"><gong><item>紫微化科入命，会贵人有贵人相助，就算遇到麻烦都能化解。</item><item>紫微化科，您的兄弟姐妹彼此互为贵人，遇到问题困难可以相互帮助，问题很快得到解决。</item><item>夫妻互为贵人，配偶对自己有助力，善于改善别人的缺点。</item><item>您会得生贵子。</item><item>您会得到贵人相助，事业上安稳能守，还会得贵人相助而得到发展。</item><item>您会有大贵人相助，身体健康，纵有灾病，也会有贵人救解。</item><item>您的贵人在外，出外即可得助，宜向外发展。</item><item>您会得朋友相助，朋友多属斯文人、益友，而且自己会不会损害朋友。</item><item>您适合做公职人员。如果自行创业，适合做与公家有关的生意。</item><item>您的家世清白、家教好，家庭布置高贵。</item><item>您心绪安定，生意也不易亏钱，享受不错，但有节制，量入为出。对于兴趣之事，会深入研究，有相当程度之见解。遇到麻烦也很快解决。</item><item>您为人聪明、好学，得父母之疼爱与教化。父母是有文化人，极可能是公职人员。</item></gong></xingdi><xingdi id="17" name="文昌" tiangan="-1"><gong><item>文昌为文星，化科亦代表文，您会才学佳、智慧高、有才名，多才多艺。而且会有贵人相助，遇到麻烦也会很快解决。</item><item>文昌为文星，化科亦代表文，所以您的兄弟姐妹会才学佳、智慧高、有才名，多才多艺。遇到问题也会有贵人相助，很快解决问题。</item><item>夫妻互为贵人，配偶对自己帮助大，善于改善别人的缺点。</item><item>子女才学佳、智慧高、有才名，多才多艺。</item><item>您交易常有分期付款的情形，认真点还是会平稳妥当的。</item><item>您会有贵人相助，灾病少，身体健康，纵有灾病，也会有贵人救解。</item><item>您的贵人在外，出外即可得助，宜向外发展。</item><item>您会得朋友相助，朋友多属斯文人、益友，而且自己会不会损害朋友。</item><item>您适合走学术路线，在这行业您会有创见、有声望。</item><item>您家世清白、家教好。可能会分期付款买的房子，而且还有变更名义之情事，如建造人非为本人，注意付款后才过户。</item><item>您心绪安定，生意也不易亏钱，享受不错，但有节制，量入为出。对于兴趣之事，会深入研究，有相当程度之见解。</item><item>您为人聪明、好学，得父母之疼爱与教化，父母是有文化人。</item></gong></xingdi><xingdi id="1" name="天机" tiangan="-1"><gong><item>您有智慧，聪明善动脑筋，可以成为企划高手。外表很斯文，但头脑灵活得很。</item><item>您的兄弟姐妹有智慧，聪明善动脑筋，可以成为企划高手。外表很斯文，但头脑灵活得很。</item><item>夫妻互为贵人，配偶有智慧，聪明善动脑筋，可以成为企划高手。人之外表很斯文，但头脑灵活得很。</item><item>您的子女聪明。本人可动脑筋于教育工作上，这范围广，不一定是教师，当教练或是命理老师。</item><item>您适和做数钞票、计算帐目的工作，如会计师、会计、出纳等工作。在手中流动的钱财甚多，适于处理流动资金。</item><item>您会有贵人相助，灾病少，身体健康，纵有灾病，也会有贵人救解。\n您会喜宗教、阴阳学、哲学。</item><item>您的贵人在外，出外即可得助，宜向外发展。</item><item>您会得朋友相助，朋友多属斯文人、益友，而且自己会不会损害朋友。</item><item>您善于筹划事业，点子多，可作卖脑筋的工作，对考试、升迁有利。</item><item>您的家世清白、家教好，常发心思在家庭布置上。</item><item>您心绪安定，生意也不易亏钱，享受不错，但有节制，量入为出。思想灵活，喜欢变通，热衷哲学、阴阳学。</item><item>您为人聪明、好学，得兄弟姐妹之疼爱与教化。因天机是兄弟代表，不代表父母。</item></gong></xingdi><xingdi id="19" name="右弼" tiangan="-1"><gong><item>您会有贵人相助，右弼的贵人，都是暗贵人，暗中协助，遇到麻烦也会很快解决。\n您也会聪明机智，右弼属水，属水的星曜大多聪明，善思考，善筹划。</item><item>您和兄弟姐妹互为贵人，右弼的贵人，都是暗贵人，暗中协助，遇到麻烦也会很快解决。\n兄弟姐妹聪明机智，右弼属水，属水的星曜大多聪明，善思考，善筹划。</item><item>夫妻互为贵人，右弼的贵人，都是暗贵人，暗中协助的。遇到困能也会很快解决。\n代表配偶机智，右弼属水，属水的星曜大多聪明，善思考，善筹划。</item><item>子女机智，右弼属水，属水的星曜大多聪明，善思考，善筹划。\n男性还会是桃花风情万种人，小老婆很风雅或打扮漂亮。</item><item>您会得贵人间接相助，在获利、借贷上，能达成目的。</item><item>您会有贵人相助，灾病少，身体健康，纵有灾病，也会有贵人救解。</item><item>您的贵人在外，出外即可得助，宜向外发展。</item><item>您会得朋友相助，朋友多属斯文人、益友，而且自己会不会损害朋友。</item><item>您在事业上获得帮助较多，容易成功。</item><item>您的家世清白、家教好。家中布置优美雅致，讲究家居之生活情调。可能居家附近有学校。</item><item>您心绪安定，生意也不易亏钱，享受不错，但有节制，量入为出。对于兴趣之事，会深入研究，有相当程度之见解。</item><item>您为人聪明、好学，得父母之疼爱与教化，父母是有文化人。</item></gong></xingdi><xingdi id="11" name="天梁" tiangan="-1"><gong><item>你适合研究技术及理论的层面，无论文、史、哲、医、药等都可以，可以有突破性的见解。\n口才知识面广，说话能让别人深信无疑。\n论人缘，您的人缘极佳，得父母关爱，长辈照顾辅助。</item><item>兄弟姐妹适合研究技术及理论的层面，无论文、史、哲、医、药等都可以，可以有突破性的见解。\n口才知识面广，说话能让别人深信无疑。\n论人缘，兄弟姐妹的人缘极佳，得父母关爱，长辈照顾辅助。</item><item>夫妻互为贵人，配偶有贵气，智慧，领悟力强。</item><item>子女有贵气，智慧，领悟力强。</item><item>您应该要多所赠予，无论你送人，或人送你，属不劳而获或济助他人。</item><item>您会有贵人相助，灾病少，身体健康，纵有灾病，也会有贵人救解。</item><item>您的贵人在外，出外即可得助，宜向外发展。</item><item>您会得朋友相助，朋友多属斯文人、益友，而且自己会不会损害朋友。</item><item>您声名较好，适合走文职路线，在文职上容易获得成功。</item><item>您的家世清白、家教好。家中布置优美雅致，讲究家居之生活情调。</item><item>您的心绪安定，生意也不易亏钱，享受不错，但有节制，量入为出。多长辈辅助支持，有年长者的缘份。</item><item>您为人聪明、好学，得父母之疼爱与教化，父母是有文化人。</item></gong></xingdi><xingdi id="7" name="太阴(庚干)" tiangan="6"><gong><item>您可能因为女人而出名。喜欢打扮得相当秀气；男性不太适合，脂粉气太重。\n喜欢暗地里做事，比如存私房钱，或从事中间人赚取不用报帐的佣金等。</item><item>您会得到得到姐妹帮助而成功，姐妹较华贵。</item><item>夫妻互为贵人，配偶有文艺修养，气质闲雅，得到帮助容易成功。</item><item>子女有文艺修养，气质闲雅，得到帮助容易成功。\n本人也喜暗藏私房钱，以及暗中给子女钱财。</item><item>您会因女人得财，太阴旺守为富足，失辉则够用而已。常有小笔的暗财进来，不列帐的。</item><item>您会有贵人相助，灾病少，身体健康，风度佳，心地善良。纵有灾病，定有贵人救解。</item><item>您的贵人在外，出外即可得助，宜向外发展。\n您还喜欢存私房钱，不容易被发现或配偶比较不会在意，老年有财可享。</item><item>您会得朋友相助，朋友多属斯文人、益友，而且自己会不会损害朋友。</item><item>您善于理财，但不一定喜欢理财。配偶也会喜欢藏私房钱。</item><item>您家世清白、家教好，喜欢微弱之灯光，讲究情调。可能居家附近有学校。\n也有可能暗中借用他人名字购屋之情事。</item><item>您心绪安定，生意也不易亏钱，享受不错，但有节制，量入为出。对于兴趣之事，会深入研究，有相当程度之见解。</item><item>您为人聪明、好学，得父母之疼爱与教化，父母是有文化人。</item></gong></xingdi><xingdi id="16" name="文曲" tiangan="-1"><gong><item>您才学佳、智慧高、有才名，多才多艺。遇到麻烦也会有贵人帮助，很快解决问题。</item><item>兄弟姐妹才学佳、智慧高、有才名，多才多艺。遇到麻烦也会有贵人帮助，很快解决问题。</item><item>夫妻互为贵人，配偶才学佳、智慧高、有才名，多才多艺。</item><item>子女才学佳、智慧高、有才名，多才多艺。</item><item>您交易常有分期付款的情形，认真点还是会平稳妥当的。</item><item>您会有贵人相助，灾病少，身体健康，纵有灾病，也会有贵人救解。</item><item>您的贵人在外，出外即可得助，宜向外发展。</item><item>您会得朋友相助，朋友多属斯文人、益友，而且自己会不会损害朋友。</item><item>您适合走学术路线，在这行业您会有创见、有声望。</item><item>您家世清白、家教好。可能会分期付款买的房子，而且还有变更名义之情事，如建造人非为本人，注意付款后才过户。</item><item>您心绪安定，生意也不易亏钱，享受不错，但有节制，量入为出。对于兴趣之事，会深入研究，有相当程度之见解。</item><item>您为人聪明、好学，得父母之疼爱与教化，父母是有文化人。</item></gong></xingdi><xingdi id="18" name="左辅" tiangan="-1"><gong><item>您会有贵人。左辅的贵人为明贵，明的帮忙，直接扶助。遇到麻烦也会很快解决。\n您稳动、圆巧、风流、随和，容易结交朋友。</item><item>您和兄弟姐妹互为贵人。左辅的贵人为明贵，明的帮忙，直接扶助。遇到麻烦也会很快解决。\n兄弟姐妹稳动、圆巧、风流、随和，容易结交朋友。</item><item>夫妻互为贵人，左弼的贵人，都是明贵人，直接协助的。遇到问题也会和快解决。\n配偶稳动、圆巧、风流、随和，容易结交朋友。</item><item>子女机智，右弼属水，属水的星曜大多聪明，善思考，善筹划。\n男性还会是桃花风情万种人，小老婆很风雅或打扮漂亮。</item><item>您会得贵人间接相助，在获利、借贷上，能达成目的。</item><item>您会有贵人相助，灾病少，身体健康，纵有灾病，也会有贵人救解。</item><item>您的贵人在外，出外即可得助，宜向外发展。</item><item>您会得朋友相助，朋友多属斯文人、益友，而且自己会不会损害朋友。</item><item>您在事业上获得帮助较多，容易成功。</item><item>您的家世清白、家教好。家中布置优美雅致，讲究家居之生活情调。可能居家附近有学校。</item><item>您心绪安定，生意也不易亏钱，享受不错，但有节制，量入为出。对于兴趣之事，会深入研究，有相当程度之见解。</item><item>您为人聪明、好学，得父母之疼爱与教化，父母是有文化人。</item></gong></xingdi><xingdi id="7" name="太阴(癸干)" tiangan="9"><gong><item>您可能因为女人而出名。喜欢打扮得相当秀气；男性不太适合，脂粉气太重。\n喜欢暗地里做事，比如存私房钱，或从事中间人赚取不用报帐的佣金等。</item><item>您会得到姐妹帮助而成功，姐妹相当艳丽。</item><item>夫妻互为贵人，配偶有文艺修养，气质闲雅，得到帮助容易成功。</item><item>子女有文艺修养，气质闲雅，得到帮助容易成功。\n本人也喜暗藏私房钱，以及暗中给子女钱财。</item><item>您会因女人得财，太阴旺守为富足，失辉则够用而已。常有小笔的暗财进来，不列帐的。</item><item>您会有贵人相助，灾病少，身体健康，风度佳，心地善良。纵有灾病，定有贵人救解。</item><item>您的贵人在外，出外即可得助，宜向外发展。\n您还喜欢存私房钱，不容易被发现或配偶比较不会在意，老年有财可享。</item><item>您会得朋友相助，朋友多属斯文人、益友，而且自己会不会损害朋友。</item><item>您善于理财，但不一定喜欢理财。配偶也会喜欢藏私房钱。</item><item>您家世清白、家教好，喜欢微弱之灯光，讲究情调。可能居家附近有学校。\n也有可能暗中借用他人名字购屋之情事。</item><item>您心绪安定，生意也不易亏钱，享受不错，但有节制，量入为出。对于兴趣之事，会深入研究，有相当程度之见解。</item><item>您为人聪明、好学，得父母之疼爱与教化，父母是有文化人。</item></gong></xingdi></root>