<?xml version="1.0" encoding="UTF-8"?>
<root>
	<dashijianyi id="0" name="紫微星">修心对于您来说非常重要，面对工作压力和环境的影响，需要及时调整心态，勇敢面对挑战。
	</dashijianyi>
	<dashijianyi id="1" name="天机星">神经过敏的您要学会控制自己的情绪，对人对事要注意合理处理，要学会宽容。
	</dashijianyi>
	<dashijianyi id="2" name="太阳星">您应该要学会控制自己的情绪，切忌心浮气躁，多点耐心将会为您带来更多好处。
	</dashijianyi>
	<dashijianyi id="3" name="武曲星">您倔强固执的脾气要收敛一下，为人处事过于倔强并一定是件好事，读一些社交礼仪和沟通技巧的书籍将会对您很有帮助。
	</dashijianyi>
	<dashijianyi id="4" name="天同星">做惯老好人的您缺乏主见，容易逆来顺受，您需要认真思考自身利益情况，做事要理性果断。
	</dashijianyi>
	<dashijianyi id="5" name="廉贞星">您需要控制好自己的情绪，修心养性，自己遇到问题可以多与朋友交流，拓展自己的思路。
	</dashijianyi>
	<dashijianyi id="6" name="天府星">您其实优点很多，可能问题在于遇到问题会随遇而安，大事化小，也许这并不算什么大问题，只是这样的性格会不会让您失去利益或者争取不到本应该属于您的东西，这就值得您去反思了。
	</dashijianyi>
	<dashijianyi id="7" name="太阴星">您有点多愁善感，遇到问题会逃避现实，多多加强自己的决策能力，其实您是有想法有主见的人，为什么不让自己的想法付诸行动呢？
	</dashijianyi>
	<dashijianyi id="8" name="贪狼星">您需要收心养性，加强对于事物的研究力度，懂得的事物多固然是好，但精通事物，对其有深刻的认识和见解更为重要。
	</dashijianyi>
	<dashijianyi id="9" name="巨门星">您最大问题是不懂交际，建议看看社交技巧和沟通技巧的书，相信对您会有帮助。
	</dashijianyi>
	<dashijianyi id="10" name="天相星">您需要加强自己的判断能力和心性，学会看人看事，有些时候并不是好人就能让您一切顺利，过于善良有的时候会苦了自己。
	</dashijianyi>
	<dashijianyi id="11" name="天梁星">对您来说固执的牛脾气要改一下，坚持是好的，但过于坚持就不是好事，您分析能力是可以的，知道自己错误的时候要放下您的面子，承认错误需要更大的勇气。
	</dashijianyi>
	<dashijianyi id="12" name="七杀星">您在情绪控制上就要下点功夫，克制自己的臭脾气，待人真诚热情一点，这对于您做人做事都会有很大的帮助。
	</dashijianyi>
	<dashijianyi id="13" name="破军星">您需要好好控制自己的情绪，做事需要思前想后，要处理好人际关系，毕竟自己能力再强也需要交友合作。
	</dashijianyi>
	<dashijianyi id="0#13" name="紫微星+破军星">对于您来说缺乏交友意识和团队意识。可能你会觉得自己能力够强就不需要朋友和团队合作，但没有知心朋友和团队合作，您将会获得非常累，是时候放低姿态去学习一下如何交朋友了。
	</dashijianyi>
	<dashijianyi id="0#6" name="紫微星+天府星">建议您放下您那高高在上的优越感，读一些关于沟通技巧的书，这将会很好地改善您的社交能力，对您工作生活都会有帮助。
	</dashijianyi>
	<dashijianyi id="0#8" name="紫微星+贪狼星">收心养性对于您来说非常重要，面对工作压力和环境的影响，需要及时调整心态，勇敢面对挑战。还需要加强对于事物的研究力度，懂得的事物多固然是好，但精通事物，对其有深刻的认识和见解更为重要。
	</dashijianyi>
	<dashijianyi id="0#10" name="紫微星+天相星">您需要好好改一下您的脾气，多读一些社交和沟通技巧的书，这将会对您工作和生活都有好处。
	</dashijianyi>
	<dashijianyi id="0#12" name="紫微星+七杀星">您其实能力很强，但是我行我素并不是好事，需要加强社交礼仪方面的知识，这对于您工作和生活都会有帮助。
	</dashijianyi>
	<dashijianyi id="1#7" name="天机星+太阴星">您需要修心养性，调整自己的情绪，如果工作上有什么想法或见解可以勇敢说出来，发挥您思维活跃的优点对您工作上会有帮助。
	</dashijianyi>
	<dashijianyi id="1#9" name="天机星+巨门星">您需要加强沟通能力，读一些沟通技巧的书，多与人交流，表达能力需要好好锻炼一下，交友要敞开心扉，这样才能交到知心好友。
	</dashijianyi>
	<dashijianyi id="1#11" name="天机星+天梁星">心机重和耐性不够是您的缺点，心机重其实是因为您看待事物太利益化，不肯吃亏，至于耐性不足您可以尝试坚持做一些您感兴趣的事，提高对事物的专注力。
	</dashijianyi>
	<dashijianyi id="2#7" name="太阳星+太阴星">您需要调节您的情绪，对于日常处理的事物要多做总结经验，这对于控制情绪和处理事物都会有帮助。别太在乎别人的看法和自己面子，行动往往是改变别人对您观感的最好办法。
	</dashijianyi>
	<dashijianyi id="2#9" name="太阳星+巨门星">您需要加强沟通能力，多读一些社交礼仪和沟通技巧的书会对您有帮助。做事作为不能只考虑得失，目光要放远一点。
	</dashijianyi>
	<dashijianyi id="2#11" name="太阳星+天梁星">您的缺点是个性急躁，喜欢耍大牌，需要控制好自己的急躁性格，不让这会对您事业和生活都会造成很大的麻烦。
	</dashijianyi>
	<dashijianyi id="3#12" name="武曲星+七杀星">您的缺点是固执不知变通、鲁莽急躁，需要控制好自己的急躁性格，多事多思前想后，相信您的事业和生活都会变得更加顺利。
	</dashijianyi>
	<dashijianyi id="3#10" name="武曲星+天相星">过份爱财和过于挑剔这些缺点您是需要改的，利益最大化固然重要，但也需要细水长流，这次合作的小让步可能就是下次合作的开始，需要用发展的眼光去看世界。
	</dashijianyi>
	<dashijianyi id="3#13" name="武曲星+破军星">您需要多多磨练自己，遭遇挫折多了自然会提升自己的个人能力，轻松处理各种问题。
	</dashijianyi>
	<dashijianyi id="3#6" name="武曲星+天府星">您需要改改固执霸道、急功近利的臭脾气，只要不过于急功近利，相信绝对是位大将之才，能功成名就的。
	</dashijianyi>
	<dashijianyi id="3#8" name="武曲星+贪狼星">您需要培养一下说话的技巧，增强团队合作意识，总结失败经验，这将会令您在未来的事业道路总得更远。
	</dashijianyi>
	<dashijianyi id="4#9" name="天同星+巨门星">您要控制好情绪多变的老毛病，保持清醒的头脑，这对于您来说非常重要。
	</dashijianyi>
	<dashijianyi id="4#11" name="天同星+天梁星">您开创力不足，缺少冲劲。请给自己人生作完善的规划，设置短期内要实现的目标并努力完成目标，给自己人生加点动力。
	</dashijianyi>
	<dashijianyi id="4#7" name="天同星+太阴星">情绪化又缺乏冲力的您需要控制好自己的情绪，保持清醒的头脑才能更好处理问题。同时请给自己人生作完善的规划，设置短期内要实现的目标并努力完成目标，给自己人生加点动力。
	</dashijianyi>
	<dashijianyi id="5#6" name="廉贞星+天府星">您需要保持清醒的头脑去处理问题，多度一些社交礼仪和沟通技巧的书籍，可以提高您的处事能力。
	</dashijianyi>
	<dashijianyi id="5#8" name="廉贞星+贪狼星">您需要好好增强情绪控制能力和自制力，找个对象安安稳稳过日子吧，沉迷酒色财气伤身体，能少就少吧。
	</dashijianyi>
	<dashijianyi id="5#10" name="廉贞星+天相星">您生性多疑和喜欢走捷径会对的事业有阻碍，多考虑是好的，但多疑就过了，会给同事朋友带来很大的困扰。走捷径虽然快，但是基础打得不牢固很容易会出无法应付的大问题。您是个聪明人，相信您会懂得如何去改变。
	</dashijianyi>
	<dashijianyi id="5#12" name="廉贞星+七杀星">你需要保持清醒的头脑来处理问题，别用个人主义去批判事物的好坏。好需要多度沟通技巧的书，增强交际能力，这对您生活和工作都会有帮助。
	</dashijianyi>
	<dashijianyi id="5#13" name="廉贞星+破军星">霸道善变又自我主义的您需要改改自己的臭脾气，用理性的眼光去看待事物，还要多关心呵护伴侣，感情专一很重要。
	</dashijianyi>
</root>