<?xml version="1.0" encoding="UTF-8"?>
<root>
	<dashizhenyan id="0" name="紫微">
		<dizhi id="0">
			<content id="1">为人热情开朗，人际关系活跃，广交权贵之友，朋友及下属较忠诚，有才干，有帮助。/n或成百官朝拱者，朋友、部下虽忠诚，但其贵气成就或威势比自己强，即使得助亦易使自己较无颜面，自己反而可能会成为拍马奉迎、势利短见之人。
			</content>
			<content id="2">人缘较差，部下较顽劣无义，不但无助，反有害处，易被朋友及下属欺骗。/n或自己易因友破财，或招怨恨，反恩成仇，且遇事易暗中溜开逃跑；易为朋友硬出头，招纠纷麻烦。
			</content>
		</dizhi>
		<dizhi id="1">
			<content id="1">老板兼打工，多辛劳奔波，作事难遂，亦有奴欺主之嫌。/n朋友部属较寡情薄义，虽能得年少者从暗中帮助，但关系并不能长久维持，得力者另立山头，或先坏后好，易因友破财。
			</content>
			<content id="2">老板兼打工，多辛劳奔波，作事难遂，亦有奴欺主之嫌。/n朋友部属较寡情薄义，得力者另立山头，或先坏后好，易因友破财，易因朋友或下属惹灾祸。/n或易遭受事业失败，或易遭部下反叛，受部下威胁。
			</content>
		</dizhi>
		<dizhi id="2">
			<content id="1">老板兼打工，多辛劳奔波，作事难遂，亦有奴欺主之嫌。/n与权贵富翁来往较多，朋友较诚实得力，较易得到年少者得拥护。/n但易与合作伙伴意见不一致，部下则威权太大，易凌驾于自己之上。
			</content>
			<content id="2">老板兼打工，多辛劳奔波，作事难遂，亦有奴欺主之嫌。/n与权贵富翁来往较多，朋友较诚实得力，较易得到年少者得拥护。/n但易与合作伙伴意见不一致，且会有较多纷争，易招怨，受欺凌侵呑而受损害。
			</content>
		</dizhi>
		<dizhi id="3">
			<content id="1">老板兼打工，多辛劳奔波，作事难遂，亦有奴欺主之嫌。/n自己朋友部下较多，交际较广，但多为酒色财气者。/n能得他人帮助得助，但合作关系持续时间较短。
			</content>
			<content id="2">老板兼打工，多辛劳奔波，作事难遂，亦有奴欺主之嫌。/n自己朋友部下较多，交际较广，但多为酒色财气者。/n或易与下属相恋而引起感情麻烦，易引起纠纷招怨，或易被朋友拖累或相害而造成财产损失。
			</content>
		</dizhi>
		<dizhi id="4">
			<content id="1">老板兼打工，多辛劳奔波，作事难遂，亦有奴欺主之嫌。/n朋友部下较有才能，能得到他们的帮助，易得年少的朋友部下拥护。/n但朋友、部下威权较大，才能和贵气成就比自己强，虽能从中得益但却显的自己形单势薄。
			</content>
			<content id="2">老板兼打工，多辛劳奔波，作事难遂，亦有奴欺主之嫌。/n朋友部下较有才能，能得到他们的帮助，易得年少的朋友部下拥护。/n但易因朋友不义而使自己易受损害招祸，或易因朋友部下拖累而招致破财或灾祸。
			</content>
		</dizhi>
		<dizhi id="5">
			<content id="1">老板兼打工，多辛劳奔波，作事难遂，亦有奴欺主之嫌。/n人际交往关系较差，或部下太过强势，难服从管理，易发生叛逆，而使自身受损。
			</content>
			<content id="2">老板兼打工，多辛劳奔波，作事难遂，亦有奴欺主之嫌。/n人际交往关系较差，或部下太过强势，难服从管理，易发生叛逆，而使自身受损。/n易引起纠纷争斗，或易因朋友部下心术不正而受祸害。
			</content>
		</dizhi>
		<dizhi id="6">
			<content id="1">为人热情开朗，人际关系活跃，广交权贵之友，朋友及下属较忠诚，有才干，有帮助。/n或成百官朝拱者，朋友、部下虽忠诚，但其贵气成就或威势比自己强，即使得助亦易使自己较无颜面，自己反而可能会成为拍马奉迎、势利短见之人。
			</content>
			<content id="2">人缘较差，部下较顽劣无义，不但无助，反有害处，易被朋友及下属欺骗。/n或自己易因友破财，或招怨恨，反恩成仇，且遇事易暗中溜开逃跑；易为朋友硬出头，招纠纷麻烦。
			</content>
		</dizhi>
		<dizhi id="7">
			<content id="1">老板兼打工，多辛劳奔波，作事难遂，亦有奴欺主之嫌。/n朋友部属较寡情薄义，虽能得年少者从暗中帮助，但关系并不能长久维持，得力者另立山头，或先坏后好，易因友破财。
			</content>
			<content id="2">老板兼打工，多辛劳奔波，作事难遂，亦有奴欺主之嫌。/n朋友部属较寡情薄义，得力者另立山头，或先坏后好，易因友破财，易因朋友或下属惹灾祸。/n或易遭受事业失败，或易遭部下反叛，受部下威胁。
			</content>
		</dizhi>
		<dizhi id="8">
			<content id="1">老板兼打工，多辛劳奔波，作事难遂，亦有奴欺主之嫌。/n与权贵富翁来往较多，朋友较诚实得力，较易得到年少者得拥护。/n但易与合作伙伴意见不一致，部下则威权太大，易凌驾于自己之上。
			</content>
			<content id="2">老板兼打工，多辛劳奔波，作事难遂，亦有奴欺主之嫌。/n与权贵富翁来往较多，朋友较诚实得力，较易得到年少者得拥护。/n但易与合作伙伴意见不一致，且会有较多纷争，易招怨，受欺凌侵呑而受损害。
			</content>
		</dizhi>
		<dizhi id="9">
			<content id="1">老板兼打工，多辛劳奔波，作事难遂，亦有奴欺主之嫌。/n自己朋友部下较多，交际较广，但多为酒色财气者。/n能得他人帮助得助，但合作关系持续时间较短。
			</content>
			<content id="2">老板兼打工，多辛劳奔波，作事难遂，亦有奴欺主之嫌。/n自己朋友部下较多，交际较广，但多为酒色财气者。/n或易与下属相恋而引起感情麻烦，易引起纠纷招怨，或易被朋友拖累或相害而造成财产损失。
			</content>
		</dizhi>
		<dizhi id="10">
			<content id="1">老板兼打工，多辛劳奔波，作事难遂，亦有奴欺主之嫌。/n朋友部下较有才能，能得到他们的帮助，易得年少的朋友部下拥护。/n但朋友、部下威权较大，才能和贵气成就比自己强，虽能从中得益但却显的自己形单势薄。
			</content>
			<content id="2">老板兼打工，多辛劳奔波，作事难遂，亦有奴欺主之嫌。/n朋友部下较有才能，能得到他们的帮助，易得年少的朋友部下拥护。/n但易因朋友不义而使自己易受损害招祸，或易因朋友部下拖累而招致破财或灾祸。
			</content>
		</dizhi>
		<dizhi id="11">
			<content id="1">老板兼打工，多辛劳奔波，作事难遂，亦有奴欺主之嫌。/n人际交往关系较差，或部下太过强势，难服从管理，易发生叛逆，而使自身受损。
			</content>
			<content id="2">老板兼打工，多辛劳奔波，作事难遂，亦有奴欺主之嫌。/n人际交往关系较差，或部下太过强势，难服从管理，易发生叛逆，而使自身受损。/n易引起纠纷争斗，或易因朋友部下心术不正而受祸害。
			</content>
		</dizhi>
	</dashizhenyan>
	<dashizhenyan id="1" name="天机">
		<dizhi id="0">
			<content id="1">能结识各阶层的朋友，朋友部下多是有才华机谋、专业技艺者，朋友、部下众多且得力，有帮助，且相处亦能长久。
			</content>
			<content id="2">能结识各阶层的朋友，朋友部下多是有才华机谋、专业技艺者，朋友、部下较多，但易互相交恶，相处较为短暂，难以得到帮助。
			</content>
		</dizhi>
		<dizhi id="1">
			<content id="1">交友圈较广，能结识各阶层的朋友，但多为泛泛之交，知心朋友较少。/n朋友部下有较多的才华计谋，但获得的帮助较少。/n或易与朋友发生争执不和，招怨恨。
			</content>
			<content id="2">交友圈较广，能结识各阶层的朋友，但多为泛泛之交，知心朋友较少。/n朋友部下有较多的才华计谋，但易反遭算计谋害。/n自身易与他人产生纠纷是非，成事不足，败事有余，易受拖累或受害。
			</content>
		</dizhi>
		<dizhi id="2">
			<content id="1">朋友或部下虽多，但大多为平庸之辈，且关系较不稳定，虽能得到帮助但帮助不大，较难深交和重用。
			</content>
			<content id="2">朋友或部下虽多，但大多为平庸之辈，且关系较不稳定，得益较少，且易阳奉阴违，招怨恨，易被朋友部下算计。
			</content>
		</dizhi>
		<dizhi id="3">
			<content id="1">朋友圈较广，但多为泛泛之交。/n能结识各阶层的朋友，朋友部下多是有才华机谋、专业技艺者。/n多浮滑不实，口是心非；交友始善终恶，虽能得朋友帮助，但较短暂。
			</content>
			<content id="2">朋友圈较广，但多为泛泛之交。/n能结识各阶层的朋友，朋友部下多是有才华机谋、专业技艺者。/n多浮滑不实，口是心非；交友始善终恶，或有较多的纠纷，易受朋友拖累或侵呑财物而破耗。
			</content>
		</dizhi>
		<dizhi id="4">
			<content id="1">朋友较多但较少真心朋友，相处时间较难持久，经常调换朋友和部下，且其中有得力者，尤其较易得年长可靠的朋友部下助力，有帮助能持久。
			</content>
			<content id="2">朋友较多但较少真心朋友，相处时间较难持久，经常调换朋友和部下，且其中有得力者，尤其较易得年长可靠的朋友部下助力。/n但易因纠纷、背弃而受损失，重则被剥削侵夺、阴谋陷害。
			</content>
		</dizhi>
		<dizhi id="5">
			<content id="1">交友圈较广，能结识各阶层的朋友，但多为泛泛之交，知心朋友较少。/n朋友部下有较多的才华计谋，但获得的帮助较少。/n或易与朋友发生争执不和，招怨恨。
			</content>
			<content id="2">交友圈较广，能结识各阶层的朋友，但多为泛泛之交，知心朋友较少。/n朋友部下有较多的才华计谋，但易反遭算计谋害。/n自身易与他人产生纠纷是非，成事不足，败事有余，易受拖累或受害。
			</content>
		</dizhi>
		<dizhi id="6">
			<content id="1">能结识各阶层的朋友，朋友部下多是有才华机谋、专业技艺者，朋友、部下众多且得力，有帮助，且相处亦能长久。
			</content>
			<content id="2">能结识各阶层的朋友，朋友部下多是有才华机谋、专业技艺者，朋友、部下较多，但易互相交恶，相处较为短暂，难以得到帮助。
			</content>
		</dizhi>
		<dizhi id="7">
			<content id="1">交友圈较广，能结识各阶层的朋友，但多为泛泛之交，知心朋友较少。/n朋友部下有较多的才华计谋，但获得的帮助较少。/n或易与朋友发生争执不和，招怨恨。
			</content>
			<content id="2">交友圈较广，能结识各阶层的朋友，但多为泛泛之交，知心朋友较少。/n朋友部下有较多的才华计谋，但易反遭算计谋害。/n自身易与他人产生纠纷是非，成事不足，败事有余，易受拖累或受害。
			</content>
		</dizhi>
		<dizhi id="8">
			<content id="1">朋友或部下虽多，但大多为平庸之辈，且关系较不稳定，虽能得到帮助但帮助不大，较难深交和重用。
			</content>
			<content id="2">朋友或部下虽多，但大多为平庸之辈，且关系较不稳定，得益较少，且易阳奉阴违，招怨恨，易被朋友部下算计。
			</content>
		</dizhi>
		<dizhi id="9">
			<content id="1">朋友圈较广，但多为泛泛之交。/n能结识各阶层的朋友，朋友部下多是有才华机谋、专业技艺者。/n多浮滑不实，口是心非；交友始善终恶，虽能得朋友帮助，但较短暂。
			</content>
			<content id="2">朋友圈较广，但多为泛泛之交。/n能结识各阶层的朋友，朋友部下多是有才华机谋、专业技艺者。/n多浮滑不实，口是心非；交友始善终恶，或有较多的纠纷，易受朋友拖累或侵呑财物而破耗。
			</content>
		</dizhi>
		<dizhi id="10">
			<content id="1">朋友较多但较少真心朋友，相处时间较难持久，经常调换朋友和部下，且其中有得力者，尤其较易得年长可靠的朋友部下助力，有帮助能持久。
			</content>
			<content id="2">朋友较多但较少真心朋友，相处时间较难持久，经常调换朋友和部下，且其中有得力者，尤其较易得年长可靠的朋友部下助力。/n但易因纠纷、背弃而受损失，重则被剥削侵夺、阴谋陷害。
			</content>
		</dizhi>
		<dizhi id="11">
			<content id="1">交友圈较广，能结识各阶层的朋友，但多为泛泛之交，知心朋友较少。/n朋友部下有较多的才华计谋，但获得的帮助较少。/n或易与朋友发生争执不和，招怨恨。
			</content>
			<content id="2">交友圈较广，能结识各阶层的朋友，但多为泛泛之交，知心朋友较少。/n朋友部下有较多的才华计谋，但易反遭算计谋害。/n自身易与他人产生纠纷是非，成事不足，败事有余，易受拖累或受害。
			</content>
		</dizhi>
	</dashizhenyan>
	<dashizhenyan id="2" name="太阳">
		<dizhi id="0">
			<content id="1">身边朋友较少，难以交得真心朋友，不适合与他人合伙经营。/n虽能获得他人帮助，但较少；若从政，则易遭同僚嫉妒。
			</content>
			<content id="2">身边朋友较少，难以交得真心朋友，不适合与他人合伙经营。/n易于朋友部下反目成仇，或易遭背弃拖累，不欢而散。/n不适合卷入政治性社交，且易遭别人嫉妒暗算。
			</content>
		</dizhi>
		<dizhi id="1">
			<content id="1">自己热情好客，乐善好施，但照亮别人则可，求人帮助则难，冷热都易被人骂。/n交游广，人缘好，朋友虽多而知己者少，且易怀二心，但易获得年少的朋友和部下的帮助，但感情或会会时冷时热。
			</content>
			<content id="2">自己热情好客，乐善好施，但照亮别人则可，求人帮助则难，冷热都易被人骂。/n朋友虽多而知己者少，且易怀二心，但易获得年少的朋友和部下的帮助。/n有损无益，或易招是非怨恨，或易受朋友错误引诱而投资致败。
			</content>
		</dizhi>
		<dizhi id="2">
			<content id="1">朋友多，但易招口舌是非、或易招人怨恨，比较适合与外乡人、不同语种的人交往。/n易得能言善辨的朋友部下，并易获得较大的帮助。
			</content>
			<content id="2">朋友较多，但易招口舌是非，或易招人怨恨，比较适合于外乡人、不同语种的人交往。/n身边易出现阴险小人，易被背叛抛弃，或易官司缠身。
			</content>
		</dizhi>
		<dizhi id="3">
			<content id="1">自身比较孤傲，人缘较差，朋友部下少，但可得谏劝之友，能结交权贵、社会名人或年纪较大的朋友和部下，仍可获得较大帮助。
			</content>
			<content id="2">自身比较孤傲，人缘较差，朋友部下少，但可得谏劝之友，能结交权贵、社会名人或年纪较大的朋友和部下，仍可获得帮助。/n但易有纠纷招怨，财产易破耗损失，或易受朋友拖累。
			</content>
		</dizhi>
		<dizhi id="4">
			<content id="1">自己热情好客，乐善好施，但照亮别人则可，求人帮助则难，冷热都易被人骂。/n身边朋友较少，难以交得真心朋友，不适合与他人合伙经营。/n虽能获得他人帮助，但较少；若从政，则易遭同僚嫉妒。
			</content>
			<content id="2">自己热情好客，乐善好施，但照亮别人则可，求人帮助则难，冷热都易被人骂。/n身边朋友较少，难以交得真心朋友，不适合与他人合伙经营。/n易于朋友部下反目成仇，或易遭背弃拖累，不欢而散。/n不适合卷入政治性社交，且易遭别人嫉妒暗算。
			</content>
		</dizhi>
		<dizhi id="5">
			<content id="1">自己热情好客，乐善好施，但照亮别人则可，求人帮助则难，冷热都易被人骂。/n身边朋友较少，难以交得真心朋友，不适合与他人合伙经营。/n虽能获得他人帮助，但较少；若从政，则易遭同僚嫉妒。
			</content>
			<content id="2">自己热情好客，乐善好施，但照亮别人则可，求人帮助则难，冷热都易被人骂。/n身边朋友较少，难以交得真心朋友，不适合与他人合伙经营。/n易于朋友部下反目成仇，或易遭背弃拖累，不欢而散。/n不适合卷入政治性社交，且易遭别人嫉妒暗算。
			</content>
		</dizhi>
		<dizhi id="6">
			<content id="1">自己热情好客，乐善好施，但照亮别人则可，求人帮助则难，冷热都易被人骂。/n交游广，朋友部下较多且较积极活跃，易获得帮助。
			</content>
			<content id="2">自己热情好客，乐善好施，但照亮别人则可，求人帮助则难，冷热都易被人骂。/n交游广，朋友部下较多且较积极活跃，但易有纷争，较难获得帮助。
			</content>
		</dizhi>
		<dizhi id="7">
			<content id="1">自己热情好客，乐善好施，但照亮别人则可，求人帮助则难，冷热都易被人骂。/n交游广，人缘好，朋友虽多而知己者少，且易怀二心，但易获得年少的朋友和部下的帮助，但感情或会会时冷时热。
			</content>
			<content id="2">自己热情好客，乐善好施，但照亮别人则可，求人帮助则难，冷热都易被人骂。/n朋友虽多而知己者少，且易怀二心，但易获得年少的朋友和部下的帮助。/n有损无益，或易招是非怨恨，或易受朋友错误引诱而投资致败。
			</content>
		</dizhi>
		<dizhi id="8">
			<content id="1">朋友多，但易招口舌是非、或易招人怨恨，比较适合与外乡人、不同语种的人交往。/n易得能言善辨的朋友部下，并易获得较大的帮助。
			</content>
			<content id="2">朋友较多，但易招口舌是非，或易招人怨恨，比较适合于外乡人、不同语种的人交往。/n身边易出现阴险小人，易被背叛抛弃，或易官司缠身。
			</content>
		</dizhi>
		<dizhi id="9">
			<content id="1">自身比较孤傲，人缘较差，朋友部下少，但可得谏劝之友，能结交权贵、社会名人或年纪较大的朋友和部下，仍可获得较大帮助。
			</content>
			<content id="2">自身比较孤傲，人缘较差，朋友部下少，但可得谏劝之友，能结交权贵、社会名人或年纪较大的朋友和部下，仍可获得帮助。/n但易有纠纷招怨，财产易破耗损失，或易受朋友拖累。
			</content>
		</dizhi>
		<dizhi id="10">
			<content id="1">身边朋友较少，难以交得真心朋友，不适合与他人合伙经营。/n虽能获得他人帮助，但较少；若从政，则易遭同僚嫉妒。
			</content>
			<content id="2">身边朋友较少，难以交得真心朋友，不适合与他人合伙经营。/n易于朋友部下反目成仇，或易遭背弃拖累，不欢而散。/n不适合卷入政治性社交，且易遭别人嫉妒暗算。
			</content>
		</dizhi>
		<dizhi id="11">
			<content id="1">身边朋友较少，难以交得真心朋友，不适合与他人合伙经营。/n虽能获得他人帮助，但较少；若从政，则易遭同僚嫉妒。
			</content>
			<content id="2">身边朋友较少，难以交得真心朋友，不适合与他人合伙经营。/n易于朋友部下反目成仇，或易遭背弃拖累，不欢而散。/n不适合卷入政治性社交，且易遭别人嫉妒暗算。
			</content>
		</dizhi>
	</dashizhenyan>
	<dashizhenyan id="3" name="武曲">
		<dizhi id="0">
			<content id="1">朋友及部下众多而得力，尤其得年少朋友部下的拥护，有帮助。/n自己有较多讲义气的好友，帮助大，或易得知交。
			</content>
			<content id="2">朋友及部下较多，较易获得年少朋友部下的拥护。/n但朋友脾气较暴躁，稍不如意就分手离去，较易招怨，得到的助力不大，或易因朋友部下而破财。
			</content>
		</dizhi>
		<dizhi id="1">
			<content id="1">朋友部下较多，但酒肉朋友较多。/n朋友脾气较为暴躁，稍不如意就分手离去，但仍可有良友，能获得帮助。
			</content>
			<content id="2">朋友部下较多，但酒肉朋友较多。/n朋友脾气较为暴躁，稍不如意就分手离去，或多是非纠纷，易受他人拖累而破财，甚则遭陷害。
			</content>
		</dizhi>
		<dizhi id="2">
			<content id="1">自己交友较广，虽三教九流的朋友都有，但来去较快，难深交，易犯小人。/n朋友脾气较为暴躁，稍不如意即分手离去，且较易出现争权夺利者，但仍有帮助。
			</content>
			<content id="2">自己交友较广，虽三教九流的朋友都有，但来去较快，难深交，易犯小人。/n朋友脾气较为暴躁，稍不如意即分手离去，且较易出现争权夺利者，或易有劳资纠纷，受拖累而破财。
			</content>
		</dizhi>
		<dizhi id="3">
			<content id="1">朋友对自己稍微有帮助，但身边可靠的朋友较少，易遭背弃欺骗、招怨争斗，或会被部下欺负，易为部属的不听话所气恼。/n朋友少反可有利，多则不利。
			</content>
			<content id="2">身边可靠的朋友较少，易遭背弃欺骗、招怨争斗，或会被部下欺负，易为部属的不听话所气恼。/n朋友少反可有利，多则不利。/n或易有背叛、纠纷、陷害，或易因财而起干戈，或易受朋友拖累而破财败业。
			</content>
		</dizhi>
		<dizhi id="4">
			<content id="1">朋友部属众多，且忠诚可靠，能获得他们较大的帮助。</content>
			<content id="2">朋友部署较多，但脾气较为暴躁，稍有不如意即分手离去，且彼此之间容易反目成仇。</content>
		</dizhi>
		<dizhi id="5">
			<content id="1">小人对自己影响不大，朋友仍会有帮助，但身边较多口是心非的朋友部下，善良坦荡的较少，易遭欺骗背叛，或施恩反易招人埋怨，尤其与年少者易争吵纠纷，因此而破财损业。
			</content>
			<content id="2">身边较多口是心非的朋友部下，善良坦荡的较少，易遭欺骗背叛，或施恩反易招人埋怨，尤其与年少者易争吵纠纷，因此而破财损业。
			</content>
		</dizhi>
		<dizhi id="6">
			<content id="1">朋友及部下众多而得力，尤其得年少朋友部下的拥护，有帮助。/n自己有较多讲义气的好友，帮助大，或易得知交。
			</content>
			<content id="2">朋友及部下较多，较易获得年少朋友部下的拥护。/n但朋友脾气较暴躁，稍不如意就分手离去，较易招怨，得到的助力不大，或易因朋友部下而破财。
			</content>
		</dizhi>
		<dizhi id="7">
			<content id="1">朋友部下较多，但酒肉朋友较多。/n朋友脾气较为暴躁，稍不如意就分手离去，但仍可有良友，能获得帮助。
			</content>
			<content id="2">朋友部下较多，但酒肉朋友较多。/n朋友脾气较为暴躁，稍不如意就分手离去，或多是非纠纷，易受他人拖累而破财，甚则遭陷害。
			</content>
		</dizhi>
		<dizhi id="8">
			<content id="1">自己交友较广，虽三教九流的朋友都有，但来去较快，难深交，易犯小人。/n朋友脾气较为暴躁，稍不如意即分手离去，且较易出现争权夺利者，但仍有帮助。
			</content>
			<content id="2">自己交友较广，虽三教九流的朋友都有，但来去较快，难深交，易犯小人。/n朋友脾气较为暴躁，稍不如意即分手离去，且较易出现争权夺利者，或易有劳资纠纷，受拖累而破财。
			</content>
		</dizhi>
		<dizhi id="9">
			<content id="1">朋友对自己稍微有帮助，但身边可靠的朋友较少，易遭背弃欺骗、招怨争斗，或会被部下欺负，易为部属的不听话所气恼。/n朋友少反可有利，多则不利。
			</content>
			<content id="2">身边可靠的朋友较少，易遭背弃欺骗、招怨争斗，或会被部下欺负，易为部属的不听话所气恼。/n朋友少反可有利，多则不利。/n或易有背叛、纠纷、陷害，或易因财而起干戈，或易受朋友拖累而破财败业。
			</content>
		</dizhi>
		<dizhi id="10">
			<content id="1">朋友部属众多，且忠诚可靠，能获得他们较大的帮助。</content>
			<content id="2">朋友部署较多，但脾气较为暴躁，稍有不如意即分手离去，且彼此之间容易反目成仇。</content>
		</dizhi>
		<dizhi id="11">
			<content id="1">小人对自己影响不大，朋友仍会有帮助，但身边较多口是心非的朋友部下，善良坦荡的较少，易遭欺骗背叛，或施恩反易招人埋怨，尤其与年少者易争吵纠纷，因此而破财损业。
			</content>
			<content id="2">身边较多口是心非的朋友部下，善良坦荡的较少，易遭欺骗背叛，或施恩反易招人埋怨，尤其与年少者易争吵纠纷，因此而破财损业。
			</content>
		</dizhi>
	</dashizhenyan>
	<dashizhenyan id="4" name="天同">
		<dizhi id="0">
			<content id="1">交友广，有各方面的朋友，较重情义，与部下相处融洽。/n易得良师益友和知交，相处融洽，朋友部下有实力和才干，对自己帮助较大。
			</content>
			<content id="2">知交较少，部下貌合神离，易有纠纷，自己易受拖累。/n或易破财，不太适合与人合伙，或较难获得朋友部下的尊重。
			</content>
		</dizhi>
		<dizhi id="1">
			<content id="1">身边朋友较有情义，对自己有较大的帮助，事业能获得较好的发展。/n但朋友和部下较少，且朋友部下中较多心机的小人，口是心非，易有是非误会，开始不能了解和融洽，时间稍长才能了解和融洽。/n早年较难获得他人帮助，但晚年朋友部下自动上门帮助。
			</content>
			<content id="2">朋友和部下较少，且朋友部下中较多心机的小人，口是心非，易有是非误会，开始不能了解和融洽，时间稍长才能了解和融洽。/n早年较难获得他人帮助，但晚年朋友部下自动上门帮助。/n但易与朋友感情破裂，应注意避免与朋友对薄公堂，或知心朋友较少，易误交匪人而受拖累，或若与人合伙，中途易合作破裂，造成误会。
			</content>
		</dizhi>
		<dizhi id="2">
			<content id="1">身边朋友众多，多年长者，正直且有才干，可得益友、合作伙伴和心腹部下，对自己有较大帮助。/n知交或得力部下关系比较持久，帮助很大。
			</content>
			<content id="2">身边朋友众多，多年长者，正直且有才干，可得益友、合作伙伴和心腹部下，对自己有较大帮助。/n但知交或得力部下关系较为短暂，易散，且易有是非纠纷。或易因朋友部下拖累而破耗。
			</content>
		</dizhi>
		<dizhi id="3">
			<content id="1">交友广，有各方面的朋友，较重情义，与部下相处融洽，人际关系好，朋友部下众多且得力，且相处融洽，可委以重任。
			</content>
			<content id="2">交友广，有各方面的朋友，较重情义，与部下相处融洽，人际关系好，朋友部下众多且得力，且相处融洽，可委以重任。/n但可能易有是非纠纷。
			</content>
		</dizhi>
		<dizhi id="4">
			<content id="1">人际关系欠佳，朋友部下虽多才学，但较懒惰、较难成为自己的得力助手，从中获得帮助。
			</content>
			<content id="2">人际关系欠佳，朋友部下虽多才学，但较懒惰、较难成为自己的得力助手，从中获得帮助。/n或易有是非纠纷，易受朋友拖累牵连。
			</content>
		</dizhi>
		<dizhi id="5">
			<content id="1">交友广，有各方面的朋友，较重情义，与部下相处融洽，人际关系好，朋友部下众多且得力，且相处融洽，可委以重任。
			</content>
			<content id="2">人际关系欠佳，朋友部下虽多才学，但较懒惰、较难成为自己的得力助手，从中获得帮助。/n或易有是非纠纷，易受朋友拖累牵连。
			</content>
		</dizhi>
		<dizhi id="6">
			<content id="1">交友广，有各方面的朋友，较重情义，与部下相处融洽。/n易得良师益友和知交，相处融洽，朋友部下有实力和才干，对自己帮助较大。
			</content>
			<content id="2">知交较少，部下貌合神离，易有纠纷，自己易受拖累。/n或易破财，不太适合与人合伙，或较难获得朋友部下的尊重。
			</content>
		</dizhi>
		<dizhi id="7">
			<content id="1">身边朋友较有情义，对自己有较大的帮助，事业能获得较好的发展。/n但朋友和部下较少，且朋友部下中较多心机的小人，口是心非，易有是非误会，开始不能了解和融洽，时间稍长才能了解和融洽。/n早年较难获得他人帮助，但晚年朋友部下自动上门帮助。
			</content>
			<content id="2">朋友和部下较少，且朋友部下中较多心机的小人，口是心非，易有是非误会，开始不能了解和融洽，时间稍长才能了解和融洽。/n早年较难获得他人帮助，但晚年朋友部下自动上门帮助。/n但易与朋友感情破裂，应注意避免与朋友对薄公堂，或知心朋友较少，易误交匪人而受拖累，或若与人合伙，中途易合作破裂，造成误会。
			</content>
		</dizhi>
		<dizhi id="8">
			<content id="1">身边朋友众多，多年长者，正直且有才干，可得益友、合作伙伴和心腹部下，对自己有较大帮助。/n虽易交不务正业的朋友，但知交或得力部下关系比较持久，帮助很大。
			</content>
			<content id="2">身边朋友众多，多年长者，正直且有才干，可得益友、合作伙伴和心腹部下，对自己有较大帮助。/n但易交到不务正业的朋友，知交或得力部下关系较为短暂，易散，且易有是非纠纷。或易因朋友部下拖累而破耗。
			</content>
		</dizhi>
		<dizhi id="9">
			<content id="1">人际关系欠佳，朋友部下虽多才学，但较懒惰、较难成为自己的得力助手，从中获得帮助。
			</content>
			<content id="2">人际关系欠佳，朋友部下虽多才学，但较懒惰、较难成为自己的得力助手，从中获得帮助。/n或易有是非纠纷，易受朋友拖累牵连。
			</content>
		</dizhi>
		<dizhi id="10">
			<content id="1">人际关系欠佳，朋友部下虽多才学，但较懒惰、较难成为自己的得力助手，从中获得帮助。
			</content>
			<content id="2">人际关系欠佳，朋友部下虽多才学，但较懒惰、较难成为自己的得力助手，从中获得帮助。/n或易有是非纠纷，易受朋友拖累牵连。
			</content>
		</dizhi>
		<dizhi id="11">
			<content id="1">交友广，有各方面的朋友，较重情义，与部下相处融洽，人际关系好，朋友部下众多且得力，且相处融洽，可委以重任。
			</content>
			<content id="2">交友广，有各方面的朋友，较重情义，与部下相处融洽，人际关系好，朋友部下众多且得力，且相处融洽，可委以重任。/n但可能易有是非纠纷。
			</content>
		</dizhi>
	</dashizhenyan>
	<dashizhenyan id="5" name="廉贞">
		<dizhi id="0">
			<content id="1">交友广，重感情，朋友部下较多，有感情，且有财权者较多，较易获得较大的帮助。/n但深交好友较少，易交损友，多阿谀奉承、怀有企图者，变化大，知交者少，异性缘较多，得异性之助力。/n早年知心得力者少，易有纠纷而烦恼，晚年会有得力的朋友和部属。
			</content>
			<content id="2">交友广，重感情，朋友部下较多，但深交好友较少，易交损友，多阿谀奉承、怀有企图者，变化大，知交者少，异性缘较多，得异性之助力。/n早年知心得力者少，易有纠纷而烦恼，或易与部下纠纷招怨，或受朋友拖累，但晚年会有得力的朋友和部属。
			</content>
		</dizhi>
		<dizhi id="1">
			<content id="1">交友广，重感情，朋友部下较多，较有权势，且有才干和冲劲，能获得帮助。/n但在朋友部下中，性格刚强暴躁的人较多，易发生纷争，或存异心，特别是在最需要时出乱子，易遭损害，甚至被出卖。
			</content>
			<content id="2">交友广，重感情，朋友部下较多，但性格刚强暴躁的人较多，易发生纷争。/n或易招惹灾祸或受伤害，或易因财持刀打斗，并因此而招官司牢狱之灾。
			</content>
		</dizhi>
		<dizhi id="2">
			<content id="1">交友广，重感情，但难于深交，易交损友，多阿谀奉承、怀有企图者，变化大，知交者少，异性缘较多，得异性之助力。/n早年无得力的朋友部属，常有纠纷而烦恼，晚年会有得力的朋友和部属。/n朋友帮助大，尤其得异性助力大。
			</content>
			<content id="2">交友广，重感情，但难于深交，易交损友，多阿谀奉承、怀有企图者，变化大，知交者少，异性缘较多，得异性之助力。/n早年无得力的朋友部属，常有纠纷而烦恼，晚年会有得力的朋友和部属。/n朋友帮助不大，您或会受拖累、陷害，甚则官司刑灾。
			</content>
		</dizhi>
		<dizhi id="3">
			<content id="1">交友广，重感情，较易获得朋友的帮助。/n但深交好友较少，易交损友，朋友部下较胆大妄为，或较风流。/n自己异性缘较多，得异性之助力。/n早年无得力的朋友部属，常有纠纷而烦恼，晚年会有得力的朋友和部属。
			</content>
			<content id="2">交友广，重感情，但深交好友较少，易交损友，朋友部下较胆大妄为，或较风流。/n自己异性缘较多，得异性之助力。/n早年无得力的朋友部属，易有纠纷烦恼，或感情易破裂或遭受叛离损害，但晚年会有得力的朋友和部属。
			</content>
		</dizhi>
		<dizhi id="4">
			<content id="1">交友广，重感情，朋友部下众多得力，且金融财税巨头之友较多，易获得较大的帮助，因此而发达。/n异性缘较多，易得异性的帮助。
			</content>
			<content id="2">交友广，重感情，朋友部下较多。/n异性缘较多，易得异性的帮助。/n但早年无得力的朋友部属，常有纠纷而烦恼，或易受他人拖累而损耗，晚年会有得力的朋友和部属。
			</content>
		</dizhi>
		<dizhi id="5">
			<content id="1">交友广，重感情，虽能获得普通的帮助，但难于深交，易交损友，且身边较多有酒色赌等不良嗜好、欲望大、喜怒无常的朋友部下。/n异性缘较多，易得异性的帮助。/n早年较少得力的朋友部属，常有纠纷而烦恼，或较难同心同力，难以获得帮助，甚至被朋友部下所利用，但晚年会有得力的朋友和部属。
			</content>
			<content id="2">交友广，重感情，但难于深交，易交损友，且身边较多有酒色赌等不良嗜好、欲望大、喜怒无常的朋友部下。/n朋友部下较顽劣，关系不持久，多背弃者，易有犯法吃官司者，自己易因朋友部下招灾破财，也可能被朋友引诱而投机赌博致破败，甚至官司缠身。
			</content>
		</dizhi>
		<dizhi id="6">
			<content id="1">交友广，重感情，朋友部下较多，有感情，且有财权者较多，较易获得较大的帮助。/n但深交好友较少，易交损友，多阿谀奉承、怀有企图者，变化大，知交者少，异性缘较多，得异性之助力。/n早年知心得力者少，易有纠纷而烦恼，晚年会有得力的朋友和部属。
			</content>
			<content id="2">交友广，重感情，朋友部下较多，但深交好友较少，易交损友，多阿谀奉承、怀有企图者，变化大，知交者少，异性缘较多，得异性之助力。/n早年知心得力者少，易有纠纷而烦恼，或易与部下纠纷招怨，或受朋友拖累，但晚年会有得力的朋友和部属。
			</content>
		</dizhi>
		<dizhi id="7">
			<content id="1">交友广，重感情，朋友部下较多，较有权势，且有才干和冲劲，能获得帮助。/n但在朋友部下中，性格刚强暴躁的人较多，易发生纷争，或存异心，特别是在最需要时出乱子，易遭损害，甚至被出卖。
			</content>
			<content id="2">交友广，重感情，朋友部下较多，但性格刚强暴躁的人较多，易发生纷争。/n或易招惹灾祸或受伤害，或易因财持刀打斗，并因此而招官司牢狱之灾。
			</content>
		</dizhi>
		<dizhi id="8">
			<content id="1">交友广，重感情，但难于深交，易交损友，多阿谀奉承、怀有企图者，变化大，知交者少，异性缘较多，得异性之助力。/n早年无得力的朋友部属，常有纠纷而烦恼，晚年会有得力的朋友和部属。/n朋友帮助大，尤其得异性助力大。
			</content>
			<content id="2">交友广，重感情，但难于深交，易交损友，多阿谀奉承、怀有企图者，变化大，知交者少，异性缘较多，得异性之助力。/n早年无得力的朋友部属，常有纠纷而烦恼，晚年会有得力的朋友和部属。/n朋友帮助不大，您或会受拖累、陷害，甚则官司刑灾。
			</content>
		</dizhi>
		<dizhi id="9">
			<content id="1">交友广，重感情，较易获得朋友的帮助。/n但深交好友较少，易交损友，朋友部下较胆大妄为，或较风流。/n自己异性缘较多，得异性之助力。/n早年无得力的朋友部属，常有纠纷而烦恼，晚年会有得力的朋友和部属。
			</content>
			<content id="2">交友广，重感情，但深交好友较少，易交损友，朋友部下较胆大妄为，或较风流。/n自己异性缘较多，得异性之助力。/n早年无得力的朋友部属，易有纠纷烦恼，或感情易破裂或遭受叛离损害，但晚年会有得力的朋友和部属。
			</content>
		</dizhi>
		<dizhi id="10">
			<content id="1">交友广，重感情，朋友部下众多得力，且金融财税巨头之友较多，易获得较大的帮助，因此而发达。/n异性缘较多，易得异性的帮助。
			</content>
			<content id="2">交友广，重感情，朋友部下较多。/n异性缘较多，易得异性的帮助。/n但早年无得力的朋友部属，常有纠纷而烦恼，或易受他人拖累而损耗，晚年会有得力的朋友和部属。
			</content>
		</dizhi>
		<dizhi id="11">
			<content id="1">交友广，重感情，虽能获得普通的帮助，但难于深交，易交损友，且身边较多有酒色赌等不良嗜好、欲望大、喜怒无常的朋友部下。/n异性缘较多，易得异性的帮助。/n早年较少得力的朋友部属，常有纠纷而烦恼，或较难同心同力，难以获得帮助，甚至被朋友部下所利用，但晚年会有得力的朋友和部属。
			</content>
			<content id="2">交友广，重感情，但难于深交，易交损友，且身边较多有酒色赌等不良嗜好、欲望大、喜怒无常的朋友部下。/n朋友部下较顽劣，关系不持久，多背弃者，易有犯法吃官司者，自己易因朋友部下招灾破财，也可能被朋友引诱而投机赌博致破败，甚至官司缠身。
			</content>
		</dizhi>
	</dashizhenyan>
	<dashizhenyan id="6" name="天府">
		<dizhi id="0">
			<content id="1"></content>
			<content id="2"></content>
		</dizhi>
		<dizhi id="1">
			<content id="1">交友较为谨慎，知交较少，但交则有帮助，得拥护和忠心的友人部下，而自己也可能会变为奉迎之人。/n上下左右关系较为融洽，个性乐观大方，事业成功发展。/n老板、主管类的朋友较多，部下虽忠厚而智慧平常，或迟饨而办事拖拉，效率低，需勤加指点和督促。
			</content>
			<content id="2">交友较为谨慎，知交较少，但交则有帮助，得拥护和忠心的友人部下，而自己也可能会变为奉迎之人。/n上下左右关系较为融洽，个性乐观大方，事业成功发展。/n老板、主管类的朋友较多，部下虽忠厚而智慧平常，或迟饨而办事拖拉，效率低，需勤加指点和督促。/n但或会遭受背叛，招人埋怨，或易遭受损失。
			</content>
		</dizhi>
		<dizhi id="2">
			<content id="1"></content>
			<content id="2"></content>
		</dizhi>
		<dizhi id="3">
			<content id="1">交友较为谨慎，知交较少，但交则有帮助，得拥护和忠心的友人部下，而自己也可能会变为奉迎之人。/n上下左右关系较为融洽，个性乐观大方，事业成功发展。/n专业、财税人员较多，但部下虽忠厚而智慧平常，或迟饨而办事拖拉，效率低，需勤加指点和督促。
			</content>
			<content id="2">交友较为谨慎，知交较少，但交则有帮助，得拥护和忠心的友人部下，而自己也可能会变为奉迎之人。/n上下左右关系较为融洽，个性乐观大方，事业成功发展。/n专业、财税人员较多，但部下虽忠厚而智慧平常，或迟饨而办事拖拉，效率低，需勤加指点和督促。/n但或会遭受背叛，招人埋怨，或易遭受损失。
			</content>
		</dizhi>
		<dizhi id="4">
			<content id="1"></content>
			<content id="2"></content>
		</dizhi>
		<dizhi id="5">
			<content id="1">交友较为谨慎，知交较少，但交则有帮助，得拥护和忠心的友人部下，而自己也可能会变为奉迎之人。/n上下左右关系较为融洽，个性乐观大方，事业成功发展。/n有学识地位的朋友较多，但易受合伙者或下属的阴谋陷害。
			</content>
			<content id="2">交友较为谨慎，知交较少，但交则有帮助，得拥护和忠心的友人部下，而自己也可能会变为奉迎之人。/n上下左右关系较为融洽，个性乐观大方，事业成功发展。/n有学识地位的朋友较多，但易受合伙者或下属的阴谋陷害，或或易遭受背叛，招人埋怨，或易遭受损失。
			</content>
		</dizhi>
		<dizhi id="6">
			<content id="1"></content>
			<content id="2"></content>
		</dizhi>
		<dizhi id="7">
			<content id="1">交友较为谨慎，知交较少，但交则有帮助，得拥护和忠心的友人部下，而自己也可能会变为奉迎之人。/n上下左右关系较为融洽，个性乐观大方，事业成功发展。/n老板、主管类的朋友较多，部下虽忠厚而智慧平常，或迟饨而办事拖拉，效率低，需勤加指点和督促。
			</content>
			<content id="2">交友较为谨慎，知交较少，但交则有帮助，得拥护和忠心的友人部下，而自己也可能会变为奉迎之人。/n上下左右关系较为融洽，个性乐观大方，事业成功发展。/n老板、主管类的朋友较多，部下虽忠厚而智慧平常，或迟饨而办事拖拉，效率低，需勤加指点和督促。/n但或会遭受背叛，招人埋怨，或易遭受损失。
			</content>
		</dizhi>
		<dizhi id="8">
			<content id="1"></content>
			<content id="2"></content>
		</dizhi>
		<dizhi id="9">
			<content id="1">交友较为谨慎，知交较少，但交则有帮助，得拥护和忠心的友人部下，而自己也可能会变为奉迎之人。/n上下左右关系较为融洽，个性乐观大方，事业成功发展。/n专业、财税人员较多，但部下虽忠厚而智慧平常，或迟饨而办事拖拉，效率低，需勤加指点和督促。
			</content>
			<content id="2">交友较为谨慎，知交较少，但交则有帮助，得拥护和忠心的友人部下，而自己也可能会变为奉迎之人。/n上下左右关系较为融洽，个性乐观大方，事业成功发展。/n专业、财税人员较多，但部下虽忠厚而智慧平常，或迟饨而办事拖拉，效率低，需勤加指点和督促。/n但或会遭受背叛，招人埋怨，或易遭受损失。
			</content>
		</dizhi>
		<dizhi id="10">
			<content id="1"></content>
			<content id="2"></content>
		</dizhi>
		<dizhi id="11">
			<content id="1">交友较为谨慎，知交较少，但交则有帮助，得拥护和忠心的友人部下，而自己也可能会变为奉迎之人。/n上下左右关系较为融洽，个性乐观大方，事业成功发展。/n有学识地位的朋友较多，但易受合伙者或下属的阴谋陷害。
			</content>
			<content id="2">交友较为谨慎，知交较少，但交则有帮助，得拥护和忠心的友人部下，而自己也可能会变为奉迎之人。/n上下左右关系较为融洽，个性乐观大方，事业成功发展。/n有学识地位的朋友较多，但易受合伙者或下属的阴谋陷害，或或易遭受背叛，招人埋怨，或易遭受损失。
			</content>
		</dizhi>
	</dashizhenyan>
	<dashizhenyan id="7" name="太阴">
		<dizhi id="0">
			<content id="1"></content>
			<content id="2"></content>
		</dizhi>
		<dizhi id="1">
			<content id="1"></content>
			<content id="2"></content>
		</dizhi>
		<dizhi id="2">
			<content id="1"></content>
			<content id="2"></content>
		</dizhi>
		<dizhi id="3">
			<content id="1">异性缘较广，男性的您较喜欢与年少的女性交朋友，但为绝粹的友情，易得女性的帮助。/n能获得帮助，但朋友部下较少，有亦平庸，较寡情薄义，阴谋善变，较难信任，不可合伙。
			</content>
			<content id="2">异性缘较广，男性的您较喜欢与年少的女性交朋友，但为绝粹的友情，易得女性的帮助。/n能获得帮助，但朋友部下较少，有亦平庸，较寡情薄义，阴谋善变，较难信任，不可合伙。/n易有纠纷、背弃，或易遭小人陷害。
			</content>
		</dizhi>
		<dizhi id="4">
			<content id="1">异性缘较广，男性的您较喜欢与年少的女性交朋友，但为绝粹的友情，易得女性的帮助。/n能获得帮助，但朋友部下较少，有亦平庸，较寡情薄义，阴谋善变，较难信任，不可合伙。
			</content>
			<content id="2">异性缘较广，男性的您较喜欢与年少的女性交朋友，但为绝粹的友情，易得女性的帮助。/n能获得帮助，但朋友部下较少，有亦平庸，较寡情薄义，阴谋善变，较难信任，不可合伙。/n易有纠纷、背弃，或易遭小人陷害。
			</content>
		</dizhi>
		<dizhi id="5">
			<content id="1">异性缘较广，男性的您较喜欢与年少的女性交朋友，但为绝粹的友情，易得女性的帮助。/n能获得帮助，但朋友部下较少，有亦平庸，较寡情薄义，阴谋善变，较难信任，不可合伙。
			</content>
			<content id="2">异性缘较广，男性的您较喜欢与年少的女性交朋友，但为绝粹的友情，易得女性的帮助。/n能获得帮助，但朋友部下较少，有亦平庸，较寡情薄义，阴谋善变，较难信任，不可合伙。/n易有纠纷、背弃，或易遭小人陷害。
			</content>
		</dizhi>
		<dizhi id="6">
			<content id="1"></content>
			<content id="2"></content>
		</dizhi>
		<dizhi id="7">
			<content id="1"></content>
			<content id="2"></content>
		</dizhi>
		<dizhi id="8">
			<content id="1"></content>
			<content id="2"></content>
		</dizhi>
		<dizhi id="9">
			<content id="1">异性缘较广，男性的您较喜欢与年少的女性交朋友，但为绝粹的友情，易得女性的帮助。/n朋友较多，有忠实的下属，能获得较大的帮助且时间较持久。/n生意营业较顺畅，但自己仍避免不了忙碌，男性的您会请女助手，但难以长期合作。
			</content>
			<content id="2">异性缘较广，男性的您较喜欢与年少的女性交朋友，但为绝粹的友情，易得女性的帮助。/n男性的您会请女助手，但难以长期合作。/n生意营业较为顺利，但自己仍避免不了忙碌，朋友部下较少，自己易受其拖累，甚则招怨。
			</content>
		</dizhi>
		<dizhi id="10">
			<content id="1">异性缘较广，男性的您较喜欢与年少的女性交朋友，但为绝粹的友情，易得女性的帮助。/n朋友较多，有忠实的下属，能获得较大的帮助且时间较持久。/n生意营业较顺畅，但自己仍避免不了忙碌，男性的您会请女助手，但难以长期合作。
			</content>
			<content id="2">异性缘较广，男性的您较喜欢与年少的女性交朋友，但为绝粹的友情，易得女性的帮助。/n男性的您会请女助手，但难以长期合作。/n生意营业较为顺利，但自己仍避免不了忙碌，朋友部下较少，自己易受其拖累，甚则招怨。
			</content>
		</dizhi>
		<dizhi id="11">
			<content id="1">异性缘较广，男性的您较喜欢与年少的女性交朋友，但为绝粹的友情，易得女性的帮助。/n朋友较多，有忠实的下属，能获得较大的帮助且时间较持久。/n生意营业较顺畅，但自己仍避免不了忙碌，男性的您会请女助手，但难以长期合作。
			</content>
			<content id="2">异性缘较广，男性的您较喜欢与年少的女性交朋友，但为绝粹的友情，易得女性的帮助。/n男性的您会请女助手，但难以长期合作。/n生意营业较为顺利，但自己仍避免不了忙碌，朋友部下较少，自己易受其拖累，甚则招怨。
			</content>
		</dizhi>
	</dashizhenyan>
	<dashizhenyan id="8" name="贪狼">
		<dizhi id="0">
			<content id="1">交友较广，三教九流，富贵贫贱都有，但多带酒色财气者，善良、知心及得力者少，难得帮助，晚年有改善。/n朋友部下外乡人较多，较贪吃贪玩，但智慧高而欲望较为强烈，年长者较有帮助。
			</content>
			<content id="2">交友较广，三教九流，富贵贫贱都有，但多带酒色财气者，善良、知心及得力者少，难得帮助，晚年有改善。/n朋友部下外乡人较多，较贪吃贪玩，但智慧高而欲望较为强烈，年长者较有帮助。/n或易与与流氓或黑社会之人交往，受朋友部下拖累、侵害而破财招灾。
			</content>
		</dizhi>
		<dizhi id="1">
			<content id="1"></content>
			<content id="2"></content>
		</dizhi>
		<dizhi id="2">
			<content id="1">交友虽广，三教九流、富贵贫贱都有，但多带酒色财气者，善良、知心及得力者少，难得帮助，晚年有改善。/n朋友部下较有创劲，做事较有冲劲，敢作敢为，但贪得无厌者较多，且较高傲、霸道。
			</content>
			<content id="2">交友虽广，三教九流、富贵贫贱都有，但多带酒色财气者，善良、知心及得力者少，难得帮助，晚年有改善。/n朋友部下较有创劲，做事较有冲劲，敢作敢为，但贪得无厌者较多，且较高傲、霸道。/n或易受朋友部下拖累，或易遭暗算。
			</content>
		</dizhi>
		<dizhi id="3">
			<content id="1"></content>
			<content id="2"></content>
		</dizhi>
		<dizhi id="4">
			<content id="1">交友虽广，三教九流、富贵贫贱都有，但多带酒色财气者，善良、知心及得力者少，难得帮助，晚年有改善。/n朋友中较多为谄佞奸贪、迷恋酒色，或易会以自我为中心，损公利己。
			</content>
			<content id="2">交友虽广，三教九流、富贵贫贱都有，但多带酒色财气者，善良、知心及得力者少，难得帮助，晚年有改善。/n朋友中较多为谄佞奸贪、迷恋酒色，或易会以自我为中心，损公利己，或自己易受朋友部下连累、侵害而导致破财招灾。
			</content>
		</dizhi>
		<dizhi id="5">
			<content id="1"></content>
			<content id="2"></content>
		</dizhi>
		<dizhi id="6">
			<content id="1">交友较广，三教九流，富贵贫贱都有，但多带酒色财气者，善良、知心及得力者少，难得帮助，晚年有改善。/n朋友部下外乡人较多，较贪吃贪玩，但智慧高而欲望较为强烈，年长者较有帮助。
			</content>
			<content id="2">交友较广，三教九流，富贵贫贱都有，但多带酒色财气者，善良、知心及得力者少，难得帮助，晚年有改善。/n朋友部下外乡人较多，较贪吃贪玩，但智慧高而欲望较为强烈，年长者较有帮助。/n或易与与流氓或黑社会之人交往，受朋友部下拖累、侵害而破财招灾。
			</content>
		</dizhi>
		<dizhi id="7">
			<content id="1"></content>
			<content id="2"></content>
		</dizhi>
		<dizhi id="8">
			<content id="1">交友虽广，三教九流、富贵贫贱都有，但多带酒色财气者，善良、知心及得力者少，难得帮助，晚年有改善。/n朋友部下较有创劲，做事较有冲劲，敢作敢为，但贪得无厌者较多，且较高傲、霸道。
			</content>
			<content id="2">交友虽广，三教九流、富贵贫贱都有，但多带酒色财气者，善良、知心及得力者少，难得帮助，晚年有改善。/n朋友部下较有创劲，做事较有冲劲，敢作敢为，但贪得无厌者较多，且较高傲、霸道。/n或易受朋友部下拖累，或易遭暗算。
			</content>
		</dizhi>
		<dizhi id="9">
			<content id="1"></content>
			<content id="2"></content>
		</dizhi>
		<dizhi id="10">
			<content id="1">交友虽广，三教九流、富贵贫贱都有，但多带酒色财气者，善良、知心及得力者少，难得帮助，晚年有改善。/n朋友部下中精明能干、有创劲的人较多，但较胆大佞为，对自己的帮助较小。
			</content>
			<content id="2">交友虽广，三教九流、富贵贫贱都有，但多带酒色财气者，善良、知心及得力者少，难得帮助，晚年有改善。/n朋友部下中精明能干、有创劲的人较多，但较胆大佞为，较自私自利，对自己毫无帮助。
			</content>
		</dizhi>
		<dizhi id="11">
			<content id="1"></content>
			<content id="2"></content>
		</dizhi>
	</dashizhenyan>
	<dashizhenyan id="9" name="巨门">
		<dizhi id="0">
			<content id="1">朋友部下较能言善辩，有帮助，能在困难时得到他们的言辩、讨论而化解危机。/n虽然早年得到的帮助较少，但晚年较易获得较大的帮助。
			</content>
			<content id="2">朋友部下虽较能言善辩，但对自己的帮助较少，且易发生口舌是非，或易被朋友下属拖累而损失。/n建议与朋友部属保持一般关系，少说为佳；对部属则可以多征求他们的意见。
			</content>
		</dizhi>
		<dizhi id="1">
			<content id="1"></content>
			<content id="2"></content>
		</dizhi>
		<dizhi id="2">
			<content id="1"></content>
			<content id="2"></content>
		</dizhi>
		<dizhi id="3">
			<content id="1"></content>
			<content id="2"></content>
		</dizhi>
		<dizhi id="4">
			<content id="1">能获得普通帮助，但朋部属较少，心术不正的人较多，阴险狡猾的人较多，，较易发生争辩和口舌是非，自己较易受拖累。/n建议与朋友部属保持一般关系，少说为佳；对部属则可以多征求他们的意见。
			</content>
			<content id="2">朋部属较少，心术不正的人较多，阴险狡猾的人较多，较易发生争辩和口舌是非，自己易因朋友部下拖累而破败。/n建议与朋友部属保持一般关系，少说为佳；对部属则可以多征求他们的意见。
			</content>
		</dizhi>
		<dizhi id="5">
			<content id="1">能获得普通帮助，但朋部属较少，心术不正的人较多，阴险狡猾的人较多，，较易发生争辩和口舌是非，自己较易受拖累。/n建议与朋友部属保持一般关系，少说为佳；对部属则可以多征求他们的意见。
			</content>
			<content id="2">朋部属较少，心术不正的人较多，阴险狡猾的人较多，较易发生争辩和口舌是非，自己易因朋友部下拖累而破败。/n建议与朋友部属保持一般关系，少说为佳；对部属则可以多征求他们的意见。
			</content>
		</dizhi>
		<dizhi id="6">
			<content id="1">朋友部下较能言善辩，有帮助，能在困难时得到他们的言辩、讨论而化解危机。/n虽然早年得到的帮助较少，但晚年较易获得较大的帮助。
			</content>
			<content id="2">朋友部下虽较能言善辩，但对自己的帮助较少，且易发生口舌是非，或易被朋友下属拖累而损失。/n建议与朋友部属保持一般关系，少说为佳；对部属则可以多征求他们的意见。
			</content>
		</dizhi>
		<dizhi id="7">
			<content id="1"></content>
			<content id="2"></content>
		</dizhi>
		<dizhi id="8">
			<content id="1"></content>
			<content id="2"></content>
		</dizhi>
		<dizhi id="9">
			<content id="1"></content>
			<content id="2"></content>
		</dizhi>
		<dizhi id="10">
			<content id="1">朋友部下较能言善辩，有帮助，能在困难时得到他们的言辩、讨论而化解危机。/n虽然早年得到的帮助较少，但晚年较易获得较大的帮助。
			</content>
			<content id="2">朋友部下虽较能言善辩，但对自己的帮助较少，且易发生口舌是非，或易被朋友下属拖累而损失。/n建议与朋友部属保持一般关系，少说为佳；对部属则可以多征求他们的意见。
			</content>
		</dizhi>
		<dizhi id="11">
			<content id="1">朋友部下较能言善辩，有帮助，能在困难时得到他们的言辩、讨论而化解危机。/n虽然早年得到的帮助较少，但晚年较易获得较大的帮助。
			</content>
			<content id="2">朋友部下虽较能言善辩，但对自己的帮助较少，且易发生口舌是非，或易被朋友下属拖累而损失。/n建议与朋友部属保持一般关系，少说为佳；对部属则可以多征求他们的意见。
			</content>
		</dizhi>
	</dashizhenyan>
	<dashizhenyan id="10" name="天相">
		<dizhi id="0">
			<content id="1"></content>
			<content id="2"></content>
		</dizhi>
		<dizhi id="1">
			<content id="1">能交政界贵人，朋友部下多为同龄人，虽忠诚，但较讲究衣食，才干较普通，自己较劳心费力，中年后朋友部下众多，且有才干，能得到较大的帮助。
			</content>
			<content id="2">能交政界贵人，朋友部下多为同龄人，虽忠诚，但较讲究衣食，才干较普通，自己较劳心费力，易发生纠纷。
			</content>
		</dizhi>
		<dizhi id="2">
			<content id="1"></content>
			<content id="2"></content>
		</dizhi>
		<dizhi id="3">
			<content id="1">朋友部下少且不得力，即使有亦是趋炎附势之人，知心朋友较少，青年时期不适合与他人合伙，但晚年会好转，能获得帮助。
			</content>
			<content id="2">朋友部下少且不得力，即使有亦是趋炎附势之人，知心朋友较少，且易受朋友部下拖累而破耗多端，青年时期不适合与他人合伙。
			</content>
		</dizhi>
		<dizhi id="4">
			<content id="1"></content>
			<content id="2"></content>
		</dizhi>
		<dizhi id="5">
			<content id="1">朋友部下少且不得力，即使有亦是趋炎附势之人，知心朋友较少，青年时期不适合与他人合伙，但晚年会好转，能获得帮助。
			</content>
			<content id="2">朋友部下少且不得力，即使有亦是趋炎附势之人，知心朋友较少，且易受朋友部下拖累而破耗多端，青年时期不适合与他人合伙。
			</content>
		</dizhi>
		<dizhi id="6">
			<content id="1"></content>
			<content id="2"></content>
		</dizhi>
		<dizhi id="7">
			<content id="1">朋友部下少且不得力，即使有亦是趋炎附势之人，知心朋友较少，青年时期不适合与他人合伙，但晚年会好转，能获得帮助。
			</content>
			<content id="2">朋友部下少且不得力，即使有亦是趋炎附势之人，知心朋友较少，且易受朋友部下拖累而破耗多端，青年时期不适合与他人合伙。
			</content>
		</dizhi>
		<dizhi id="8">
			<content id="1"></content>
			<content id="2"></content>
		</dizhi>
		<dizhi id="9">
			<content id="1">朋友部下少且不得力，即使有亦是趋炎附势之人，知心朋友较少，青年时期不适合与他人合伙，但晚年会好转，能获得帮助。
			</content>
			<content id="2">朋友部下少且不得力，即使有亦是趋炎附势之人，知心朋友较少，且易受朋友部下拖累而破耗多端，青年时期不适合与他人合伙。
			</content>
		</dizhi>
		<dizhi id="10">
			<content id="1"></content>
			<content id="2"></content>
		</dizhi>
		<dizhi id="11">
			<content id="1">朋友部下少且不得力，即使有亦是趋炎附势之人，知心朋友较少，青年时期不适合与他人合伙，但晚年会好转，能获得帮助。
			</content>
			<content id="2">朋友部下少且不得力，即使有亦是趋炎附势之人，知心朋友较少，且易受朋友部下拖累而破耗多端，青年时期不适合与他人合伙。
			</content>
		</dizhi>
	</dashizhenyan>
	<dashizhenyan id="11" name="天梁">
		<dizhi id="0">
			<content id="1">朋友部下较多，且易得朋友部属的崇敬，朋友部属中有较多热心公益事业的，自己能获得较大助力。
			</content>
			<content id="2">朋友部下较多，较易获得朋友部属的崇敬。/n但易发生是非不和，或自己拖累损失。</content>
		</dizhi>
		<dizhi id="1">
			<content id="1">朋友部下较多，且易得朋友部属的崇敬，朋友部属中有较多热心公益事业的，自己能获得较大助力。
			</content>
			<content id="2">朋友部下较多，较易获得朋友部属的崇敬。/n但易发生是非不和，或自己拖累损失。</content>
		</dizhi>
		<dizhi id="2">
			<content id="1"></content>
			<content id="2"></content>
		</dizhi>
		<dizhi id="3">
			<content id="1"></content>
			<content id="2"></content>
		</dizhi>
		<dizhi id="4">
			<content id="1"></content>
			<content id="2"></content>
		</dizhi>
		<dizhi id="5">
			<content id="1">自己可获得普通助力，但朋友部属较少，且较为平庸，彼此之间感情较为一般，易发生是非纠纷。
			</content>
			<content id="2">朋友部属较少，且较为平庸，彼此之间感情较为一般，易发生是非纠纷。/n或自己易遭受朋友部属的背叛与算计，或易发生纷争结怨，侵呑财物。
			</content>
		</dizhi>
		<dizhi id="6">
			<content id="1">朋友部下较多，且易得朋友部属的崇敬，朋友部属中有较多热心公益事业的，自己能获得较大助力。
			</content>
			<content id="2">朋友部下较多，较易获得朋友部属的崇敬。/n但易发生是非不和，或自己拖累损失。</content>
		</dizhi>
		<dizhi id="7">
			<content id="1">朋友部下较多，且易得朋友部属的崇敬，朋友部属中有较多热心公益事业的，自己能获得较大助力。
			</content>
			<content id="2">朋友部下较多，较易获得朋友部属的崇敬。/n但易发生是非不和，或自己拖累损失。</content>
		</dizhi>
		<dizhi id="8">
			<content id="1"></content>
			<content id="2"></content>
		</dizhi>
		<dizhi id="9">
			<content id="1"></content>
			<content id="2"></content>
		</dizhi>
		<dizhi id="10">
			<content id="1"></content>
			<content id="2"></content>
		</dizhi>
		<dizhi id="11">
			<content id="1">自己可获得普通助力，但朋友部属较少，且较为平庸，彼此之间感情较为一般，易发生是非纠纷。
			</content>
			<content id="2">朋友部属较少，且较为平庸，彼此之间感情较为一般，易发生是非纠纷。/n或自己易遭受朋友部属的背叛与算计，或易发生纷争结怨，侵呑财物。
			</content>
		</dizhi>
	</dashizhenyan>
	<dashizhenyan id="12" name="七杀">
		<dizhi id="0">
			<content id="1">虽能获得帮助，但朋友部下较少，所交朋友大多性情刚烈偏激，或为游手好闲之人，或多在军警匪盗之中，同心有助者较少。/n部属易不听指挥，或花言巧语，阳奉阴违，甚则奴欺主、内盗，易受损失，且不太适合与人合伙。
			</content>
			<content id="2">朋友部下较少，所交朋友大多性情刚烈偏激，或为游手好闲之人，或多在军警匪盗之中，同心有助者较少。/n部属易不听指挥，或花言巧语，阳奉阴违，甚则奴欺主、内盗，恩将仇报，易受损失，且不太适合与人合伙。
			</content>
		</dizhi>
		<dizhi id="1">
			<content id="1"></content>
			<content id="2"></content>
		</dizhi>
		<dizhi id="2">
			<content id="1">虽能获得帮助，但朋友部下较少，所交朋友大多性情刚烈偏激，或为游手好闲之人，或多在军警匪盗之中，同心有助者较少。/n部属易不听指挥，或花言巧语，阳奉阴违，甚则奴欺主、内盗，易受损失，且不太适合与人合伙。
			</content>
			<content id="2">朋友部下较少，所交朋友大多性情刚烈偏激，或为游手好闲之人，或多在军警匪盗之中，同心有助者较少。/n部属易不听指挥，或花言巧语，阳奉阴违，甚则奴欺主、内盗，恩将仇报，易受损失，且不太适合与人合伙。
			</content>
		</dizhi>
		<dizhi id="3">
			<content id="1"></content>
			<content id="2"></content>
		</dizhi>
		<dizhi id="4">
			<content id="1">虽能获得帮助，但朋友部下较少，所交朋友大多性情刚烈偏激，或为游手好闲之人，或多在军警匪盗之中，同心有助者较少。/n部属易不听指挥，或花言巧语，阳奉阴违，甚则奴欺主、内盗，易受损失，且不太适合与人合伙。
			</content>
			<content id="2">朋友部下较少，所交朋友大多性情刚烈偏激，或为游手好闲之人，或多在军警匪盗之中，同心有助者较少。/n部属易不听指挥，或花言巧语，阳奉阴违，甚则奴欺主、内盗，恩将仇报，易受损失，且不太适合与人合伙。
			</content>
		</dizhi>
		<dizhi id="5">
			<content id="1"></content>
			<content id="2"></content>
		</dizhi>
		<dizhi id="6">
			<content id="1">虽能获得帮助，但朋友部下较少，所交朋友大多性情刚烈偏激，或为游手好闲之人，或多在军警匪盗之中，同心有助者较少。/n部属易不听指挥，或花言巧语，阳奉阴违，甚则奴欺主、内盗，易受损失，且不太适合与人合伙。
			</content>
			<content id="2">朋友部下较少，所交朋友大多性情刚烈偏激，或为游手好闲之人，或多在军警匪盗之中，同心有助者较少。/n部属易不听指挥，或花言巧语，阳奉阴违，甚则奴欺主、内盗，恩将仇报，易受损失，且不太适合与人合伙。
			</content>
		</dizhi>
		<dizhi id="7">
			<content id="1"></content>
			<content id="2"></content>
		</dizhi>
		<dizhi id="8">
			<content id="1">虽能获得帮助，但朋友部下较少，所交朋友大多性情刚烈偏激，或为游手好闲之人，或多在军警匪盗之中，同心有助者较少。/n部属易不听指挥，或花言巧语，阳奉阴违，甚则奴欺主、内盗，易受损失，且不太适合与人合伙。
			</content>
			<content id="2">朋友部下较少，所交朋友大多性情刚烈偏激，或为游手好闲之人，或多在军警匪盗之中，同心有助者较少。/n部属易不听指挥，或花言巧语，阳奉阴违，甚则奴欺主、内盗，恩将仇报，易受损失，且不太适合与人合伙。
			</content>
		</dizhi>
		<dizhi id="9">
			<content id="1"></content>
			<content id="2"></content>
		</dizhi>
		<dizhi id="10">
			<content id="1">虽能获得帮助，但朋友部下较少，所交朋友大多性情刚烈偏激，或为游手好闲之人，或多在军警匪盗之中，同心有助者较少。/n部属易不听指挥，或花言巧语，阳奉阴违，甚则奴欺主、内盗，易受损失，且不太适合与人合伙。
			</content>
			<content id="2">朋友部下较少，所交朋友大多性情刚烈偏激，或为游手好闲之人，或多在军警匪盗之中，同心有助者较少。/n部属易不听指挥，或花言巧语，阳奉阴违，甚则奴欺主、内盗，恩将仇报，易受损失，且不太适合与人合伙。
			</content>
		</dizhi>
		<dizhi id="11">
			<content id="1"></content>
			<content id="2"></content>
		</dizhi>
	</dashizhenyan>
	<dashizhenyan id="13" name="破军">
		<dizhi id="0">
			<content id="1">所交朋友各有特长，但聪明才智往往向畸形方向发展，思想见解不同凡俗。/n朋友部下性刚凶猛，欺善怕恶，干劲很大。/n朋友部下同心者少，小人多，无情义者多，朋友越多麻烦越大，常招怨、背弃而损耗。/n朋友、合伙伙伴年龄相差较大，可得年轻冲劲大的助手，助力也较大。
			</content>
			<content id="2">所交朋友各有特长，但聪明才智往往向畸形方向发展，思想见解不同凡俗。/n朋友部下性刚凶猛，欺善怕恶，干劲很大。/n朋友部下同心者少，小人多，无情义者多，朋友越多麻烦越大，常招怨、背弃而损耗。/n朋友、合伙伙伴年龄相差较大，可得年轻冲劲大的助手。/n但易受倾扎或威胁，或较多麻烦，易受拖累损耗。
			</content>
		</dizhi>
		<dizhi id="1">
			<content id="1"></content>
			<content id="2"></content>
		</dizhi>
		<dizhi id="2">
			<content id="1">所交朋友各有特长，但聪明才智往往向畸形方向发展，思想见解不同凡俗。/n朋友部下性刚凶猛，欺善怕恶，干劲很大。/n朋友部下同心者少，小人多，无情义者多，朋友越多麻烦越大，常招怨、背弃而损耗。/n朋友、合伙伙伴年龄相差较大，可得年轻冲劲大的助手，也能获得帮助，但易被朋友部属埋怨背弃而离散。
			</content>
			<content id="2">所交朋友各有特长，但聪明才智往往向畸形方向发展，思想见解不同凡俗。/n朋友部下性刚凶猛，欺善怕恶，干劲很大。/n朋友部下同心者少，小人多，无情义者多，朋友越多麻烦越大，常招怨、背弃而损耗。/n或易与流氓黑社会有染，易受拖累或偷盗而大破败，甚则受伤害、招官灾横祸。
			</content>
		</dizhi>
		<dizhi id="3">
			<content id="1"></content>
			<content id="2"></content>
		</dizhi>
		<dizhi id="4">
			<content id="1">所交朋友各有特长，但聪明才智往往向畸形方向发展，思想见解不同凡俗。/n朋友部下性刚凶猛，欺善怕恶，干劲很大。/n朋友部下同心者少，小人多，无情义者多，朋友越多麻烦越大，常招怨、背弃而损耗。/n朋友、合伙伙伴年龄相差较大，可得年轻冲劲大的助手，助力也较大。
			</content>
			<content id="2">所交朋友各有特长，但聪明才智往往向畸形方向发展，思想见解不同凡俗。/n朋友部下性刚凶猛，欺善怕恶，干劲很大。/n朋友部下同心者少，小人多，无情义者多，朋友越多麻烦越大，常招怨、背弃而损耗。/n朋友、合伙伙伴年龄相差较大，可得年轻冲劲大的助手。/n但易受倾扎或威胁，或较多麻烦，易受拖累损耗。
			</content>
		</dizhi>
		<dizhi id="5">
			<content id="1"></content>
			<content id="2"></content>
		</dizhi>
		<dizhi id="6">
			<content id="1">所交朋友各有特长，但聪明才智往往向畸形方向发展，思想见解不同凡俗。/n朋友部下性刚凶猛，欺善怕恶，干劲很大。/n朋友部下同心者少，小人多，无情义者多，朋友越多麻烦越大，常招怨、背弃而损耗。/n朋友、合伙伙伴年龄相差较大，可得年轻冲劲大的助手，助力也较大。
			</content>
			<content id="2">所交朋友各有特长，但聪明才智往往向畸形方向发展，思想见解不同凡俗。/n朋友部下性刚凶猛，欺善怕恶，干劲很大。/n朋友部下同心者少，小人多，无情义者多，朋友越多麻烦越大，常招怨、背弃而损耗。/n朋友、合伙伙伴年龄相差较大，可得年轻冲劲大的助手。/n但易受倾扎或威胁，或较多麻烦，易受拖累损耗。
			</content>
		</dizhi>
		<dizhi id="7">
			<content id="1"></content>
			<content id="2"></content>
		</dizhi>
		<dizhi id="8">
			<content id="1">所交朋友各有特长，但聪明才智往往向畸形方向发展，思想见解不同凡俗。/n朋友部下性刚凶猛，欺善怕恶，干劲很大。/n朋友部下同心者少，小人多，无情义者多，朋友越多麻烦越大，常招怨、背弃而损耗。/n朋友、合伙伙伴年龄相差较大，可得年轻冲劲大的助手，也能获得帮助，但易被朋友部属埋怨背弃而离散。
			</content>
			<content id="2">所交朋友各有特长，但聪明才智往往向畸形方向发展，思想见解不同凡俗。/n朋友部下性刚凶猛，欺善怕恶，干劲很大。/n朋友部下同心者少，小人多，无情义者多，朋友越多麻烦越大，常招怨、背弃而损耗。/n或易与流氓黑社会有染，易受拖累或偷盗而大破败，甚则受伤害、招官灾横祸。
			</content>
		</dizhi>
		<dizhi id="9">
			<content id="1"></content>
			<content id="2"></content>
		</dizhi>
		<dizhi id="10">
			<content id="1">所交朋友各有特长，但聪明才智往往向畸形方向发展，思想见解不同凡俗。/n朋友部下性刚凶猛，欺善怕恶，干劲很大。/n朋友部下同心者少，小人多，无情义者多，朋友越多麻烦越大，常招怨、背弃而损耗。/n朋友、合伙伙伴年龄相差较大，可得年轻冲劲大的助手，助力也较大。
			</content>
			<content id="2">所交朋友各有特长，但聪明才智往往向畸形方向发展，思想见解不同凡俗。/n朋友部下性刚凶猛，欺善怕恶，干劲很大。/n朋友部下同心者少，小人多，无情义者多，朋友越多麻烦越大，常招怨、背弃而损耗。/n朋友、合伙伙伴年龄相差较大，可得年轻冲劲大的助手。/n但易受倾扎或威胁，或较多麻烦，易受拖累损耗。
			</content>
		</dizhi>
		<dizhi id="11">
			<content id="1"></content>
			<content id="2"></content>
		</dizhi>
	</dashizhenyan>
</root>
