<?xml version="1.0" encoding="UTF-8"?>
<root><xingdi id="13" name="破军"><gong><item>您是个喜欢运动的人</item><item>您在朋友、部属间担当领导者角色，施权、号令别人。</item><item>您会为事业奔波、劳禄，配偶花钱会很厉害。</item><item>您的子女聪明乖巧，将来的成就会相当大。</item><item>您年纪大后发财会容易保存下来，或者需要以先去后来、先破后得的财富才容易守住。</item><item>您可能会因为文书、文件劳累心神，个性也比较怪异。</item><item>您会奔波、劳禄，做事东奔西走。</item><item>您在友人中可掌权，说话受人重视，而且容易获得帮助。</item><item>您的事业中变动大，如果能充份授权，再加以教导、辅助，则容易使事业更加辉煌，本身也不用过度奔波，而能控制整个组织。</item><item>您的家中因为某些原因常修整。</item><item>您会因为享受会有较大的花费。</item><item>您的父母耗费在幼辈上的精神、财力不少。</item></gong></xingdi><xingdi id="11" name="天梁"><gong><item>您喜独树一格，扮演什么都比别人强的姿态，言词锋利，折服不少人。喜欢管他人事，好打抱不平。</item><item>您会听哥哥的话，但有时也顶撞他，同时哥哥较会约束自己。</item><item>您的配偶喜欢掌权，能说善道，很会教训人。</item><item>您的子女善于争辩，口才了得。</item><item>您的辛勤努力最后会得到回报，带有亲长管束之意。</item><item>您的父母管教严厉，本身言语调皮或霸道。</item><item>您在外喜欢称老大，领导群体。</item><item>您结交的朋友善吹嘘、称老大、装专家、扮善人。</item><item>您个性直，霸道但讲理。\n上班的公司，上级或老板较严厉。注意工作中吹嘘不实的人或事。</item><item>您家附近有大树，或家中有大型木器。</item><item>您喜欢别人恭维，也爱好文艺。</item><item>父母有威权，你很孝敬他们，虽有时难予苟同，亦是顺从、受教。</item></gong></xingdi><xingdi id="1" name="天机"><gong><item>您善筹划自已的事，精打细算、能干，会计划性地往远方发展 。</item><item>您的兄弟容易有变迁、变故。</item><item>您们夫妻之间易起纷争，易生矛盾。</item><item>您的子女会相当聪明，善于机变。</item><item>您拥有良好的策划能力，善于财帛之筹划、运用、调度。</item><item>您的肝容易有问题、易染流行性疾病、四肢易受伤。</item><item>您做事常常会远离父母，远走他乡。</item><item>您的朋友多为高智慧的人，遇到麻烦可以向朋友询问解决办法。</item><item>你对创业肯用心，肯用智慧于事业中。有改变工作的能力，事事求变，处处求新。</item><item>如果家中摆设不是常发生变动，那么就可能是常有搬家情况出现。</item><item>您心思常变，想法涉及很广，享受方式也常变，喜欢研究宗教、哲学、阴阳学。</item><item>父母聪明巧智，把孩子教育得很好。</item></gong></xingdi><xingdi id="4" name="天同"><gong><item>您福星加权，较能激发干劲。少劳多获，快乐安祥。</item><item>您的兄弟姐妹较懒散，相互推委工作，争相享受清闲。</item><item>您的配偶懂得享受。</item><item>您的子女会注重身体健康，善于安享。</item><item>您的运气好，创业容易，坐享其成，赚的比预计的多，而心满意足地筹划如何享用。</item><item>您会健康长寿，有福可享，遇到病痛困难也会很快解决。</item><item>您在外有福可享，在外发展较为容易。</item><item>您朋友多，而且都是懂享受之人。</item><item>您创业多靠社交，以交际手腕获得利益，可进可退，可攻可守。</item><item>您喜欢在家中当王爷、享受。</item><item>您福气好，身体健康长寿。</item><item>您的父母有福气，健康长寿。自己聪明理智，知进退。</item></gong></xingdi><xingdi id="7" name="太阴"><gong><item>您喜欢享受，自得其乐，太阴失辉无福。会创业、奔波、劳碌、有干劲。</item><item>您的姐妹会出现劳碌、奔波、创业等现象。</item><item>您的太太（女性代表自己）能干，积极创业。</item><item>您的女儿较刻苦耐劳、喜欢创业。</item><item>您可以考虑创业，辛苦后会有所成就。</item><item>您常常会忧闷，又固执难劝解，遇到问题又不会告诉他人。</item><item>女性可以创业、奔波、劳碌，创业可掌实权。\n男性外出，常有混在女儿圈之机运。</item><item>您的女性朋友多，而且是能劳苦、创业之人。</item><item>女性创业、奔波、劳碌，因为有才华、能掌权。也可能掌实权，但无名位。\n男性事业多得女人相助。</item><item>家中女人掌权，男性喜欢在家婆婆妈妈，管东管西。</item><item>您桃花缘好，但也懂得节制。</item><item>父母和子女意见有分歧，较难沟通，有时免不了争执。</item></gong></xingdi><xingdi id="8" name="贪狼"><gong><item>您能干、有作为、有辩才、好交际应酬、风流、异性缘深、桃花旺、喜欢掌权、顽固、固执。</item><item>您的兄弟姐妹固执、霸道。</item><item>您的配偶配偶被动处事，包含爱情也是。</item><item>您会在家中称霸，要求家里人服从您，与子女不合。</item><item>您喜欢创业，很能冲刺，横发旺得，为人好客。</item><item>您顽固、喜欢掌权、桃花旺，容易有外伤。</item><item>您喜欢掌权、有冲劲。异性缘多，在外好客、好酒食，桃花不少。</item><item>您的异性缘好，好动、有冲劲，但同时又好酒色。</item><item>您喜欢创业，掌暗权，肯拼搏、有冲劲，有机遇、异性缘好，适合娱乐事业。</item><item>家中会出现迁动，懂得享福，桃花缘好。</item><item>您喜欢酒色享乐，同时可能会爱上赌博。</item><item>您为人聪明机智，但可能容易发生意外伤害。</item></gong></xingdi><xingdi id="3" name="武曲"><gong><item>您会创业，又代表灾。\n代表个性刚强。\n男命代表创业、奔波、劳心、劳碌，惟无往不利。\n女命不宜，代表寡宿，若不晚婚，恐要寡居。</item><item>您的兄弟姐妹喜掌权。</item><item>男性在家会怕老婆，但是会花心寻找异性。\n女性就会是掌控权力，相夫教子。</item><item>您的子女个性刚强、不受管教。</item><item> 您的财势旺，手中玩的都是钱，或如支付工具–支票、资金的化身–股票等等。</item><item>您的身体容易出现问题，女性更要注意，容易会流产。</item><item>您会为创业奔波、劳碌。</item><item>您的朋友个性刚强，而且金融界朋友较多。</item><item>您会得财权，可以成为武职或金融人员，而且职位不低。</item><item>您的家中多大型金属物品。</item><item>您喜欢掌财，热衷于玩钞票的快感。</item><item>您容易发生和金属有关的事故，女性怀孕时还需要注意发生流产事故。</item></gong></xingdi><xingdi id="2" name="太阳"><gong><item>您刚强、创业、固执、好表现、求胜心切。女命不宜。</item><item>您的兄弟喜出风头、好胜心强、自行创业。</item><item>您夫妻间意见不和，容易产生分歧，严重的有可能会离婚。</item><item>您创业经过努力会容易获得成功。</item><item>您创业有希望，发展迅速，得心应守，理财更是有一套。</item><item>您固执、好胜心强、自尊心强，身体容易出毛病。</item><item>男性创业有希望，可掌实权，会辛劳奔波。\n女性在外亦忙碌，接触男性多的场合。</item><item>您的男性朋友多，而且多为老板、管理阶层人士。</item><item>男性代表有老板格，掌实权，或为管理阶层。\n女性会有男子志，喜欢出风头。可以成为政治、外交职员，或民意代表。</item><item>女性在家掌权、常与先生争权，同时创业成功机会大。</item><item>您把交际看得比较重，喜欢结交朋友。</item><item>家中老婆称霸，掌控主权。</item></gong></xingdi><xingdi id="0" name="紫微"><gong><item>您能力强，有领导统御之长才，大权在握。</item><item>您的兄弟有威权。</item><item>您的事业环境较为良好，配偶权势不小。</item><item>您的子女喜称老大，家里家外都喜欢掌权。</item><item>您适合创业，掌财有方，理财有福。</item><item>您的身体容易出现毛病，创业也会容易遇到麻烦。</item><item>您出外得贵人相助，受扶持，适合往外发展。</item><item>您有公务员身份的朋友，或权势较大的朋友。</item><item>您可掌实权，且容易受人提拔，升迁快，官越作越大。如果是私人机构，也会得到贵人帮助。</item><item>您的家中陈设高贵大方。</item><item>您为人清高，同时也喜欢享受清高之福。</item><item>您的父母有贵气，自己事业上需要注意提防小人，以免导致事业不利。</item></gong></xingdi><xingdi id="9" name="巨门"><gong><item>您口才好，言词铿锵有力，条理分明。动则有利，开口得财。注意不要得理不饶人，否则易遭非议。</item><item>您的兄弟口才不错，但可能发生兄弟间的口角情事，严重且激烈。</item><item>您的夫妻口角争吵多，夫不让妻，妻不让夫，各自以为是。</item><item>您与子女观念悬殊，意见容易产生分歧，常常争辩。</item><item>您的口才好，可以以选择重口才的职业，争竞中得财。</item><item>您容易与小人多争执，处理文件的时候容易出错。</item><item>您在外可以口为业，口才不错，但难免会出现是非争论。</item><item>您容易和朋友争论，或陷入朋友的麻烦中。</item><item>您口才好，适合以口为重的事业，说话有份量，唯一的毛病是太强硬，有些人受不了。适合选择法官、律师、教师等职业。</item><item>家中易生争辩，时有口角出现。</item><item>您心中容易产生矛盾，会自己一个人去争辩事物。</item><item>您的父母容易发生争吵，自己也容易被牵涉进去。</item></gong></xingdi></root>