<?xml version="1.0" encoding="UTF-8"?>
<root><xingdi id="0" name="紫微"><jiexinan>男命紫微居福德为闲宫，从进取角度上论不算好，较会耽于享受、懒散、缺乏雄心壮志，但从福基上论还是根厚的，能享受崇高之乐，加会左辅右弼等吉星者更为有福。
福德宫及命宫皆吉、入庙无煞星，寿命可达八十四岁，同宫有擎羊、陀罗、火星、铃星、地空、地劫递减。
一生常得长辈和贵人相助，快乐、福厚、长寿，为人热心公益，品德高尚，广交遊，深得大众尊敬，但主观，随心所欲，内心空虚，孤僻。</jiexinan><jiexinu>女命逢紫微，为强宫，吉则终生福厚、富贵安然、品德高尚，逢凶减福。
福德宫及命宫皆吉、入庙无煞星，寿命可达八十四岁，同宫有擎羊、陀罗、火星、铃星、地空、地劫递减。
一生常得长辈和贵人相助，快乐、福厚、长寿，为人热心公益，品德高尚，广交遊，深得大众尊敬，但主观，随心所欲，内心空虚，孤僻。</jiexinu><miaowang></miaowang><di></di><pingxian></pingxian></xingdi><xingdi id="1" name="天机"><jiexinan>福德宫及命宫皆吉，庙旺无煞，寿可达六十三岁以上，加恶煞递减。
一生多思多虑，多心机，操心辛劳，动荡，不得安闲，先苦后甜，能自寻享受，中晚年安亨。为人较温柔，衣着随便，做事稍欠周密，患得患失；兴趣广泛，求知欲强，但多学而不精；喜宗教、学术、五术。</jiexinan><jiexinu>福德宫及命宫皆吉，庙旺无煞，寿可达六十三岁以上，加恶煞递减。
一生多思多虑，多心机，操心辛劳，动荡，不得安闲，先苦后甜，能自寻享受，中晚年安亨。为人较温柔，衣着随便，做事稍欠周密，患得患失；兴趣广泛，求知欲强，但多学而不精；喜宗教、学术、五术。</jiexinu><miaowang>早年较辛劳操心，晚年才可安乐。</miaowang><di></di><pingxian>多思虑而钻牛角尖，多学而不专，动荡不安；加会地空地劫华盖，多波折而产生消极，转向信仰宗教。</pingxian></xingdi><xingdi id="2" name="太阳"><jiexinan>福德宫及命宫皆吉，庙旺无煞，寿可达七十岁以上。
无论旺衰，均主急躁，开朗豪爽，自尊心和虚荣心强，重名誉，喜动不喜静，勤劳，忙碌，喜社交。行事主动、积极，因此生活可说是过的非常忙碌。喜爱热闹和参加团体活动。在社交上也是活跃的一员。 </jiexinan><jiexinu>本宫及命宫皆吉，庙旺无煞，寿可达七十岁以上。
行事主动、积极，因此生活可说是过的非常忙碌。喜爱热闹和参加团体活动。在社交上也是活跃的一员。 </jiexinu><miaowang>个性开朗豪迈，不拘小节，一生很忙，但劳而获福，财源旺，多贵人助，有福寿和富贵，生活充满活力。</miaowang><di></di><pingxian>一生劳碌，招是非，烦躁不安；夜生人更多忧多虑，自寻忙碌和烦恼。</pingxian></xingdi><xingdi id="3" name="武曲"><jiexinan>福德宫及命宫皆吉、庙旺无煞，寿可达六十以上。
一生为追求钱财而操心劳碌，勤劳俭朴，会赚钱但不会享受，以事业奔忙为荣，晚年发达。重感情，易冲动行事，为性急、欠思虑、固执之人。</jiexinan><jiexinu>福德宫及命宫皆吉、庙旺无煞，寿可达六十以上。
一生为追求钱财而操心劳碌，勤劳俭朴，会赚钱但不会享受，以事业奔忙为荣，晚年发达。重感情，易冲动行事，为性急、欠思虑、固执之人。</jiexinu><miaowang>一生衣食无忧，中年后安乐享福，多物质享受。</miaowang><di></di><pingxian></pingxian></xingdi><xingdi id="4" name="天同"><jiexinan>福星入福德宫为得地，有福禄寿。福德宫及命宫皆吉，庙旺无煞，寿达93岁。
老顽童的心性，一生精神愉快，少发气，懂享受，有生活情趣，知足常乐，有福寿；为人未免贪图享受而少创劲，做事拖拉，懒散，坐享其成，但懒人有懒福，劳碌事有人代劳，理想高而懒动。较懂人情世故，但易受周围意同宫有的扰乱而改变自己的主张，因而易遭到失败，造成烦恼。喜加会科文星，精神享受情趣高雅。</jiexinan><jiexinu>福星入福德宫为得地，有福禄寿。福德宫及命宫皆吉，庙旺无煞，寿达93岁。
老顡童的心性，一生精神愉快，少发气，懂享受，有生活情趣，知足常乐，有福寿；为人未免贪图享受而少创劲，做事拖拉，懒散，坐享其成，但懒人有懒福，劳碌事有人代劳，理想高而懒动。较懂人情世故，但易受周围意同宫有的扰乱而改变自己的主张，因而易遭到失败，造成烦恼。喜加会科文星，精神享受情趣高雅。</jiexinu><miaowang>一生知足常乐，精神享受高尚，有福有寿，为懂人情世故之人。</miaowang><di></di><pingxian>财源不足，少享受，多辛劳操心，减福减寿，但仍能知足而乐。</pingxian></xingdi><xingdi id="5" name="廉贞"><jiexinan>福德宫及命宫皆吉，庙旺无煞，寿可达70岁以上。
您是天生劳碌命，虚荣心强，关心政治，外表清高，内心争权，多思多虑，劳心劳力，喜交际应酬，闲不住，兴趣由忙碌而来，须经艰苦奋斗才能有成就，晚年可享福。表面理智冷静，内里忙碌，受冷静与热情矛盾的冲击，用情不专，易生烦恼。</jiexinan><jiexinu>福德宫及命宫皆吉，庙旺无煞，寿可达70岁以上。
您是天生劳碌命，虚荣心强，关心政治，外表清高，内心争权，多思多虑，劳心劳力，喜交际应酬，闲不住，兴趣由忙碌而来，须经艰苦奋斗才能有成就，晚年可享福。表面理智冷静，内里忙碌，受冷静与热情矛盾的冲击，用情不专，易生烦恼。</jiexinu><miaowang>忙中得福。</miaowang><di></di><pingxian>福浅，终日忧虑不安。</pingxian></xingdi><xingdi id="6" name="天府"><jiexinan>福德宫及命宫皆吉，寿达80岁以上。
福厚、富贵、长寿，一生安享清福。天生安闲乐观，喜享受，即使碰到不如意的事情也不会沮丧；为人忠厚宽广，勤俭，多才艺，摆阔气，重视外表，爱面子，讲究饮食，谨慎行事。</jiexinan><jiexinu>福德宫及命宫皆吉，寿达80岁以上。
福厚、富贵、长寿，一生安享清福。天生安闲乐观，喜享受，即使碰到不如意的事情也不会沮丧；为人忠厚宽广，勤俭，多才艺，摆阔气，重视外表，爱面子，讲究饮食，谨慎行事。</jiexinu><miaowang>福禄双全，财运好。</miaowang><di></di><pingxian>辛劳多虑。</pingxian></xingdi><xingdi id="7" name="太阴"><jiexinan>福德宫及命宫皆吉，庙旺无煞，寿达75岁以上。
性内向，爱面子，爱整洁，喜宁静，不爱竞争，创劲不足，忠孝，仁爱，明理，思想浪漫，风流倜傥，重视精神享受，多学多能，较忙碌。男命带桃花，异性缘佳。夜生人较好。</jiexinan><jiexinu>福德宫及命宫皆吉，庙旺无煞，寿达75岁以上。
性内向，爱面子，爱整洁，喜宁静，不爱竞争，创劲不足，忠孝，仁爱，明理，思想浪漫，风流倜傥，重视精神享受，多学多能，较忙碌。</jiexinu><miaowang>福禄双全，安乐享福，有寿。</miaowang><di>有忧有喜，劳碌不安，劳而有成，晚年享福。</di><pingxian>平常，精神孤独，悲观内向，自找麻烦，劳碌，福禄少。</pingxian></xingdi><xingdi id="8" name="贪狼"><jiexinan>入庙无破，命宫又吉者，主贵而有寿，寿可达63岁以上。
贪狼为放纵之星，福份少，一生劳心劳碌。放纵，欲望过多，心中常觉不满足，不安现状，追求新潮，因而多思虑和困扰不安。长袖善舞，多交际应酬，吃喝玩乐皆好，有口福、艳遇。</jiexinan><jiexinu>入庙无破，命宫又吉者，主贵而有寿，寿可达63岁以上。
贪狼为放纵之星，福份少，一生劳心劳碌。放纵，欲望过多，心中常觉不满足，不安现状，追求新潮，因而多思虑和困扰不安。长袖善舞，多交际应酬，吃喝玩乐皆好，有口福、艳遇。</jiexinu><miaowang></miaowang><di></di><pingxian></pingxian></xingdi><xingdi id="9" name="巨门"><jiexinan>巨门星入福德宫，其凶性稍减。本宫及命宫皆吉，庙旺无煞，寿可达70岁以上。
为人固执多疑，终日心思不宁，烦恼多，少快乐。凡事必亲为，喜竞争，事无论大小均要过问，一生劳心劳力而难遂，小福易得，大福难求，爱吃零食，多是非纷争。</jiexinan><jiexinu>巨门星入福德宫，其凶性稍减。本宫及命宫皆吉，庙旺无煞，寿可达70岁以上。
为人固执多疑，终日心思不宁，烦恼多，少快乐。凡事必亲为，喜竞争，事无论大小均要过问，一生劳心劳力而难遂，小福易得，大福难求，爱吃零食，多是非纷争。</jiexinu><miaowang>虽有福，亦多操心，喜竞争，不安定，好生是非。</miaowang><di></di><pingxian>一生辛劳忧愁多，口舌是非多，不得安宁，神经衰弱。</pingxian></xingdi><xingdi id="10" name="天相"><jiexinan>福德宫及命宫皆吉者，寿可达80岁以上。
天相入福德宫为得地，最有福寿，生活安然无忧，善于为人处世，虚荣心强，重视声誉，重视物质享受，讲够穿着美食。易受同会或相邻星曜的影响。</jiexinan><jiexinu>福德宫及命宫皆吉者，寿可达80岁以上。
天相入福德宫为得地，最有福寿，生活安然无忧，善于为人处世，虚荣心强，重视声誉，重视物质享受，讲够穿着美食。易受同会或相邻星曜的影响。</jiexinu><miaowang>有原则，有理想，做事较稳妥，安逸享福，多乐少忧，有禄有寿。</miaowang><di></di><pingxian>理想高，难实现，失望大，辛劳，福份普通。</pingxian></xingdi><xingdi id="11" name="天梁"><jiexinan>天梁星本是寿星，福德宫及命宫皆吉者，寿达83岁以上。
天梁星是荫星，多得祖上福荫和长辈的关怀。重视精神享受，有精神寄托，福绵长，喜清闲自乐；有慧根、善根，预感力强；开朗豪爽，喜好文学、医学、宗教和养生之道，为乐于教导和服务于他人、行善积德之人，因而获福。重视名利，喜出风头，亦有烦恼的时候，但过后则好，不放心上。</jiexinan><jiexinu>天梁星本是寿星，福德宫及命宫皆吉者，寿达83岁以上。
天梁星又是荫星，多得祖上福荫和长辈的关怀。重视精神享受，有精神寄托，福绵长，喜清闲自乐；有慧根、善根，预感力强；开朗豪爽，喜好文学、医学、宗教和养生之道，为乐于教导和服务于他人、行善积德之人，因而获福。重视名利，喜出风头，亦有烦恼的时候，但过后则好，不放心上。</jiexinu><miaowang>喜爱悠闲，清廉无私，喜欢服务他人，有名士风度，福寿双全，安乐享受。</miaowang><di></di><pingxian>为人较会懒散偷闲，不信任别人，但仍稍为有福。</pingxian></xingdi><xingdi id="12" name="七杀"><jiexinan>七杀星入福德宫为不宜，凶意表露无遣，除申酉宫较为有福外，其它宫难得有福。
福德宫入庙吉多，命宫又吉者，寿达60岁以上。
一生忙碌操劳，身心都扑在工作上，性情急躁，不能按步就班地工作，刚强好胜，对自己和他人要求过严，自寻烦恼，不能心平气和，虽热情好客，但多感情困扰，婚姻不顺，屡生波折。对社会现象也不满，难过平静的生活，甚至有偷别人东西的怪僻。有理想，但偏重于个人利益，逢挫折就认为命不如人、怀才不遇，多牢骚。欠周密的考虑，每因冒昧作出决定而遭挫折。身份地位不高，劳碌劳心，常跑外勤，理想高而无实际，失望大，易有纷争，与人结怨，很难安静享福。</jiexinan><jiexinu>七杀星入福德宫为不宜，凶意表露无遣，除申酉宫较为有福外，其它宫难得有福。
福德宫入庙吉多，命宫又吉者，寿达60岁以上。
一生忙碌操劳，身心都扑在工作上，性情急躁，不能按步就班地工作，刚强好胜，对自己和他人要求过严，自寻烦恼，不能心平气和，虽热情好客，但多感情困扰，婚姻不顺，屡生波折。对社会现象也不满，难过平静的生活，甚至有偷别人东西的怪僻。有理想，但偏重于个人利益，逢挫折就认为命不如人、怀才不遇，多牢骚。欠周密的考虑，每因冒昧作出决定而遭挫折。身份地位不高，劳碌劳心，常跑外勤，理想高而无实际，失望大，易有纷争，与人结怨，很难安静享福。</jiexinu><miaowang>做事果断，干脆利落，效率高，劳心费力，不能享清福。</miaowang><di></di><pingxian>做事迟疑不决，事后多后悔，易改变原来的主意，很辛劳，福薄寿短。</pingxian></xingdi><xingdi id="13" name="破军"><jiexinan>福德宫庙旺吉多，命宫又吉者，寿达57岁以上。
对他人要求过严，感情强烈，头脑难得安闲，思虑太多，挥霍浪费，且太过追求享受，因而无清福可享。有开创和奋斗精神，勤奋不息，凡事亲为，一生劳心劳力，多漂泊动荡不定，但劳而无功，身心不宁，成天焦躁不安，苦闷不乐，心理难平静，且刑伤灾祸事多，有短寿之虑。</jiexinan><jiexinu>福德宫庙旺吉多，命宫又吉者，寿达57岁以上。
对他人要求过严，感情强烈，头脑难得安闲，思虑太多，挥霍浪费，且太过追求享受，因而无清福可享。有开创和奋斗精神，勤奋不息，凡事亲为，一生劳心劳力，多漂泊动荡不定，但劳而无功，身心不宁，成天焦躁不安，苦闷不乐，心理难平静，且刑伤灾祸事多，有短寿之虑。</jiexinu><miaowang></miaowang><di></di><pingxian></pingxian></xingdi><xingdi id="0#13" name="紫微星+破军星"><jiexinan>有开创精神，自我陶醉，主观固执，不信任别人，凡事亲恭，早年较劳心劳力，晚年稍好。</jiexinan><jiexinu>有开创精神，自我陶醉，主观固执，不信任别人，凡事亲恭，早年较劳心劳力，晚年稍好。</jiexinu><miaowang></miaowang><di></di><pingxian></pingxian></xingdi><xingdi id="0#6" name="紫微星+天府星"><jiexinan>热心公益、交游，朋友多，得众人敬爱与信赖；终生福厚，安乐享受，身心安宁，年高寿长；生性乐观，讲够享受，豪华气派，随心所欲。</jiexinan><jiexinu>热心公益、交游，朋友多，得众人敬爱与信赖；终生福厚，安乐享受，身心安宁，年高寿长；生性乐观，讲够享受，豪华气派，随心所欲。</jiexinu><miaowang></miaowang><di></di><pingxian></pingxian></xingdi><xingdi id="0#8" name="紫微星+贪狼星"><jiexinan>主观，男命风流好色；早年不利，晚年福份较好而享乐。</jiexinan><jiexinu>主观，淫荡；早年不利，晚年福份较好而享乐。</jiexinu><miaowang></miaowang><di></di><pingxian></pingxian></xingdi><xingdi id="0#10" name="紫微星+天相星"><jiexinan>身心安逸快乐，福禄寿全，但次于紫微星和天府星同宫。</jiexinan><jiexinu>身心安逸快乐，福禄寿全，但次于紫微星和天府星同宫。</jiexinu><miaowang></miaowang><di></di><pingxian></pingxian></xingdi><xingdi id="0#12" name="紫微星+七杀星"><jiexinan>性情刚烈，主观霸道，理想太高，常为不达理想而烦恼；早年辛劳，中晚年较安逸。
</jiexinan><jiexinu>性情刚烈，主观霸道，理想太高，常为不达理想而烦恼；早年辛劳，中晚年较安逸。
</jiexinu><miaowang></miaowang><di></di><pingxian></pingxian></xingdi><xingdi id="1#7" name="天机星+太阴星"><jiexinan>代表人温和善良，富研究心，对文学、艺术、五术均有兴趣，分析能力强，多辩才，多思多虑，虽有福禄而不能安闲地亨福，心忙意乱，喜闹中取乐，以操劳为乐。老运看福德，机阴入福德，表示老运多奔波，难得享清福。</jiexinan><jiexinu>代表人温和善良，富研究心，对文学、艺术、五术均有兴趣，分析能力强，多辩才，多思多虑，虽有福禄而不能安闲地亨福，心忙意乱，喜闹中取乐，以操劳为乐。老运看福德，机阴入福德，表示老运多奔波，难得享清福。</jiexinu><miaowang></miaowang><di></di><pingxian></pingxian></xingdi><xingdi id="1#9" name="天机星+巨门星"><jiexinan>劳心劳力，动荡多变，卯宫较好。为人灵活机敏，分析力强，有辩才，辛勤努力，同宫有文昌文曲更佳；多唠叨，骄傲，中途易改变主张，或半途而废，或生追悔之心。</jiexinan><jiexinu>劳心劳力，动荡多变，卯宫较好。为人灵活机敏，分析力强，有辩才，辛勤努力，同宫有文昌文曲更佳；多唠叨，骄傲，中途易改变主张，或半途而废，或生追悔之心。
</jiexinu><miaowang></miaowang><di></di><pingxian></pingxian></xingdi><xingdi id="1#11" name="天机星+天梁星"><jiexinan>分析能力强，机敏有谋，心地善良，喜爱悠闲和享受，较有福禄，一生能过安乐的日子。
</jiexinan><jiexinu>分析能力强，机敏有谋，心地善良，喜爱悠闲和享受，较有福禄，一生能过安乐的日子。
</jiexinu><miaowang></miaowang><di></di><pingxian></pingxian></xingdi><xingdi id="2#7" name="太阳星+太阴星"><jiexinan>阴阳调和，虽奔忙而福厚；戍宫较差，不得安宁。日生人较虚荣，夜生人多享受。</jiexinan><jiexinu>阴阳调和，虽奔忙而福厚；戍宫较差，不得安宁。日生人较虚荣，夜生人多享受。</jiexinu><miaowang></miaowang><di></di><pingxian></pingxian></xingdi><xingdi id="2#9" name="太阳星+巨门星"><jiexinan>劳心劳力而不得安闲，生活不安定，凡事亲为，多是非烦恼；年青时艰辛，很拼命干，中年后工作比较安定和轻松；为人热心，不拘小节。
</jiexinan><jiexinu>劳心劳力而不得安闲，生活不安定，凡事亲为，多是非烦恼；年青时艰辛，很拼命干，中年后工作比较安定和轻松；为人热心，不拘小节。
</jiexinu><miaowang></miaowang><di></di><pingxian></pingxian></xingdi><xingdi id="2#11" name="太阳星+天梁星"><jiexinan>有名士风度，喜悠闲生活，自寻忙碌，忙中得乐，自尊心强，食古不化。卯宫忙中得福，酉宫劳而福薄。适合做幕后策划或作副职，强出头必招怨谤而增烦恼。</jiexinan><jiexinu>有名士风度，喜悠闲生活，自寻忙碌，忙中得乐，自尊心强，食古不化。卯宫忙中得福，酉宫劳而福薄。适合做幕后策划或作副职，强出头必招怨谤而增烦恼。</jiexinu><miaowang></miaowang><di></di><pingxian></pingxian></xingdi><xingdi id="3#12" name="武曲星+七杀星"><jiexinan>一生奔忙，多忧少乐，生活多变不安，独力经营，身心不得安闲，或时常生病，福气较少。</jiexinan><jiexinu>一生奔忙，多忧少乐，生活多变不安，独力经营，身心不得安闲，或时常生病，福气较少。</jiexinu><miaowang></miaowang><di></di><pingxian></pingxian></xingdi><xingdi id="3#10" name="武曲星+天相星"><jiexinan>少主见，随波逐流，早年辛劳，晚年后可享清福，但多好色情。</jiexinan><jiexinu>少主见，随波逐流，早年辛劳，晚年后可享清福，但多好色情。
</jiexinu><miaowang></miaowang><di></di><pingxian></pingxian></xingdi><xingdi id="3#13" name="武曲星+破军星"><jiexinan>一生多忧少乐，无理想，无目标，内心多反复，劳碌奔波，不得安定，无福，有福也不会享受。
</jiexinan><jiexinu>一生多忧少乐，无理想，无目标，内心多反复，劳碌奔波，不得安定，无福，有福也不会享受。
</jiexinu><miaowang></miaowang><di></di><pingxian></pingxian></xingdi><xingdi id="3#6" name="武曲星+天府星"><jiexinan>武曲喜勤劳，天府要安逸，合起来主先劳后逸，身虽劳而心境祥和，能周详计划，中青年能努力求财，中晚年亨福。</jiexinan><jiexinu>武曲喜勤劳，天府要安逸，合起来主先劳后逸，身虽劳而心境祥和，能周详计划，中青年能努力求财，中晚年亨福。</jiexinu><miaowang></miaowang><di></di><pingxian></pingxian></xingdi><xingdi id="3#8" name="武曲星+贪狼星"><jiexinan>好酒色，多感情事，早年辛劳，晚年较有福。</jiexinan><jiexinu>好酒色，多感情事，早年辛劳，晚年较有福。</jiexinu><miaowang></miaowang><di></di><pingxian></pingxian></xingdi><xingdi id="4#9" name="天同星+巨门星"><jiexinan>人际关系好，重视享受，但多家事财务纷争，忧愁事多，快乐的事少，悲欢起伏大，辛劳欠安，口舌是非多，易沉溺于苦恋而生内心痛苦；遇事先不经心，事后即生悔恨；晚年可安享。</jiexinan><jiexinu>人际关系好，重视享受，但多家事财务纷争，忧愁事多，快乐的事少，悲欢起伏大，辛劳欠安，口舌是非多，易沉溺于苦恋而生内心痛苦；遇事先不经心，事后即生悔恨；晚年可安享。</jiexinu><miaowang></miaowang><di></di><pingxian></pingxian></xingdi><xingdi id="4#11" name="天同星+天梁星"><jiexinan>福禄寿全，乐天知命，过着悠闲快乐的生活，缺乏进取心。</jiexinan><jiexinu>福禄寿全，乐天知命，过着悠闲快乐的生活，缺乏进取心。</jiexinu><miaowang></miaowang><di></di><pingxian></pingxian></xingdi><xingdi id="4#7" name="天同星+太阴星"><jiexinan>乐多忧少，安定快乐，有福禄，不富亦能知足常乐。</jiexinan><jiexinu>乐多忧少，安定快乐，有福禄，不富亦能知足常乐。</jiexinu><miaowang></miaowang><di></di><pingxian></pingxian></xingdi><xingdi id="5#6" name="廉贞星+天府星"><jiexinan>禄多于福，财源滚滚而来，个性沉实，常为事业而操劳，外表安乐，内里忙碌，身安心忙，能忙中偷闲，或忙而有乐，易温饱思淫欲，走向歧途。</jiexinan><jiexinu>禄多于福，财源滚滚而来，个性沉实，常为事业而操劳，外表安乐，内里忙碌，身安心忙，能忙中偷闲，或忙而有乐，易温饱思淫欲，走向歧途。</jiexinu><miaowang></miaowang><di></di><pingxian></pingxian></xingdi><xingdi id="5#8" name="廉贞星+贪狼星"><jiexinan>爱好虚荣，物欲和色欲均强烈，福寿不能两全，身心均忙，多辛劳，易为酒色而糊涂。</jiexinan><jiexinu>爱好虚荣，物欲和色欲均强烈，福寿不能两全，身心均忙，多辛劳，易为酒色而糊涂。</jiexinu><miaowang></miaowang><di></di><pingxian></pingxian></xingdi><xingdi id="5#10" name="廉贞星+天相星"><jiexinan>仁慈宽厚，以忙碌为荣，自得其乐，豪华气派，逍遙自在，有寿有福，寿多于福，晚年享福。</jiexinan><jiexinu>仁慈宽厚，以忙碌为荣，自得其乐，豪华气派，逍遙自在，有寿有福，寿多于福，晚年享福。</jiexinu><miaowang></miaowang><di></di><pingxian></pingxian></xingdi><xingdi id="5#12" name="廉贞星+七杀星"><jiexinan>少福少禄，是工作狂的人物，一生奔波劳碌，以辛勤为快乐，终日不闲，不擅思考却又思虑不休；会有消极思想，凡事喜往坏处着想，难得安享。</jiexinan><jiexinu>少福少禄，是工作狂的人物，一生奔波劳碌，以辛勤为快乐，终日不闲，不擅思考却又思虑不休；会有消极思想，凡事喜往坏处着想，难得安享。</jiexinu><miaowang></miaowang><di></di><pingxian></pingxian></xingdi><xingdi id="5#13" name="廉贞星+破军星"><jiexinan>易发脾气，喜管闲事而打抱不平，喜劳碌奔忙，安闲反生厌，一生动荡，劳心劳力。</jiexinan><jiexinu>易发脾气，喜管闲事而打抱不平，喜劳碌奔忙，安闲反生厌，一生动荡，劳心劳力。
</jiexinu><miaowang></miaowang><di></di><pingxian></pingxian></xingdi><xingdi id="14" name="禄存"><jiexinan>能增加福气，衣住方面不会有太大问题，有口福，多喜庆事儿。</jiexinan><jiexinu></jiexinu><miaowang></miaowang><di></di><pingxian></pingxian></xingdi><xingdi id="15" name="天马"><jiexinan>喜欢劳动，有点闲不住，没事找事做，同时也偏好动态的休闲活动。</jiexinan><jiexinu></jiexinu><miaowang></miaowang><di></di><pingxian></pingxian></xingdi><xingdi id="16" name="文曲"><jiexinan>多学多才，但较自私。能自得其乐，喜欢欣赏文学、艺术、音乐，以此放松自己绷紧的思维。</jiexinan><jiexinu></jiexinu><miaowang></miaowang><di></di><pingxian></pingxian></xingdi><xingdi id="17" name="文昌"><jiexinan>多学多才，但较自私。能自得其乐，喜欢欣赏文学、艺术、音乐，以此放松自己绷紧的思维。</jiexinan><jiexinu></jiexinu><miaowang></miaowang><di></di><pingxian></pingxian></xingdi><xingdi id="18" name="左辅"><jiexinan>增福寿和赚钱能力，晚年享福，生活富裕快乐。处事明快，增福寿。</jiexinan><jiexinu></jiexinu><miaowang></miaowang><di></di><pingxian></pingxian></xingdi><xingdi id="19" name="右弼"><jiexinan>增福寿和赚钱能力，晚年享福，生活富裕快乐。处事明快，增福寿。</jiexinan><jiexinu></jiexinu><miaowang></miaowang><di></di><pingxian></pingxian></xingdi><xingdi id="20" name="天魁"><jiexinan>有福分，能遇到贵人相助，减少烦恼。增福寿和赚钱能力，晚年享福，生活富裕快乐。</jiexinan><jiexinu></jiexinu><miaowang></miaowang><di></di><pingxian></pingxian></xingdi><xingdi id="21" name="天钺"><jiexinan>有福分，能遇到贵人相助，减少烦恼。增福寿和赚钱能力，晚年享福，生活富裕快乐。</jiexinan><jiexinu></jiexinu><miaowang></miaowang><di></di><pingxian></pingxian></xingdi><xingdi id="22" name="擎羊"><jiexinan>劳心劳碌，心境较不安宁，事事都要辛劳操心，减福减寿。嗜好低俗，福浅贫困，或因桃花而惹祸，多困扰纠纷。</jiexinan><jiexinu></jiexinu><miaowang></miaowang><di></di><pingxian></pingxian></xingdi><xingdi id="23" name="陀罗"><jiexinan>劳心劳碌，心境较不安宁，事事都要辛劳操心，减福减寿。嗜好低俗，福浅贫困，或因桃花而惹祸，多困扰纠纷。</jiexinan><jiexinu></jiexinu><miaowang></miaowang><di></di><pingxian></pingxian></xingdi><xingdi id="24" name="火星"><jiexinan>使性情容易烦燥不安，头脑发热，遇到问题不能好好地控制自己的情绪，喜投机。</jiexinan><jiexinu></jiexinu><miaowang></miaowang><di></di><pingxian></pingxian></xingdi><xingdi id="25" name="铃星"><jiexinan>使性情容易烦燥不安，头脑发热，遇到问题不能好好地控制自己的情绪，喜投机。</jiexinan><jiexinu></jiexinu><miaowang></miaowang><di></di><pingxian></pingxian></xingdi><xingdi id="26" name="地空"><jiexinan>使福份较浅薄，不快乐，会胡思乱想，孤僻、自寻烦恼，喜宗教哲学。</jiexinan><jiexinu></jiexinu><miaowang></miaowang><di></di><pingxian></pingxian></xingdi><xingdi id="27" name="地劫"><jiexinan>使福份较浅薄，不快乐，会胡思乱想，孤僻、自寻烦恼，喜宗教哲学。</jiexinan><jiexinu></jiexinu><miaowang></miaowang><di></di><pingxian></pingxian></xingdi></root>